physical_index,string,string_led_index,route_distance_mm,grid_x_raw,grid_y_raw,x_mm,y_mm,on_dome_path,note,on_dome_map_grid_x,on_dome_map_grid_y,on_dome_map_nudge_cells,all_map_grid_x,all_map_grid_y,all_map_nudge_cells
0,1,0,0.0,150,253,0.0,-2076.91,True,on_dome_path_labels_24_to_1_start_side_pentagon_end_top_centre,150,253,0,150,253,0
1,1,1,30.04,149,254,-11.28,-2092.92,True,on_dome_path_labels_24_to_1_start_side_pentagon_end_top_centre,149,254,0,149,254,0
2,1,2,60.09,148,255,-22.57,-2108.93,True,on_dome_path_labels_24_to_1_start_side_pentagon_end_top_centre,148,255,0,148,255,0
3,1,3,90.13,148,255,-33.85,-2124.94,True,on_dome_path_labels_24_to_1_start_side_pentagon_end_top_centre,148,254,1,148,254,1
4,1,4,120.17,147,256,-45.14,-2140.95,True,on_dome_path_labels_24_to_1_start_side_pentagon_end_top_centre,147,256,0,147,256,0
5,1,5,150.21,147,257,-56.42,-2156.96,True,on_dome_path_labels_24_to_1_start_side_pentagon_end_top_centre,147,257,0,147,257,0
6,1,6,180.26,146,258,-67.7,-2172.97,True,on_dome_path_labels_24_to_1_start_side_pentagon_end_top_centre,146,258,0,146,258,0
7,1,7,210.3,146,259,-78.99,-2188.98,True,on_dome_path_labels_24_to_1_start_side_pentagon_end_top_centre,146,259,0,146,259,0
8,1,8,240.34,145,259,-90.27,-2204.99,True,on_dome_path_labels_24_to_1_start_side_pentagon_end_top_centre,145,259,0,145,259,0
9,1,9,270.39,144,260,-101.55,-2221.0,True,on_dome_path_labels_24_to_1_start_side_pentagon_end_top_centre,144,260,0,144,260,0
10,1,10,300.43,144,261,-112.84,-2237.01,True,on_dome_path_labels_24_to_1_start_side_pentagon_end_top_centre,144,261,0,144,261,0
11,1,11,330.47,143,262,-124.12,-2253.02,True,on_dome_path_labels_24_to_1_start_side_pentagon_end_top_centre,143,262,0,143,262,0
12,1,12,360.52,143,263,-135.41,-2269.03,True,on_dome_path_labels_24_to_1_start_side_pentagon_end_top_centre,143,263,0,143,263,0
13,1,13,390.56,142,263,-146.69,-2285.04,True,on_dome_path_labels_24_to_1_start_side_pentagon_end_top_centre,142,263,0,142,263,0
14,1,14,420.6,142,264,-157.97,-2301.05,True,on_dome_path_labels_24_to_1_start_side_pentagon_end_top_centre,142,264,0,142,264,0
15,1,15,450.64,141,265,-169.26,-2317.06,True,on_dome_path_labels_24_to_1_start_side_pentagon_end_top_centre,141,265,0,141,265,0
16,1,16,480.69,141,266,-180.54,-2333.07,True,on_dome_path_labels_24_to_1_start_side_pentagon_end_top_centre,141,266,0,141,266,0
17,1,17,510.73,140,267,-191.83,-2349.08,True,on_dome_path_labels_24_to_1_start_side_pentagon_end_top_centre,140,267,0,140,267,0
18,1,18,540.77,139,267,-203.11,-2365.09,True,on_dome_path_labels_24_to_1_start_side_pentagon_end_top_centre,139,267,0,139,267,0
19,1,19,570.82,139,268,-214.39,-2381.1,True,on_dome_path_labels_24_to_1_start_side_pentagon_end_top_centre,139,268,0,139,268,0
20,1,20,600.86,138,269,-225.68,-2397.11,True,on_dome_path_labels_24_to_1_start_side_pentagon_end_top_centre,138,269,0,138,269,0
21,1,21,630.9,138,270,-236.96,-2413.12,True,on_dome_path_labels_24_to_1_start_side_pentagon_end_top_centre,138,270,0,138,270,0
22,1,22,660.94,137,271,-248.25,-2429.13,True,on_dome_path_labels_24_to_1_start_side_pentagon_end_top_centre,137,271,0,137,271,0
23,1,23,690.99,137,271,-259.53,-2445.14,True,on_dome_path_labels_24_to_1_start_side_pentagon_end_top_centre,137,270,1,137,270,1
24,1,24,721.03,136,272,-270.81,-2461.15,True,on_dome_path_labels_24_to_1_start_side_pentagon_end_top_centre,136,272,0,136,272,0
25,1,25,751.07,135,273,-282.1,-2477.16,True,on_dome_path_labels_24_to_1_start_side_pentagon_end_top_centre,135,273,0,135,273,0
26,1,26,781.12,135,274,-293.38,-2493.17,True,on_dome_path_labels_24_to_1_start_side_pentagon_end_top_centre,135,274,0,135,274,0
27,1,27,811.16,134,275,-304.66,-2509.18,True,on_dome_path_labels_24_to_1_start_side_pentagon_end_top_centre,134,275,0,134,275,0
28,1,28,841.2,134,275,-315.95,-2525.19,True,on_dome_path_labels_24_to_1_start_side_pentagon_end_top_centre,134,274,1,134,274,1
29,1,29,871.24,133,276,-327.23,-2541.2,True,on_dome_path_labels_24_to_1_start_side_pentagon_end_top_centre,133,276,0,133,276,0
30,1,30,901.29,133,277,-338.52,-2557.21,True,on_dome_path_labels_24_to_1_start_side_pentagon_end_top_centre,133,277,0,133,277,0
31,1,31,931.33,132,278,-349.8,-2573.22,True,on_dome_path_labels_24_to_1_start_side_pentagon_end_top_centre,132,278,0,132,278,0
32,1,32,961.37,132,279,-361.08,-2589.23,True,on_dome_path_labels_24_to_1_start_side_pentagon_end_top_centre,132,279,0,132,279,0
33,1,33,991.42,131,279,-372.37,-2605.24,True,on_dome_path_labels_24_to_1_start_side_pentagon_end_top_centre,131,279,0,131,279,0
34,1,34,1021.46,130,280,-383.65,-2621.25,True,on_dome_path_labels_24_to_1_start_side_pentagon_end_top_centre,130,280,0,130,280,0
35,1,35,1051.5,130,281,-394.94,-2637.26,True,on_dome_path_labels_24_to_1_start_side_pentagon_end_top_centre,130,281,0,130,281,0
36,1,36,1081.55,129,282,-406.22,-2653.27,True,on_dome_path_labels_24_to_1_start_side_pentagon_end_top_centre,129,282,0,129,282,0
37,1,37,1111.59,129,283,-417.5,-2669.28,True,on_dome_path_labels_24_to_1_start_side_pentagon_end_top_centre,129,283,0,129,283,0
38,1,38,1141.63,128,283,-428.79,-2685.29,True,on_dome_path_labels_24_to_1_start_side_pentagon_end_top_centre,128,283,0,128,283,0
39,1,39,1171.67,129,284,-414.69,-2690.01,True,on_dome_path_labels_24_to_1_start_side_pentagon_end_top_centre,129,284,0,129,284,0
40,1,40,1201.72,130,284,-390.79,-2690.36,True,on_dome_path_labels_24_to_1_start_side_pentagon_end_top_centre,130,284,0,130,284,0
41,1,41,1231.76,131,284,-366.9,-2690.72,True,on_dome_path_labels_24_to_1_start_side_pentagon_end_top_centre,131,284,0,131,284,0
42,1,42,1261.8,132,284,-343.0,-2691.07,True,on_dome_path_labels_24_to_1_start_side_pentagon_end_top_centre,132,284,0,132,284,0
43,1,43,1291.85,134,284,-319.1,-2691.43,True,on_dome_path_labels_24_to_1_start_side_pentagon_end_top_centre,134,284,0,134,284,0
44,1,44,1321.89,135,284,-295.21,-2691.78,True,on_dome_path_labels_24_to_1_start_side_pentagon_end_top_centre,135,284,0,135,284,0
45,1,45,1351.93,136,284,-271.31,-2692.14,True,on_dome_path_labels_24_to_1_start_side_pentagon_end_top_centre,136,284,0,136,284,0
46,1,46,1381.97,137,284,-247.41,-2692.49,True,on_dome_path_labels_24_to_1_start_side_pentagon_end_top_centre,137,284,0,137,284,0
47,1,47,1412.02,138,284,-223.52,-2692.85,True,on_dome_path_labels_24_to_1_start_side_pentagon_end_top_centre,138,284,0,138,284,0
48,1,48,1442.06,140,284,-199.62,-2693.2,True,on_dome_path_labels_24_to_1_start_side_pentagon_end_top_centre,140,284,0,140,284,0
49,1,49,1472.1,141,284,-175.72,-2693.56,True,on_dome_path_labels_24_to_1_start_side_pentagon_end_top_centre,141,284,0,141,284,0
50,1,50,1502.15,142,284,-151.83,-2693.91,True,on_dome_path_labels_24_to_1_start_side_pentagon_end_top_centre,142,284,0,142,284,0
51,1,51,1532.19,143,284,-127.93,-2694.27,True,on_dome_path_labels_24_to_1_start_side_pentagon_end_top_centre,143,284,0,143,284,0
52,1,52,1562.23,144,284,-104.03,-2694.62,True,on_dome_path_labels_24_to_1_start_side_pentagon_end_top_centre,144,284,0,144,284,0
53,1,53,1592.27,146,284,-80.14,-2694.98,True,on_dome_path_labels_24_to_1_start_side_pentagon_end_top_centre,146,284,0,146,284,0
54,1,54,1622.32,147,284,-56.24,-2695.33,True,on_dome_path_labels_24_to_1_start_side_pentagon_end_top_centre,147,284,0,147,284,0
55,1,55,1652.36,148,284,-32.34,-2695.69,True,on_dome_path_labels_24_to_1_start_side_pentagon_end_top_centre,148,284,0,148,284,0
56,1,56,1682.4,149,284,-8.45,-2696.04,True,on_dome_path_labels_24_to_1_start_side_pentagon_end_top_centre,149,284,0,149,284,0
57,1,57,1712.45,150,284,15.45,-2696.4,True,on_dome_path_labels_24_to_1_start_side_pentagon_end_top_centre,150,284,0,150,284,0
58,1,58,1742.49,151,284,39.35,-2696.75,True,on_dome_path_labels_24_to_1_start_side_pentagon_end_top_centre,151,284,0,151,284,0
59,1,59,1772.53,153,284,63.24,-2697.11,True,on_dome_path_labels_24_to_1_start_side_pentagon_end_top_centre,153,284,0,153,284,0
60,1,60,1802.58,154,284,87.14,-2697.46,True,on_dome_path_labels_24_to_1_start_side_pentagon_end_top_centre,154,284,0,154,284,0
61,1,61,1832.62,155,284,111.04,-2697.82,True,on_dome_path_labels_24_to_1_start_side_pentagon_end_top_centre,155,284,0,155,284,0
62,1,62,1862.66,156,284,134.93,-2698.17,True,on_dome_path_labels_24_to_1_start_side_pentagon_end_top_centre,156,284,0,156,284,0
63,1,63,1892.7,157,284,158.83,-2698.53,True,on_dome_path_labels_24_to_1_start_side_pentagon_end_top_centre,157,284,0,157,284,0
64,1,64,1922.75,159,284,182.73,-2698.88,True,on_dome_path_labels_24_to_1_start_side_pentagon_end_top_centre,159,284,0,159,284,0
65,1,65,1952.79,160,284,206.62,-2699.24,True,on_dome_path_labels_24_to_1_start_side_pentagon_end_top_centre,160,284,0,160,284,0
66,1,66,1982.83,161,284,230.52,-2699.59,True,on_dome_path_labels_24_to_1_start_side_pentagon_end_top_centre,161,284,0,161,284,0
67,1,67,2012.88,162,284,254.42,-2699.95,True,on_dome_path_labels_24_to_1_start_side_pentagon_end_top_centre,162,284,0,162,284,0
68,1,68,2042.92,163,284,278.32,-2700.3,True,on_dome_path_labels_24_to_1_start_side_pentagon_end_top_centre,163,284,0,163,284,0
69,1,69,2072.96,165,284,302.21,-2700.66,True,on_dome_path_labels_24_to_1_start_side_pentagon_end_top_centre,165,284,0,165,284,0
70,1,70,2103.0,166,284,326.11,-2701.01,True,on_dome_path_labels_24_to_1_start_side_pentagon_end_top_centre,166,284,0,166,284,0
71,1,71,2133.05,167,284,350.01,-2701.37,True,on_dome_path_labels_24_to_1_start_side_pentagon_end_top_centre,167,284,0,167,284,0
72,1,72,2163.09,168,284,373.9,-2701.72,True,on_dome_path_labels_24_to_1_start_side_pentagon_end_top_centre,168,284,0,168,284,0
73,1,73,2193.13,169,284,397.8,-2702.08,True,on_dome_path_labels_24_to_1_start_side_pentagon_end_top_centre,169,284,0,169,284,0
74,1,74,2223.18,171,284,421.7,-2702.43,True,on_dome_path_labels_24_to_1_start_side_pentagon_end_top_centre,171,284,0,171,284,0
75,1,75,2253.22,172,284,445.59,-2702.79,True,on_dome_path_labels_24_to_1_start_side_pentagon_end_top_centre,172,284,0,172,284,0
76,1,76,2283.26,173,284,469.49,-2703.14,True,on_dome_path_labels_24_to_1_start_side_pentagon_end_top_centre,173,284,0,173,284,0
77,1,77,2313.3,174,284,493.07,-2700.63,True,on_dome_path_labels_24_to_1_start_side_pentagon_end_top_centre,174,284,0,174,284,0
78,1,78,2343.35,175,284,516.26,-2694.52,True,on_dome_path_labels_24_to_1_start_side_pentagon_end_top_centre,175,284,0,175,284,0
79,1,79,2373.39,176,283,539.45,-2688.41,True,on_dome_path_labels_24_to_1_start_side_pentagon_end_top_centre,176,283,0,176,283,0
80,1,80,2403.43,178,283,562.63,-2682.31,True,on_dome_path_labels_24_to_1_start_side_pentagon_end_top_centre,178,283,0,178,283,0
81,1,81,2433.48,179,283,585.82,-2676.2,True,on_dome_path_labels_24_to_1_start_side_pentagon_end_top_centre,179,283,0,179,283,0
82,1,82,2463.52,180,283,609.01,-2670.09,True,on_dome_path_labels_24_to_1_start_side_pentagon_end_top_centre,180,283,0,180,283,0
83,1,83,2493.56,181,282,632.19,-2663.98,True,on_dome_path_labels_24_to_1_start_side_pentagon_end_top_centre,181,282,0,181,282,0
84,1,84,2523.61,182,282,655.38,-2657.87,True,on_dome_path_labels_24_to_1_start_side_pentagon_end_top_centre,182,282,0,182,282,0
85,1,85,2553.65,183,282,678.57,-2651.76,True,on_dome_path_labels_24_to_1_start_side_pentagon_end_top_centre,183,282,0,183,282,0
86,1,86,2583.69,184,281,701.75,-2645.65,True,on_dome_path_labels_24_to_1_start_side_pentagon_end_top_centre,184,281,0,184,281,0
87,1,87,2613.73,186,281,724.94,-2639.54,True,on_dome_path_labels_24_to_1_start_side_pentagon_end_top_centre,186,281,0,186,281,0
88,1,88,2643.78,187,281,748.13,-2633.43,True,on_dome_path_labels_24_to_1_start_side_pentagon_end_top_centre,187,281,0,187,281,0
89,1,89,2673.82,188,280,771.31,-2627.32,True,on_dome_path_labels_24_to_1_start_side_pentagon_end_top_centre,188,280,0,188,280,0
90,1,90,2703.86,189,280,794.5,-2621.21,True,on_dome_path_labels_24_to_1_start_side_pentagon_end_top_centre,189,280,0,189,280,0
91,1,91,2733.91,190,280,817.69,-2615.1,True,on_dome_path_labels_24_to_1_start_side_pentagon_end_top_centre,190,280,0,190,280,0
92,1,92,2763.95,191,280,840.87,-2608.99,True,on_dome_path_labels_24_to_1_start_side_pentagon_end_top_centre,191,280,0,191,280,0
93,1,93,2793.99,193,279,864.06,-2602.88,True,on_dome_path_labels_24_to_1_start_side_pentagon_end_top_centre,193,279,0,193,279,0
94,1,94,2824.03,194,279,887.25,-2596.77,True,on_dome_path_labels_24_to_1_start_side_pentagon_end_top_centre,194,279,0,194,279,0
95,1,95,2854.08,195,279,910.43,-2590.66,True,on_dome_path_labels_24_to_1_start_side_pentagon_end_top_centre,195,279,0,195,279,0
96,1,96,2884.12,196,278,933.62,-2584.56,True,on_dome_path_labels_24_to_1_start_side_pentagon_end_top_centre,196,278,0,196,278,0
97,1,97,2914.16,197,278,956.81,-2578.45,True,on_dome_path_labels_24_to_1_start_side_pentagon_end_top_centre,197,278,0,197,278,0
98,1,98,2944.21,198,278,979.99,-2572.34,True,on_dome_path_labels_24_to_1_start_side_pentagon_end_top_centre,198,278,0,198,278,0
99,1,99,2974.25,199,277,1003.18,-2566.23,True,on_dome_path_labels_24_to_1_start_side_pentagon_end_top_centre,199,277,0,199,277,0
100,1,100,3004.29,201,277,1026.37,-2560.12,True,on_dome_path_labels_24_to_1_start_side_pentagon_end_top_centre,201,277,0,201,277,0
101,1,101,3034.33,202,277,1049.55,-2554.01,True,on_dome_path_labels_24_to_1_start_side_pentagon_end_top_centre,202,277,0,202,277,0
102,1,102,3064.38,203,276,1072.74,-2547.9,True,on_dome_path_labels_24_to_1_start_side_pentagon_end_top_centre,203,276,0,203,276,0
103,1,103,3094.42,204,276,1095.93,-2541.79,True,on_dome_path_labels_24_to_1_start_side_pentagon_end_top_centre,204,276,0,204,276,0
104,1,104,3124.46,205,276,1119.11,-2535.68,True,on_dome_path_labels_24_to_1_start_side_pentagon_end_top_centre,205,276,0,205,276,0
105,1,105,3154.51,206,276,1142.3,-2529.57,True,on_dome_path_labels_24_to_1_start_side_pentagon_end_top_centre,206,276,0,206,276,0
106,1,106,3184.55,208,275,1165.49,-2523.46,True,on_dome_path_labels_24_to_1_start_side_pentagon_end_top_centre,208,275,0,208,275,0
107,1,107,3214.59,209,275,1188.67,-2517.35,True,on_dome_path_labels_24_to_1_start_side_pentagon_end_top_centre,209,275,0,209,275,0
108,1,108,3244.64,210,275,1211.86,-2511.24,True,on_dome_path_labels_24_to_1_start_side_pentagon_end_top_centre,210,275,0,210,275,0
109,1,109,3274.68,211,274,1235.05,-2505.13,True,on_dome_path_labels_24_to_1_start_side_pentagon_end_top_centre,211,274,0,211,274,0
110,1,110,3304.72,212,274,1258.24,-2499.02,True,on_dome_path_labels_24_to_1_start_side_pentagon_end_top_centre,212,274,0,212,274,0
111,1,111,3334.76,213,274,1281.42,-2492.92,True,on_dome_path_labels_24_to_1_start_side_pentagon_end_top_centre,213,274,0,213,274,0
112,1,112,3364.81,215,273,1304.61,-2486.81,True,on_dome_path_labels_24_to_1_start_side_pentagon_end_top_centre,215,273,0,215,273,0
113,1,113,3394.85,216,273,1327.8,-2480.7,True,on_dome_path_labels_24_to_1_start_side_pentagon_end_top_centre,216,273,0,216,273,0
114,1,114,3424.89,217,273,1350.98,-2474.59,True,on_dome_path_labels_24_to_1_start_side_pentagon_end_top_centre,217,273,0,217,273,0
115,1,115,3454.94,218,273,1373.07,-2468.47,True,on_dome_path_labels_24_to_1_start_side_pentagon_end_top_centre,218,273,0,218,273,0
116,1,116,3484.98,219,272,1389.59,-2462.34,True,on_dome_path_labels_24_to_1_start_side_pentagon_end_top_centre,219,272,0,219,272,0
117,1,117,3515.02,220,272,1406.11,-2456.2,True,on_dome_path_labels_24_to_1_start_side_pentagon_end_top_centre,220,272,0,220,272,0
118,1,118,3545.06,220,272,1422.63,-2450.07,True,on_dome_path_labels_24_to_1_start_side_pentagon_end_top_centre,220,271,1,220,271,1
119,1,119,3575.11,221,271,1439.15,-2443.93,True,on_dome_path_labels_24_to_1_start_side_pentagon_end_top_centre,221,271,0,221,271,0
120,1,120,3605.15,222,271,1455.67,-2437.8,True,on_dome_path_labels_24_to_1_start_side_pentagon_end_top_centre,222,271,0,222,271,0
121,1,121,3635.19,223,271,1472.19,-2431.66,True,on_dome_path_labels_24_to_1_start_side_pentagon_end_top_centre,223,271,0,223,271,0
122,1,122,3665.24,224,270,1488.71,-2425.53,True,on_dome_path_labels_24_to_1_start_side_pentagon_end_top_centre,224,270,0,224,270,0
123,1,123,3695.28,225,270,1505.23,-2419.39,True,on_dome_path_labels_24_to_1_start_side_pentagon_end_top_centre,225,270,0,225,270,0
124,1,124,3725.32,225,270,1521.75,-2413.26,True,on_dome_path_labels_24_to_1_start_side_pentagon_end_top_centre,225,269,1,225,269,1
125,1,125,3755.36,226,269,1538.27,-2407.12,True,on_dome_path_labels_24_to_1_start_side_pentagon_end_top_centre,226,269,0,226,269,0
126,1,126,3785.41,227,269,1554.79,-2400.99,True,on_dome_path_labels_24_to_1_start_side_pentagon_end_top_centre,227,269,0,227,269,0
127,1,127,3815.45,228,269,1571.31,-2394.85,True,on_dome_path_labels_24_to_1_start_side_pentagon_end_top_centre,228,269,0,228,269,0
128,1,128,3845.49,229,269,1587.83,-2388.71,True,on_dome_path_labels_24_to_1_start_side_pentagon_end_top_centre,229,269,0,229,269,0
129,1,129,3875.54,229,268,1604.35,-2382.58,True,on_dome_path_labels_24_to_1_start_side_pentagon_end_top_centre,229,268,0,229,268,0
130,1,130,3905.58,230,268,1620.87,-2376.44,True,on_dome_path_labels_24_to_1_start_side_pentagon_end_top_centre,230,268,0,230,268,0
131,1,131,3935.62,231,268,1637.39,-2370.31,True,on_dome_path_labels_24_to_1_start_side_pentagon_end_top_centre,231,268,0,231,268,0
132,1,132,3965.67,232,267,1653.91,-2364.17,True,on_dome_path_labels_24_to_1_start_side_pentagon_end_top_centre,232,267,0,232,267,0
133,1,133,3995.71,233,267,1670.43,-2358.04,True,on_dome_path_labels_24_to_1_start_side_pentagon_end_top_centre,233,267,0,233,267,0
134,1,134,4025.75,234,267,1686.95,-2351.9,True,on_dome_path_labels_24_to_1_start_side_pentagon_end_top_centre,234,267,0,234,267,0
135,1,135,4055.79,234,266,1703.47,-2345.77,True,on_dome_path_labels_24_to_1_start_side_pentagon_end_top_centre,234,266,0,234,266,0
136,1,136,4085.84,235,266,1719.99,-2339.63,True,on_dome_path_labels_24_to_1_start_side_pentagon_end_top_centre,235,266,0,235,266,0
137,1,137,4115.88,236,266,1736.51,-2333.5,True,on_dome_path_labels_24_to_1_start_side_pentagon_end_top_centre,236,266,0,236,266,0
138,1,138,4145.92,237,265,1753.03,-2327.36,True,on_dome_path_labels_24_to_1_start_side_pentagon_end_top_centre,237,265,0,237,265,0
139,1,139,4175.97,238,265,1769.55,-2321.23,True,on_dome_path_labels_24_to_1_start_side_pentagon_end_top_centre,238,265,0,238,265,0
140,1,140,4206.01,239,265,1786.07,-2315.09,True,on_dome_path_labels_24_to_1_start_side_pentagon_end_top_centre,239,265,0,239,265,0
141,1,141,4236.05,239,265,1802.58,-2308.96,True,on_dome_path_labels_24_to_1_start_side_pentagon_end_top_centre,239,264,1,239,264,1
142,1,142,4266.09,240,264,1819.1,-2302.82,True,on_dome_path_labels_24_to_1_start_side_pentagon_end_top_centre,240,264,0,240,264,0
143,1,143,4296.14,241,264,1835.62,-2296.69,True,on_dome_path_labels_24_to_1_start_side_pentagon_end_top_centre,241,264,0,241,264,0
144,1,144,4326.18,242,264,1852.14,-2290.55,True,on_dome_path_labels_24_to_1_start_side_pentagon_end_top_centre,242,264,0,242,264,0
145,1,145,4356.22,243,263,1868.66,-2284.42,True,on_dome_path_labels_24_to_1_start_side_pentagon_end_top_centre,243,263,0,243,263,0
146,1,146,4386.27,243,263,1885.18,-2278.28,True,on_dome_path_labels_24_to_1_start_side_pentagon_end_top_centre,243,262,1,243,262,1
147,1,147,4416.31,244,263,1901.7,-2272.15,True,on_dome_path_labels_24_to_1_start_side_pentagon_end_top_centre,244,263,0,244,263,0
148,1,148,4446.35,245,262,1918.22,-2266.01,True,on_dome_path_labels_24_to_1_start_side_pentagon_end_top_centre,245,262,0,245,262,0
149,1,149,4476.39,246,262,1934.74,-2259.87,True,on_dome_path_labels_24_to_1_start_side_pentagon_end_top_centre,246,262,0,246,262,0
150,1,150,4506.44,247,262,1951.26,-2253.74,True,on_dome_path_labels_24_to_1_start_side_pentagon_end_top_centre,247,262,0,247,262,0
151,1,151,4536.48,248,262,1967.78,-2247.6,True,on_dome_path_labels_24_to_1_start_side_pentagon_end_top_centre,248,262,0,248,262,0
152,1,152,4566.52,248,261,1984.3,-2241.47,True,on_dome_path_labels_24_to_1_start_side_pentagon_end_top_centre,248,261,0,248,261,0
153,1,153,4596.57,249,261,2000.82,-2235.33,True,on_dome_path_labels_24_to_1_start_side_pentagon_end_top_centre,249,261,0,249,261,0
154,1,154,4626.61,249,260,1991.51,-2219.15,True,on_dome_path_labels_24_to_1_start_side_pentagon_end_top_centre,249,260,0,249,260,0
155,1,155,4656.65,248,259,1978.87,-2201.68,True,on_dome_path_labels_24_to_1_start_side_pentagon_end_top_centre,248,259,0,248,259,0
156,1,156,4686.7,247,258,1966.24,-2184.2,True,on_dome_path_labels_24_to_1_start_side_pentagon_end_top_centre,247,258,0,247,258,0
157,1,157,4716.74,247,257,1953.6,-2166.73,True,on_dome_path_labels_24_to_1_start_side_pentagon_end_top_centre,247,257,0,247,257,0
158,1,158,4746.78,246,257,1940.96,-2149.25,True,on_dome_path_labels_24_to_1_start_side_pentagon_end_top_centre,246,257,0,246,257,0
159,1,159,4776.82,246,256,1928.32,-2131.78,True,on_dome_path_labels_24_to_1_start_side_pentagon_end_top_centre,246,256,0,246,256,0
160,1,160,4806.87,245,255,1915.68,-2114.3,True,on_dome_path_labels_24_to_1_start_side_pentagon_end_top_centre,245,255,0,245,255,0
161,1,161,4836.91,244,254,1903.04,-2096.83,True,on_dome_path_labels_24_to_1_start_side_pentagon_end_top_centre,244,254,0,244,254,0
162,1,162,4866.95,244,253,1890.4,-2079.35,True,on_dome_path_labels_24_to_1_start_side_pentagon_end_top_centre,244,253,0,244,253,0
163,1,163,4897.0,243,252,1877.76,-2061.88,True,on_dome_path_labels_24_to_1_start_side_pentagon_end_top_centre,243,252,0,243,252,0
164,1,164,4927.04,242,251,1865.12,-2044.4,True,on_dome_path_labels_24_to_1_start_side_pentagon_end_top_centre,242,251,0,242,251,0
165,1,165,4957.08,242,251,1852.48,-2026.93,True,on_dome_path_labels_24_to_1_start_side_pentagon_end_top_centre,242,250,1,242,250,1
166,1,166,4987.12,241,250,1839.84,-2009.45,True,on_dome_path_labels_24_to_1_start_side_pentagon_end_top_centre,241,250,0,241,250,0
167,1,167,5017.17,241,249,1827.2,-1991.97,True,on_dome_path_labels_24_to_1_start_side_pentagon_end_top_centre,241,249,0,241,249,0
168,1,168,5047.21,240,248,1814.56,-1974.5,True,on_dome_path_labels_24_to_1_start_side_pentagon_end_top_centre,240,248,0,240,248,0
169,1,169,5077.25,239,247,1801.92,-1957.02,True,on_dome_path_labels_24_to_1_start_side_pentagon_end_top_centre,239,247,0,239,247,0
170,1,170,5107.3,239,246,1789.28,-1939.55,True,on_dome_path_labels_24_to_1_start_side_pentagon_end_top_centre,239,246,0,239,246,0
171,1,171,5137.34,238,245,1776.64,-1922.07,True,on_dome_path_labels_24_to_1_start_side_pentagon_end_top_centre,238,245,0,238,245,0
172,1,172,5167.38,237,244,1764.0,-1904.6,True,on_dome_path_labels_24_to_1_start_side_pentagon_end_top_centre,237,244,0,237,244,0
173,1,173,5197.42,237,244,1751.37,-1887.12,True,on_dome_path_labels_24_to_1_start_side_pentagon_end_top_centre,237,243,1,237,243,1
174,1,174,5227.47,236,243,1738.73,-1869.65,True,on_dome_path_labels_24_to_1_start_side_pentagon_end_top_centre,236,243,0,236,243,0
175,1,175,5257.51,236,242,1726.09,-1852.17,True,on_dome_path_labels_24_to_1_start_side_pentagon_end_top_centre,236,242,0,236,242,0
176,1,176,5287.55,235,241,1713.45,-1834.7,True,on_dome_path_labels_24_to_1_start_side_pentagon_end_top_centre,235,241,0,235,241,0
177,1,177,5317.6,234,240,1700.81,-1817.22,True,on_dome_path_labels_24_to_1_start_side_pentagon_end_top_centre,234,240,0,234,240,0
178,1,178,5347.64,234,239,1688.17,-1799.75,True,on_dome_path_labels_24_to_1_start_side_pentagon_end_top_centre,234,239,0,234,239,0
179,1,179,5377.68,233,238,1675.53,-1782.27,True,on_dome_path_labels_24_to_1_start_side_pentagon_end_top_centre,233,238,0,233,238,0
180,1,180,5407.73,232,237,1662.89,-1764.79,True,on_dome_path_labels_24_to_1_start_side_pentagon_end_top_centre,232,237,0,232,237,0
181,1,181,5437.77,232,237,1650.25,-1747.32,True,on_dome_path_labels_24_to_1_start_side_pentagon_end_top_centre,232,236,1,232,236,1
182,1,182,5467.81,231,236,1637.61,-1729.84,True,on_dome_path_labels_24_to_1_start_side_pentagon_end_top_centre,231,236,0,231,236,0
183,1,183,5497.85,230,235,1624.97,-1712.37,True,on_dome_path_labels_24_to_1_start_side_pentagon_end_top_centre,230,235,0,230,235,0
184,1,184,5527.9,230,234,1612.33,-1694.89,True,on_dome_path_labels_24_to_1_start_side_pentagon_end_top_centre,230,234,0,230,234,0
185,1,185,5557.94,229,233,1599.69,-1677.42,True,on_dome_path_labels_24_to_1_start_side_pentagon_end_top_centre,229,233,0,229,233,0
186,1,186,5587.98,229,232,1587.05,-1659.94,True,on_dome_path_labels_24_to_1_start_side_pentagon_end_top_centre,229,232,0,229,232,0
187,1,187,5618.03,228,231,1574.41,-1642.47,True,on_dome_path_labels_24_to_1_start_side_pentagon_end_top_centre,228,231,0,228,231,0
188,1,188,5648.07,227,230,1561.77,-1624.99,True,on_dome_path_labels_24_to_1_start_side_pentagon_end_top_centre,227,230,0,227,230,0
189,1,189,5678.11,227,230,1549.13,-1607.52,True,on_dome_path_labels_24_to_1_start_side_pentagon_end_top_centre,227,229,1,227,229,1
190,1,190,5708.15,226,229,1536.5,-1590.04,True,on_dome_path_labels_24_to_1_start_side_pentagon_end_top_centre,226,229,0,226,229,0
191,1,191,5738.2,225,228,1523.86,-1572.57,True,on_dome_path_labels_24_to_1_start_side_pentagon_end_top_centre,225,228,0,225,228,0
192,1,192,5768.24,225,228,1516.64,-1579.81,True,on_dome_path_labels_24_to_1_start_side_pentagon_end_top_centre,225,227,1,225,227,1
193,1,193,5798.28,225,229,1512.94,-1603.04,True,on_dome_path_labels_24_to_1_start_side_pentagon_end_top_centre,225,229,0,225,229,0
194,1,194,5828.33,225,231,1509.23,-1626.28,True,on_dome_path_labels_24_to_1_start_side_pentagon_end_top_centre,225,231,0,225,231,0
195,1,195,5858.37,225,232,1505.53,-1649.52,True,on_dome_path_labels_24_to_1_start_side_pentagon_end_top_centre,225,232,0,225,232,0
196,1,196,5888.41,224,233,1501.83,-1672.75,True,on_dome_path_labels_24_to_1_start_side_pentagon_end_top_centre,224,233,0,224,233,0
197,1,197,5918.45,224,234,1498.12,-1695.99,True,on_dome_path_labels_24_to_1_start_side_pentagon_end_top_centre,224,234,0,224,234,0
198,1,198,5948.5,224,235,1494.42,-1719.22,True,on_dome_path_labels_24_to_1_start_side_pentagon_end_top_centre,224,235,0,224,235,0
199,1,199,5978.54,224,236,1490.71,-1742.46,True,on_dome_path_labels_24_to_1_start_side_pentagon_end_top_centre,224,236,0,224,236,0
200,1,200,6008.58,224,237,1487.01,-1765.7,True,on_dome_path_labels_24_to_1_start_side_pentagon_end_top_centre,224,237,0,224,237,0
201,1,201,6038.63,223,239,1483.31,-1788.93,True,on_dome_path_labels_24_to_1_start_side_pentagon_end_top_centre,223,239,0,223,239,0
202,1,202,6068.67,223,240,1479.6,-1812.17,True,on_dome_path_labels_24_to_1_start_side_pentagon_end_top_centre,223,240,0,223,240,0
203,1,203,6098.71,223,241,1475.9,-1835.4,True,on_dome_path_labels_24_to_1_start_side_pentagon_end_top_centre,223,241,0,223,241,0
204,1,204,6128.76,223,242,1472.19,-1858.64,True,on_dome_path_labels_24_to_1_start_side_pentagon_end_top_centre,223,242,0,223,242,0
205,1,205,6158.8,223,243,1468.49,-1881.88,True,on_dome_path_labels_24_to_1_start_side_pentagon_end_top_centre,223,243,0,223,243,0
206,1,206,6188.84,222,244,1464.79,-1905.11,True,on_dome_path_labels_24_to_1_start_side_pentagon_end_top_centre,222,244,0,222,244,0
207,1,207,6218.88,222,246,1461.08,-1928.35,True,on_dome_path_labels_24_to_1_start_side_pentagon_end_top_centre,222,246,0,222,246,0
208,1,208,6248.93,222,247,1457.38,-1951.58,True,on_dome_path_labels_24_to_1_start_side_pentagon_end_top_centre,222,247,0,222,247,0
209,1,209,6278.97,222,248,1453.67,-1974.82,True,on_dome_path_labels_24_to_1_start_side_pentagon_end_top_centre,222,248,0,222,248,0
210,1,210,6309.01,222,249,1449.97,-1998.06,True,on_dome_path_labels_24_to_1_start_side_pentagon_end_top_centre,222,249,0,222,249,0
211,1,211,6339.06,222,250,1446.27,-2021.29,True,on_dome_path_labels_24_to_1_start_side_pentagon_end_top_centre,222,250,0,222,250,0
212,1,212,6369.1,221,251,1442.56,-2044.53,True,on_dome_path_labels_24_to_1_start_side_pentagon_end_top_centre,221,251,0,221,251,0
213,1,213,6399.14,221,253,1438.86,-2067.77,True,on_dome_path_labels_24_to_1_start_side_pentagon_end_top_centre,221,253,0,221,253,0
214,1,214,6429.18,221,254,1435.15,-2091.0,True,on_dome_path_labels_24_to_1_start_side_pentagon_end_top_centre,221,254,0,221,254,0
215,1,215,6459.23,221,255,1431.45,-2114.24,True,on_dome_path_labels_24_to_1_start_side_pentagon_end_top_centre,221,255,0,221,255,0
216,1,216,6489.27,221,256,1427.74,-2137.47,True,on_dome_path_labels_24_to_1_start_side_pentagon_end_top_centre,221,256,0,221,256,0
217,1,217,6519.31,220,257,1424.04,-2160.71,True,on_dome_path_labels_24_to_1_start_side_pentagon_end_top_centre,220,257,0,220,257,0
218,1,218,6549.36,220,258,1420.34,-2183.95,True,on_dome_path_labels_24_to_1_start_side_pentagon_end_top_centre,220,258,0,220,258,0
219,1,219,6579.4,220,259,1416.63,-2207.18,True,on_dome_path_labels_24_to_1_start_side_pentagon_end_top_centre,220,259,0,220,259,0
220,1,220,6609.44,220,261,1412.93,-2230.42,True,on_dome_path_labels_24_to_1_start_side_pentagon_end_top_centre,220,261,0,220,261,0
221,1,221,6639.48,220,262,1409.22,-2253.65,True,on_dome_path_labels_24_to_1_start_side_pentagon_end_top_centre,220,262,0,220,262,0
222,1,222,6669.53,220,263,1405.52,-2276.89,True,on_dome_path_labels_24_to_1_start_side_pentagon_end_top_centre,220,263,0,220,263,0
223,1,223,6699.57,219,264,1401.82,-2300.13,True,on_dome_path_labels_24_to_1_start_side_pentagon_end_top_centre,219,264,0,219,264,0
224,1,224,6729.61,219,265,1398.11,-2323.36,True,on_dome_path_labels_24_to_1_start_side_pentagon_end_top_centre,219,265,0,219,265,0
225,1,225,6759.66,219,266,1394.41,-2346.6,True,on_dome_path_labels_24_to_1_start_side_pentagon_end_top_centre,219,266,0,219,266,0
226,1,226,6789.7,219,268,1390.7,-2369.83,True,on_dome_path_labels_24_to_1_start_side_pentagon_end_top_centre,219,268,0,219,268,0
227,1,227,6819.74,219,269,1387.0,-2393.07,True,on_dome_path_labels_24_to_1_start_side_pentagon_end_top_centre,219,269,0,219,269,0
228,1,228,6849.79,218,270,1383.3,-2416.31,True,on_dome_path_labels_24_to_1_start_side_pentagon_end_top_centre,218,270,0,218,270,0
229,1,229,6879.83,218,271,1379.59,-2439.54,True,on_dome_path_labels_24_to_1_start_side_pentagon_end_top_centre,218,271,0,218,271,0
230,1,230,6909.87,218,272,1371.93,-2449.73,True,on_dome_path_labels_24_to_1_start_side_pentagon_end_top_centre,218,272,0,218,272,0
231,1,231,6939.91,217,271,1356.16,-2433.26,True,on_dome_path_labels_24_to_1_start_side_pentagon_end_top_centre,217,271,0,217,271,0
232,1,232,6969.96,216,270,1340.4,-2416.78,True,on_dome_path_labels_24_to_1_start_side_pentagon_end_top_centre,216,270,0,216,270,0
233,1,233,7000.0,216,269,1324.64,-2400.31,True,on_dome_path_labels_24_to_1_start_side_pentagon_end_top_centre,216,269,0,216,269,0
234,1,234,7030.04,215,268,1308.87,-2383.83,True,on_dome_path_labels_24_to_1_start_side_pentagon_end_top_centre,215,268,0,215,268,0
235,1,235,7060.09,214,267,1293.11,-2367.36,True,on_dome_path_labels_24_to_1_start_side_pentagon_end_top_centre,214,267,0,214,267,0
236,1,236,7090.13,213,267,1277.34,-2350.88,True,on_dome_path_labels_24_to_1_start_side_pentagon_end_top_centre,213,267,0,213,267,0
237,1,237,7120.17,212,266,1261.58,-2334.41,True,on_dome_path_labels_24_to_1_start_side_pentagon_end_top_centre,212,266,0,212,266,0
238,1,238,7150.21,212,265,1245.82,-2317.93,True,on_dome_path_labels_24_to_1_start_side_pentagon_end_top_centre,212,265,0,212,265,0
239,1,239,7180.26,211,264,1230.05,-2301.46,True,on_dome_path_labels_24_to_1_start_side_pentagon_end_top_centre,211,264,0,211,264,0
240,1,240,7210.3,210,263,1214.29,-2284.98,True,on_dome_path_labels_24_to_1_start_side_pentagon_end_top_centre,210,263,0,210,263,0
241,1,241,7240.34,209,263,1198.53,-2268.51,True,on_dome_path_labels_24_to_1_start_side_pentagon_end_top_centre,209,263,0,209,263,0
242,1,242,7270.39,208,262,1182.76,-2252.03,True,on_dome_path_labels_24_to_1_start_side_pentagon_end_top_centre,208,262,0,208,262,0
243,1,243,7300.43,208,261,1167.0,-2235.56,True,on_dome_path_labels_24_to_1_start_side_pentagon_end_top_centre,208,261,0,208,261,0
244,1,244,7330.47,207,260,1151.24,-2219.08,True,on_dome_path_labels_24_to_1_start_side_pentagon_end_top_centre,207,260,0,207,260,0
245,1,245,7360.52,206,259,1135.47,-2202.61,True,on_dome_path_labels_24_to_1_start_side_pentagon_end_top_centre,206,259,0,206,259,0
246,1,246,7390.56,205,258,1119.71,-2186.13,True,on_dome_path_labels_24_to_1_start_side_pentagon_end_top_centre,205,258,0,205,258,0
247,1,247,7420.6,205,258,1103.95,-2169.66,True,on_dome_path_labels_24_to_1_start_side_pentagon_end_top_centre,205,257,1,205,257,1
248,1,248,7450.64,204,257,1088.18,-2153.18,True,on_dome_path_labels_24_to_1_start_side_pentagon_end_top_centre,204,257,0,204,257,0
249,1,249,7480.69,203,256,1072.42,-2136.71,True,on_dome_path_labels_24_to_1_start_side_pentagon_end_top_centre,203,256,0,203,256,0
250,1,250,7510.73,202,255,1056.65,-2120.23,True,on_dome_path_labels_24_to_1_start_side_pentagon_end_top_centre,202,255,0,202,255,0
251,1,251,7540.77,201,254,1040.89,-2103.76,True,on_dome_path_labels_24_to_1_start_side_pentagon_end_top_centre,201,254,0,201,254,0
252,1,252,7570.82,201,254,1025.13,-2087.28,True,on_dome_path_labels_24_to_1_start_side_pentagon_end_top_centre,201,253,1,201,253,1
253,1,253,7600.86,200,253,1009.36,-2070.81,True,on_dome_path_labels_24_to_1_start_side_pentagon_end_top_centre,200,253,0,200,253,0
254,1,254,7630.9,199,252,993.6,-2054.33,True,on_dome_path_labels_24_to_1_start_side_pentagon_end_top_centre,199,252,0,199,252,0
255,1,255,7660.94,198,251,977.84,-2037.86,True,on_dome_path_labels_24_to_1_start_side_pentagon_end_top_centre,198,251,0,198,251,0
256,1,256,7690.99,197,250,962.07,-2021.38,True,on_dome_path_labels_24_to_1_start_side_pentagon_end_top_centre,197,250,0,197,250,0
257,1,257,7721.03,197,249,946.31,-2004.91,True,on_dome_path_labels_24_to_1_start_side_pentagon_end_top_centre,197,249,0,197,249,0
258,1,258,7751.07,196,249,930.55,-1988.44,True,on_dome_path_labels_24_to_1_start_side_pentagon_end_top_centre,196,249,0,196,249,0
259,1,259,7781.12,195,248,914.78,-1971.96,True,on_dome_path_labels_24_to_1_start_side_pentagon_end_top_centre,195,248,0,195,248,0
260,1,260,7811.16,194,247,899.02,-1955.49,True,on_dome_path_labels_24_to_1_start_side_pentagon_end_top_centre,194,247,0,194,247,0
261,1,261,7841.2,194,246,883.26,-1939.01,True,on_dome_path_labels_24_to_1_start_side_pentagon_end_top_centre,194,246,0,194,246,0
262,1,262,7871.24,193,245,867.49,-1922.54,True,on_dome_path_labels_24_to_1_start_side_pentagon_end_top_centre,193,245,0,193,245,0
263,1,263,7901.29,192,244,851.73,-1906.06,True,on_dome_path_labels_24_to_1_start_side_pentagon_end_top_centre,192,244,0,192,244,0
264,1,264,7931.33,191,244,835.96,-1889.59,True,on_dome_path_labels_24_to_1_start_side_pentagon_end_top_centre,191,244,0,191,244,0
265,1,265,7961.37,190,243,820.2,-1873.11,True,on_dome_path_labels_24_to_1_start_side_pentagon_end_top_centre,190,243,0,190,243,0
266,1,266,7991.42,190,242,804.44,-1856.64,True,on_dome_path_labels_24_to_1_start_side_pentagon_end_top_centre,190,242,0,190,242,0
267,1,267,8021.46,189,241,788.67,-1840.16,True,on_dome_path_labels_24_to_1_start_side_pentagon_end_top_centre,189,241,0,189,241,0
268,1,268,8051.5,188,240,773.33,-1825.64,True,on_dome_path_labels_24_to_1_start_side_pentagon_end_top_centre,188,240,0,188,240,0
269,1,269,8081.55,188,242,765.9,-1848.22,True,on_dome_path_labels_24_to_1_start_side_pentagon_end_top_centre,188,242,0,188,242,0
270,1,270,8111.59,187,243,758.48,-1870.81,True,on_dome_path_labels_24_to_1_start_side_pentagon_end_top_centre,187,243,0,187,243,0
271,1,271,8141.63,187,244,751.06,-1893.39,True,on_dome_path_labels_24_to_1_start_side_pentagon_end_top_centre,187,244,0,187,244,0
272,1,272,8171.67,187,245,743.63,-1915.98,True,on_dome_path_labels_24_to_1_start_side_pentagon_end_top_centre,187,245,0,187,245,0
273,1,273,8201.72,186,246,736.21,-1938.56,True,on_dome_path_labels_24_to_1_start_side_pentagon_end_top_centre,186,246,0,186,246,0
274,1,274,8231.76,186,247,728.79,-1961.15,True,on_dome_path_labels_24_to_1_start_side_pentagon_end_top_centre,186,247,0,186,247,0
275,1,275,8261.8,185,248,721.37,-1983.73,True,on_dome_path_labels_24_to_1_start_side_pentagon_end_top_centre,185,248,0,185,248,0
276,1,276,8291.85,185,249,713.94,-2006.31,True,on_dome_path_labels_24_to_1_start_side_pentagon_end_top_centre,185,249,0,185,249,0
277,1,277,8321.89,185,251,706.52,-2028.9,True,on_dome_path_labels_24_to_1_start_side_pentagon_end_top_centre,185,251,0,185,251,0
278,1,278,8351.93,184,252,699.1,-2051.48,True,on_dome_path_labels_24_to_1_start_side_pentagon_end_top_centre,184,252,0,184,252,0
279,1,279,8381.97,184,253,691.67,-2074.07,True,on_dome_path_labels_24_to_1_start_side_pentagon_end_top_centre,184,253,0,184,253,0
280,1,280,8412.02,184,254,684.25,-2096.65,True,on_dome_path_labels_24_to_1_start_side_pentagon_end_top_centre,184,254,0,184,254,0
281,1,281,8442.06,183,255,676.83,-2119.23,True,on_dome_path_labels_24_to_1_start_side_pentagon_end_top_centre,183,255,0,183,255,0
282,1,282,8472.1,183,256,669.4,-2141.82,True,on_dome_path_labels_24_to_1_start_side_pentagon_end_top_centre,183,256,0,183,256,0
283,1,283,8502.15,182,257,661.98,-2164.4,True,on_dome_path_labels_24_to_1_start_side_pentagon_end_top_centre,182,257,0,182,257,0
284,1,284,8532.19,182,258,654.56,-2186.99,True,on_dome_path_labels_24_to_1_start_side_pentagon_end_top_centre,182,258,0,182,258,0
285,1,285,8562.23,182,260,647.13,-2209.57,True,on_dome_path_labels_24_to_1_start_side_pentagon_end_top_centre,182,260,0,182,260,0
286,1,286,8592.27,181,261,639.71,-2232.16,True,on_dome_path_labels_24_to_1_start_side_pentagon_end_top_centre,181,261,0,181,261,0
287,1,287,8622.32,181,262,632.29,-2254.74,True,on_dome_path_labels_24_to_1_start_side_pentagon_end_top_centre,181,262,0,181,262,0
288,1,288,8652.36,181,263,624.86,-2277.32,True,on_dome_path_labels_24_to_1_start_side_pentagon_end_top_centre,181,263,0,181,263,0
289,1,289,8682.4,180,264,617.44,-2299.91,True,on_dome_path_labels_24_to_1_start_side_pentagon_end_top_centre,180,264,0,180,264,0
290,1,290,8712.45,180,265,610.02,-2322.49,True,on_dome_path_labels_24_to_1_start_side_pentagon_end_top_centre,180,265,0,180,265,0
291,1,291,8742.49,180,266,602.59,-2345.08,True,on_dome_path_labels_24_to_1_start_side_pentagon_end_top_centre,180,266,0,180,266,0
292,1,292,8772.53,179,267,595.17,-2367.66,True,on_dome_path_labels_24_to_1_start_side_pentagon_end_top_centre,179,267,0,179,267,0
293,1,293,8802.58,179,269,587.75,-2390.24,True,on_dome_path_labels_24_to_1_start_side_pentagon_end_top_centre,179,269,0,179,269,0
294,1,294,8832.62,178,270,580.32,-2412.83,True,on_dome_path_labels_24_to_1_start_side_pentagon_end_top_centre,178,270,0,178,270,0
295,1,295,8862.66,178,271,572.9,-2435.41,True,on_dome_path_labels_24_to_1_start_side_pentagon_end_top_centre,178,271,0,178,271,0
296,1,296,8892.7,178,272,565.48,-2458.0,True,on_dome_path_labels_24_to_1_start_side_pentagon_end_top_centre,178,272,0,178,272,0
297,1,297,8922.75,177,273,558.05,-2480.58,True,on_dome_path_labels_24_to_1_start_side_pentagon_end_top_centre,177,273,0,177,273,0
298,1,298,8952.79,177,274,550.63,-2503.17,True,on_dome_path_labels_24_to_1_start_side_pentagon_end_top_centre,177,274,0,177,274,0
299,1,299,8982.83,177,275,543.21,-2525.75,True,on_dome_path_labels_24_to_1_start_side_pentagon_end_top_centre,177,275,0,177,275,0
300,1,300,9012.88,176,276,535.78,-2548.33,True,on_dome_path_labels_24_to_1_start_side_pentagon_end_top_centre,176,276,0,176,276,0
301,1,301,9042.92,176,278,528.36,-2570.92,True,on_dome_path_labels_24_to_1_start_side_pentagon_end_top_centre,176,278,0,176,278,0
302,1,302,9072.96,175,279,520.94,-2593.5,True,on_dome_path_labels_24_to_1_start_side_pentagon_end_top_centre,175,279,0,175,279,0
303,1,303,9103.0,175,280,513.52,-2616.09,True,on_dome_path_labels_24_to_1_start_side_pentagon_end_top_centre,175,280,0,175,280,0
304,1,304,9133.05,175,281,506.09,-2638.67,True,on_dome_path_labels_24_to_1_start_side_pentagon_end_top_centre,175,281,0,175,281,0
305,1,305,9163.09,174,282,498.67,-2661.25,True,on_dome_path_labels_24_to_1_start_side_pentagon_end_top_centre,174,282,0,174,282,0
306,1,306,9193.13,174,283,491.25,-2683.84,True,on_dome_path_labels_24_to_1_start_side_pentagon_end_top_centre,174,283,0,174,283,0
307,1,307,9223.18,173,283,479.97,-2676.66,True,on_dome_path_labels_24_to_1_start_side_pentagon_end_top_centre,173,283,0,173,283,0
308,1,308,9253.22,173,282,467.55,-2660.66,True,on_dome_path_labels_24_to_1_start_side_pentagon_end_top_centre,173,282,0,173,282,0
309,1,309,9283.26,172,281,455.13,-2644.66,True,on_dome_path_labels_24_to_1_start_side_pentagon_end_top_centre,172,281,0,172,281,0
310,1,310,9313.3,172,280,442.71,-2628.66,True,on_dome_path_labels_24_to_1_start_side_pentagon_end_top_centre,172,280,0,172,280,0
311,1,311,9343.35,171,280,430.29,-2612.66,True,on_dome_path_labels_24_to_1_start_side_pentagon_end_top_centre,171,280,0,171,280,0
312,1,312,9373.39,170,279,417.87,-2596.66,True,on_dome_path_labels_24_to_1_start_side_pentagon_end_top_centre,170,279,0,170,279,0
313,1,313,9403.43,170,278,405.45,-2580.66,True,on_dome_path_labels_24_to_1_start_side_pentagon_end_top_centre,170,278,0,170,278,0
314,1,314,9433.48,169,277,393.04,-2564.66,True,on_dome_path_labels_24_to_1_start_side_pentagon_end_top_centre,169,277,0,169,277,0
315,1,315,9463.52,168,277,380.62,-2548.67,True,on_dome_path_labels_24_to_1_start_side_pentagon_end_top_centre,168,277,0,168,277,0
316,1,316,9493.56,168,276,368.2,-2532.67,True,on_dome_path_labels_24_to_1_start_side_pentagon_end_top_centre,168,276,0,168,276,0
317,1,317,9523.61,167,275,355.78,-2516.67,True,on_dome_path_labels_24_to_1_start_side_pentagon_end_top_centre,167,275,0,167,275,0
318,1,318,9553.65,167,274,343.36,-2500.67,True,on_dome_path_labels_24_to_1_start_side_pentagon_end_top_centre,167,274,0,167,274,0
319,1,319,9583.69,166,273,330.94,-2484.67,True,on_dome_path_labels_24_to_1_start_side_pentagon_end_top_centre,166,273,0,166,273,0
320,1,320,9613.73,165,273,318.52,-2468.67,True,on_dome_path_labels_24_to_1_start_side_pentagon_end_top_centre,165,273,0,165,273,0
321,1,321,9643.78,165,272,306.1,-2452.67,True,on_dome_path_labels_24_to_1_start_side_pentagon_end_top_centre,165,272,0,165,272,0
322,1,322,9673.82,164,271,293.68,-2436.67,True,on_dome_path_labels_24_to_1_start_side_pentagon_end_top_centre,164,271,0,164,271,0
323,1,323,9703.86,164,270,281.27,-2420.67,True,on_dome_path_labels_24_to_1_start_side_pentagon_end_top_centre,164,270,0,164,270,0
324,1,324,9733.91,163,269,268.85,-2404.67,True,on_dome_path_labels_24_to_1_start_side_pentagon_end_top_centre,163,269,0,163,269,0
325,1,325,9763.95,162,269,256.43,-2388.67,True,on_dome_path_labels_24_to_1_start_side_pentagon_end_top_centre,162,269,0,162,269,0
326,1,326,9793.99,162,268,244.01,-2372.67,True,on_dome_path_labels_24_to_1_start_side_pentagon_end_top_centre,162,268,0,162,268,0
327,1,327,9824.03,161,267,231.59,-2356.68,True,on_dome_path_labels_24_to_1_start_side_pentagon_end_top_centre,161,267,0,161,267,0
328,1,328,9854.08,160,266,219.17,-2340.68,True,on_dome_path_labels_24_to_1_start_side_pentagon_end_top_centre,160,266,0,160,266,0
329,1,329,9884.12,160,265,206.75,-2324.68,True,on_dome_path_labels_24_to_1_start_side_pentagon_end_top_centre,160,265,0,160,265,0
330,1,330,9914.16,159,265,194.33,-2308.68,True,on_dome_path_labels_24_to_1_start_side_pentagon_end_top_centre,159,265,0,159,265,0
331,1,331,9944.21,159,264,181.91,-2292.68,True,on_dome_path_labels_24_to_1_start_side_pentagon_end_top_centre,159,264,0,159,264,0
332,1,332,9974.25,158,263,169.49,-2276.68,True,on_dome_path_labels_24_to_1_start_side_pentagon_end_top_centre,158,263,0,158,263,0
333,1,333,10004.29,157,262,157.08,-2260.68,True,on_dome_path_labels_24_to_1_start_side_pentagon_end_top_centre,157,262,0,157,262,0
334,1,334,10034.33,157,261,144.66,-2244.68,True,on_dome_path_labels_24_to_1_start_side_pentagon_end_top_centre,157,261,0,157,261,0
335,1,335,10064.38,156,261,132.24,-2228.68,True,on_dome_path_labels_24_to_1_start_side_pentagon_end_top_centre,156,261,0,156,261,0
336,1,336,10094.42,155,260,119.82,-2212.68,True,on_dome_path_labels_24_to_1_start_side_pentagon_end_top_centre,155,260,0,155,260,0
337,1,337,10124.46,155,259,107.4,-2196.68,True,on_dome_path_labels_24_to_1_start_side_pentagon_end_top_centre,155,259,0,155,259,0
338,1,338,10154.51,154,258,94.98,-2180.68,True,on_dome_path_labels_24_to_1_start_side_pentagon_end_top_centre,154,258,0,154,258,0
339,1,339,10184.55,154,257,82.56,-2164.68,True,on_dome_path_labels_24_to_1_start_side_pentagon_end_top_centre,154,257,0,154,257,0
340,1,340,10214.59,153,257,70.14,-2148.69,True,on_dome_path_labels_24_to_1_start_side_pentagon_end_top_centre,153,257,0,153,257,0
341,1,341,10244.64,152,256,57.72,-2132.69,True,on_dome_path_labels_24_to_1_start_side_pentagon_end_top_centre,152,256,0,152,256,0
342,1,342,10274.68,152,255,45.3,-2116.69,True,on_dome_path_labels_24_to_1_start_side_pentagon_end_top_centre,152,255,0,152,255,0
343,1,343,10304.72,151,254,32.89,-2100.69,True,on_dome_path_labels_24_to_1_start_side_pentagon_end_top_centre,151,254,0,151,254,0
344,1,344,10334.76,151,253,20.47,-2084.69,True,on_dome_path_labels_24_to_1_start_side_pentagon_end_top_centre,151,253,0,151,253,0
345,1,345,10364.81,150,253,4.24,-2073.44,True,on_dome_path_labels_24_to_1_start_side_pentagon_end_top_centre,150,252,1,150,252,1
346,1,346,10394.85,149,253,-15.91,-2067.07,True,on_dome_path_labels_24_to_1_start_side_pentagon_end_top_centre,149,253,0,149,253,0
347,1,347,10424.89,148,252,-36.07,-2060.7,True,on_dome_path_labels_24_to_1_start_side_pentagon_end_top_centre,148,252,0,148,252,0
348,1,348,10454.94,147,252,-56.22,-2054.32,True,on_dome_path_labels_24_to_1_start_side_pentagon_end_top_centre,147,252,0,147,252,0
349,1,349,10484.98,146,252,-76.37,-2047.95,True,on_dome_path_labels_24_to_1_start_side_pentagon_end_top_centre,146,252,0,146,252,0
350,1,350,10515.02,145,251,-96.52,-2041.58,True,on_dome_path_labels_24_to_1_start_side_pentagon_end_top_centre,145,251,0,145,251,0
351,1,351,10545.06,144,251,-116.67,-2035.21,True,on_dome_path_labels_24_to_1_start_side_pentagon_end_top_centre,144,251,0,144,251,0
352,1,352,10575.11,143,251,-136.82,-2028.84,True,on_dome_path_labels_24_to_1_start_side_pentagon_end_top_centre,143,251,0,143,251,0
353,1,353,10605.15,142,250,-156.98,-2022.47,True,on_dome_path_labels_24_to_1_start_side_pentagon_end_top_centre,142,250,0,142,250,0
354,1,354,10635.19,141,250,-177.13,-2016.1,True,on_dome_path_labels_24_to_1_start_side_pentagon_end_top_centre,141,250,0,141,250,0
355,1,355,10665.24,140,250,-197.28,-2009.73,True,on_dome_path_labels_24_to_1_start_side_pentagon_end_top_centre,140,250,0,140,250,0
356,1,356,10695.28,139,249,-217.43,-2003.36,True,on_dome_path_labels_24_to_1_start_side_pentagon_end_top_centre,139,249,0,139,249,0
357,1,357,10725.32,138,249,-237.58,-1996.99,True,on_dome_path_labels_24_to_1_start_side_pentagon_end_top_centre,138,249,0,138,249,0
358,1,358,10755.36,137,249,-257.73,-1990.62,True,on_dome_path_labels_24_to_1_start_side_pentagon_end_top_centre,137,249,0,137,249,0
359,1,359,10785.41,136,248,-277.89,-1984.25,True,on_dome_path_labels_24_to_1_start_side_pentagon_end_top_centre,136,248,0,136,248,0
360,1,360,10815.45,135,248,-298.04,-1977.88,True,on_dome_path_labels_24_to_1_start_side_pentagon_end_top_centre,135,248,0,135,248,0
361,1,361,10845.49,134,248,-318.19,-1971.51,True,on_dome_path_labels_24_to_1_start_side_pentagon_end_top_centre,134,248,0,134,248,0
362,1,362,10875.54,133,247,-338.34,-1965.14,True,on_dome_path_labels_24_to_1_start_side_pentagon_end_top_centre,133,247,0,133,247,0
363,1,363,10905.58,132,247,-358.49,-1958.77,True,on_dome_path_labels_24_to_1_start_side_pentagon_end_top_centre,132,247,0,132,247,0
364,1,364,10935.62,131,247,-378.64,-1952.4,True,on_dome_path_labels_24_to_1_start_side_pentagon_end_top_centre,131,247,0,131,247,0
365,1,365,10965.67,130,246,-398.8,-1946.03,True,on_dome_path_labels_24_to_1_start_side_pentagon_end_top_centre,130,246,0,130,246,0
366,1,366,10995.71,129,246,-418.95,-1939.66,True,on_dome_path_labels_24_to_1_start_side_pentagon_end_top_centre,129,246,0,129,246,0
367,1,367,11025.75,128,246,-439.1,-1933.29,True,on_dome_path_labels_24_to_1_start_side_pentagon_end_top_centre,128,246,0,128,246,0
368,1,368,11055.79,127,246,-459.25,-1926.92,True,on_dome_path_labels_24_to_1_start_side_pentagon_end_top_centre,127,246,0,127,246,0
369,1,369,11085.84,126,245,-479.4,-1920.55,True,on_dome_path_labels_24_to_1_start_side_pentagon_end_top_centre,126,245,0,126,245,0
370,1,370,11115.88,125,245,-499.56,-1914.18,True,on_dome_path_labels_24_to_1_start_side_pentagon_end_top_centre,125,245,0,125,245,0
371,1,371,11145.92,124,245,-519.71,-1907.81,True,on_dome_path_labels_24_to_1_start_side_pentagon_end_top_centre,124,245,0,124,245,0
372,1,372,11175.97,123,244,-539.86,-1901.44,True,on_dome_path_labels_24_to_1_start_side_pentagon_end_top_centre,123,244,0,123,244,0
373,1,373,11206.01,122,244,-560.01,-1895.07,True,on_dome_path_labels_24_to_1_start_side_pentagon_end_top_centre,122,244,0,122,244,0
374,1,374,11236.05,121,244,-580.16,-1888.7,True,on_dome_path_labels_24_to_1_start_side_pentagon_end_top_centre,121,244,0,121,244,0
375,1,375,11266.09,120,243,-600.31,-1882.33,True,on_dome_path_labels_24_to_1_start_side_pentagon_end_top_centre,120,243,0,120,243,0
376,1,376,11296.14,119,243,-620.47,-1875.96,True,on_dome_path_labels_24_to_1_start_side_pentagon_end_top_centre,119,243,0,119,243,0
377,1,377,11326.18,118,243,-640.62,-1869.59,True,on_dome_path_labels_24_to_1_start_side_pentagon_end_top_centre,118,243,0,118,243,0
378,1,378,11356.22,117,242,-660.77,-1863.22,True,on_dome_path_labels_24_to_1_start_side_pentagon_end_top_centre,117,242,0,117,242,0
379,1,379,11386.27,116,242,-680.92,-1856.85,True,on_dome_path_labels_24_to_1_start_side_pentagon_end_top_centre,116,242,0,116,242,0
380,1,380,11416.31,115,242,-701.07,-1850.48,True,on_dome_path_labels_24_to_1_start_side_pentagon_end_top_centre,115,242,0,115,242,0
381,1,381,11446.35,114,241,-721.22,-1844.11,True,on_dome_path_labels_24_to_1_start_side_pentagon_end_top_centre,114,241,0,114,241,0
382,1,382,11476.39,113,241,-741.38,-1837.74,True,on_dome_path_labels_24_to_1_start_side_pentagon_end_top_centre,113,241,0,113,241,0
383,1,383,11506.44,112,241,-753.0,-1829.58,True,on_dome_path_labels_24_to_1_start_side_pentagon_end_top_centre,112,241,0,112,241,0
384,1,384,11536.48,113,240,-733.35,-1814.85,True,on_dome_path_labels_24_to_1_start_side_pentagon_end_top_centre,113,240,0,113,240,0
385,1,385,11566.52,114,239,-713.7,-1800.12,True,on_dome_path_labels_24_to_1_start_side_pentagon_end_top_centre,114,239,0,114,239,0
386,1,386,11596.57,115,238,-694.06,-1785.39,True,on_dome_path_labels_24_to_1_start_side_pentagon_end_top_centre,115,238,0,115,238,0
387,1,387,11626.61,116,238,-674.41,-1770.66,True,on_dome_path_labels_24_to_1_start_side_pentagon_end_top_centre,116,238,0,116,238,0
388,1,388,11656.65,117,237,-654.76,-1755.93,True,on_dome_path_labels_24_to_1_start_side_pentagon_end_top_centre,117,237,0,117,237,0
389,1,389,11686.7,118,236,-635.11,-1741.21,True,on_dome_path_labels_24_to_1_start_side_pentagon_end_top_centre,118,236,0,118,236,0
390,1,390,11716.74,119,236,-615.47,-1726.48,True,on_dome_path_labels_24_to_1_start_side_pentagon_end_top_centre,119,236,0,119,236,0
391,1,391,11746.78,120,235,-595.82,-1711.75,True,on_dome_path_labels_24_to_1_start_side_pentagon_end_top_centre,120,235,0,120,235,0
392,1,392,11776.82,121,234,-576.17,-1697.02,True,on_dome_path_labels_24_to_1_start_side_pentagon_end_top_centre,121,234,0,121,234,0
393,1,393,11806.87,122,233,-556.52,-1682.29,True,on_dome_path_labels_24_to_1_start_side_pentagon_end_top_centre,122,233,0,122,233,0
394,1,394,11836.91,123,233,-536.87,-1667.56,True,on_dome_path_labels_24_to_1_start_side_pentagon_end_top_centre,123,233,0,123,233,0
395,1,395,11866.95,124,232,-517.23,-1652.84,True,on_dome_path_labels_24_to_1_start_side_pentagon_end_top_centre,124,232,0,124,232,0
396,1,396,11897.0,125,231,-497.58,-1638.11,True,on_dome_path_labels_24_to_1_start_side_pentagon_end_top_centre,125,231,0,125,231,0
397,1,397,11927.04,126,230,-477.93,-1623.38,True,on_dome_path_labels_24_to_1_start_side_pentagon_end_top_centre,126,230,0,126,230,0
398,1,398,11957.08,127,230,-458.28,-1608.65,True,on_dome_path_labels_24_to_1_start_side_pentagon_end_top_centre,127,230,0,127,230,0
399,1,399,11987.12,128,229,-438.64,-1593.92,True,on_dome_path_labels_24_to_1_start_side_pentagon_end_top_centre,128,229,0,128,229,0
400,1,400,12017.17,129,228,-418.99,-1579.19,True,on_dome_path_labels_24_to_1_start_side_pentagon_end_top_centre,129,228,0,129,228,0
401,1,401,12047.21,130,227,-399.34,-1564.47,True,on_dome_path_labels_24_to_1_start_side_pentagon_end_top_centre,130,227,0,130,227,0
402,1,402,12077.25,131,227,-379.69,-1549.74,True,on_dome_path_labels_24_to_1_start_side_pentagon_end_top_centre,131,227,0,131,227,0
403,1,403,12107.3,132,226,-360.05,-1535.01,True,on_dome_path_labels_24_to_1_start_side_pentagon_end_top_centre,132,226,0,132,226,0
404,1,404,12137.34,133,225,-340.4,-1520.28,True,on_dome_path_labels_24_to_1_start_side_pentagon_end_top_centre,133,225,0,133,225,0
405,1,405,12167.38,134,225,-320.75,-1505.55,True,on_dome_path_labels_24_to_1_start_side_pentagon_end_top_centre,134,225,0,134,225,0
406,1,406,12197.42,134,224,-301.1,-1490.82,True,on_dome_path_labels_24_to_1_start_side_pentagon_end_top_centre,134,224,0,134,224,0
407,1,407,12227.47,135,223,-281.46,-1476.1,True,on_dome_path_labels_24_to_1_start_side_pentagon_end_top_centre,135,223,0,135,223,0
408,1,408,12257.51,136,222,-261.81,-1461.37,True,on_dome_path_labels_24_to_1_start_side_pentagon_end_top_centre,136,222,0,136,222,0
409,1,409,12287.55,137,222,-242.16,-1446.64,True,on_dome_path_labels_24_to_1_start_side_pentagon_end_top_centre,137,222,0,137,222,0
410,1,410,12317.6,138,221,-222.51,-1431.91,True,on_dome_path_labels_24_to_1_start_side_pentagon_end_top_centre,138,221,0,138,221,0
411,1,411,12347.64,139,220,-202.87,-1417.18,True,on_dome_path_labels_24_to_1_start_side_pentagon_end_top_centre,139,220,0,139,220,0
412,1,412,12377.68,140,219,-183.22,-1402.46,True,on_dome_path_labels_24_to_1_start_side_pentagon_end_top_centre,140,219,0,140,219,0
413,1,413,12407.73,141,219,-163.57,-1387.73,True,on_dome_path_labels_24_to_1_start_side_pentagon_end_top_centre,141,219,0,141,219,0
414,1,414,12437.77,142,218,-143.92,-1373.0,True,on_dome_path_labels_24_to_1_start_side_pentagon_end_top_centre,142,218,0,142,218,0
415,1,415,12467.81,143,217,-124.27,-1358.27,True,on_dome_path_labels_24_to_1_start_side_pentagon_end_top_centre,143,217,0,143,217,0
416,1,416,12497.85,144,216,-104.63,-1343.54,True,on_dome_path_labels_24_to_1_start_side_pentagon_end_top_centre,144,216,0,144,216,0
417,1,417,12527.9,145,216,-84.98,-1328.81,True,on_dome_path_labels_24_to_1_start_side_pentagon_end_top_centre,145,216,0,145,216,0
418,1,418,12557.94,146,215,-65.33,-1314.09,True,on_dome_path_labels_24_to_1_start_side_pentagon_end_top_centre,146,215,0,146,215,0
419,1,419,12587.98,147,214,-45.68,-1299.36,True,on_dome_path_labels_24_to_1_start_side_pentagon_end_top_centre,147,214,0,147,214,0
420,1,420,12618.03,148,214,-26.04,-1284.63,True,on_dome_path_labels_24_to_1_start_side_pentagon_end_top_centre,148,214,0,148,214,0
421,1,421,12648.07,149,213,-6.39,-1269.9,True,on_dome_path_labels_24_to_1_start_side_pentagon_end_top_centre,149,213,0,149,213,0
422,1,422,12678.11,149,214,-4.84,-1288.18,True,on_dome_path_labels_24_to_1_start_side_pentagon_end_top_centre,149,214,0,149,214,0
423,1,423,12708.15,149,215,-4.53,-1308.73,True,on_dome_path_labels_24_to_1_start_side_pentagon_end_top_centre,149,215,0,149,215,0
424,1,424,12738.2,149,216,-4.23,-1329.28,True,on_dome_path_labels_24_to_1_start_side_pentagon_end_top_centre,149,216,0,149,216,0
425,1,425,12768.24,149,217,-3.92,-1349.82,True,on_dome_path_labels_24_to_1_start_side_pentagon_end_top_centre,149,217,0,149,217,0
426,1,426,12798.28,149,218,-3.62,-1370.37,True,on_dome_path_labels_24_to_1_start_side_pentagon_end_top_centre,149,218,0,149,218,0
427,1,427,12828.33,149,219,-3.31,-1390.92,True,on_dome_path_labels_24_to_1_start_side_pentagon_end_top_centre,149,219,0,149,219,0
428,1,428,12858.37,149,220,-3.01,-1411.47,True,on_dome_path_labels_24_to_1_start_side_pentagon_end_top_centre,149,220,0,149,220,0
429,1,429,12888.41,149,221,-2.7,-1432.01,True,on_dome_path_labels_24_to_1_start_side_pentagon_end_top_centre,149,221,0,149,221,0
430,1,430,12918.45,149,222,-2.39,-1452.56,True,on_dome_path_labels_24_to_1_start_side_pentagon_end_top_centre,149,222,0,149,222,0
431,1,431,12948.5,149,223,-2.09,-1473.11,True,on_dome_path_labels_24_to_1_start_side_pentagon_end_top_centre,149,223,0,149,223,0
432,1,432,12978.54,149,224,-1.78,-1493.66,True,on_dome_path_labels_24_to_1_start_side_pentagon_end_top_centre,149,224,0,149,224,0
433,1,433,13008.58,149,225,-1.48,-1514.21,True,on_dome_path_labels_24_to_1_start_side_pentagon_end_top_centre,149,225,0,149,225,0
434,1,434,13038.63,149,226,-1.17,-1534.75,True,on_dome_path_labels_24_to_1_start_side_pentagon_end_top_centre,149,226,0,149,226,0
435,1,435,13068.67,149,227,-0.87,-1555.3,True,on_dome_path_labels_24_to_1_start_side_pentagon_end_top_centre,149,227,0,149,227,0
436,1,436,13098.71,149,228,-0.56,-1575.85,True,on_dome_path_labels_24_to_1_start_side_pentagon_end_top_centre,149,228,0,149,228,0
437,1,437,13128.76,149,229,-0.25,-1596.4,True,on_dome_path_labels_24_to_1_start_side_pentagon_end_top_centre,149,229,0,149,229,0
438,1,438,13158.8,150,230,0.05,-1616.94,True,on_dome_path_labels_24_to_1_start_side_pentagon_end_top_centre,150,230,0,150,230,0
439,1,439,13188.84,150,231,0.36,-1637.49,True,on_dome_path_labels_24_to_1_start_side_pentagon_end_top_centre,150,231,0,150,231,0
440,1,440,13218.88,150,232,0.66,-1658.04,True,on_dome_path_labels_24_to_1_start_side_pentagon_end_top_centre,150,232,0,150,232,0
441,1,441,13248.93,150,233,0.97,-1678.59,True,on_dome_path_labels_24_to_1_start_side_pentagon_end_top_centre,150,233,0,150,233,0
442,1,442,13278.97,150,234,1.27,-1699.14,True,on_dome_path_labels_24_to_1_start_side_pentagon_end_top_centre,150,234,0,150,234,0
443,1,443,13309.01,150,235,1.58,-1719.68,True,on_dome_path_labels_24_to_1_start_side_pentagon_end_top_centre,150,235,0,150,235,0
444,1,444,13339.06,150,236,1.89,-1740.23,True,on_dome_path_labels_24_to_1_start_side_pentagon_end_top_centre,150,236,0,150,236,0
445,1,445,13369.1,150,237,2.19,-1760.78,True,on_dome_path_labels_24_to_1_start_side_pentagon_end_top_centre,150,237,0,150,237,0
446,1,446,13399.14,150,238,2.5,-1781.33,True,on_dome_path_labels_24_to_1_start_side_pentagon_end_top_centre,150,238,0,150,238,0
447,1,447,13429.18,150,239,2.8,-1801.87,True,on_dome_path_labels_24_to_1_start_side_pentagon_end_top_centre,150,239,0,150,239,0
448,1,448,13459.23,150,240,3.11,-1822.42,True,on_dome_path_labels_24_to_1_start_side_pentagon_end_top_centre,150,240,0,150,240,0
449,1,449,13489.27,150,241,3.41,-1842.97,True,on_dome_path_labels_24_to_1_start_side_pentagon_end_top_centre,150,241,0,150,241,0
450,1,450,13519.31,150,242,3.72,-1863.52,True,on_dome_path_labels_24_to_1_start_side_pentagon_end_top_centre,150,242,0,150,242,0
451,1,451,13549.36,150,243,4.03,-1884.06,True,on_dome_path_labels_24_to_1_start_side_pentagon_end_top_centre,150,243,0,150,243,0
452,1,452,13579.4,150,244,4.33,-1904.61,True,on_dome_path_labels_24_to_1_start_side_pentagon_end_top_centre,150,244,0,150,244,0
453,1,453,13609.44,150,245,4.64,-1925.16,True,on_dome_path_labels_24_to_1_start_side_pentagon_end_top_centre,150,245,0,150,245,0
454,1,454,13639.48,150,246,4.94,-1945.71,True,on_dome_path_labels_24_to_1_start_side_pentagon_end_top_centre,150,246,0,150,246,0
455,1,455,13669.53,150,247,5.25,-1966.26,True,on_dome_path_labels_24_to_1_start_side_pentagon_end_top_centre,150,247,0,150,247,0
456,1,456,13699.57,150,249,5.55,-1986.8,True,on_dome_path_labels_24_to_1_start_side_pentagon_end_top_centre,150,249,0,150,249,0
457,1,457,13729.61,150,250,5.86,-2007.35,True,on_dome_path_labels_24_to_1_start_side_pentagon_end_top_centre,150,250,0,150,250,0
458,1,458,13759.66,150,251,6.17,-2027.9,True,on_dome_path_labels_24_to_1_start_side_pentagon_end_top_centre,150,251,0,150,251,0
459,1,459,13789.7,150,252,6.47,-2048.45,True,on_dome_path_labels_24_to_1_start_side_pentagon_end_top_centre,149,252,1,149,252,1
460,1,460,13819.74,150,252,19.61,-2051.4,True,on_dome_path_labels_24_to_1_start_side_pentagon_end_top_centre,151,252,1,151,252,1
461,1,461,13849.79,151,251,39.43,-2045.16,True,on_dome_path_labels_24_to_1_start_side_pentagon_end_top_centre,151,251,0,151,251,0
462,1,462,13879.83,152,251,59.26,-2038.93,True,on_dome_path_labels_24_to_1_start_side_pentagon_end_top_centre,152,251,0,152,251,0
463,1,463,13909.87,153,251,79.09,-2032.7,True,on_dome_path_labels_24_to_1_start_side_pentagon_end_top_centre,153,251,0,153,251,0
464,1,464,13939.91,154,250,98.91,-2026.47,True,on_dome_path_labels_24_to_1_start_side_pentagon_end_top_centre,154,250,0,154,250,0
465,1,465,13969.96,155,250,118.74,-2020.23,True,on_dome_path_labels_24_to_1_start_side_pentagon_end_top_centre,155,250,0,155,250,0
466,1,466,14000.0,156,250,138.57,-2014.0,True,on_dome_path_labels_24_to_1_start_side_pentagon_end_top_centre,156,250,0,156,250,0
467,1,467,14030.04,157,250,158.4,-2007.77,True,on_dome_path_labels_24_to_1_start_side_pentagon_end_top_centre,157,250,0,157,250,0
468,1,468,14060.09,158,249,178.22,-2001.54,True,on_dome_path_labels_24_to_1_start_side_pentagon_end_top_centre,158,249,0,158,249,0
469,1,469,14090.13,159,249,198.05,-1995.3,True,on_dome_path_labels_24_to_1_start_side_pentagon_end_top_centre,159,249,0,159,249,0
470,1,470,14120.17,160,249,217.88,-1989.07,True,on_dome_path_labels_24_to_1_start_side_pentagon_end_top_centre,160,249,0,160,249,0
471,1,471,14150.21,161,248,237.7,-1982.84,True,on_dome_path_labels_24_to_1_start_side_pentagon_end_top_centre,161,248,0,161,248,0
472,1,472,14180.26,162,248,257.53,-1976.61,True,on_dome_path_labels_24_to_1_start_side_pentagon_end_top_centre,162,248,0,162,248,0
473,1,473,14210.3,163,248,277.36,-1970.37,True,on_dome_path_labels_24_to_1_start_side_pentagon_end_top_centre,163,248,0,163,248,0
474,1,474,14240.34,164,247,297.19,-1964.14,True,on_dome_path_labels_24_to_1_start_side_pentagon_end_top_centre,164,247,0,164,247,0
475,1,475,14270.39,165,247,317.01,-1957.91,True,on_dome_path_labels_24_to_1_start_side_pentagon_end_top_centre,165,247,0,165,247,0
476,1,476,14300.43,166,247,336.84,-1951.68,True,on_dome_path_labels_24_to_1_start_side_pentagon_end_top_centre,166,247,0,166,247,0
477,1,477,14330.47,167,246,356.67,-1945.44,True,on_dome_path_labels_24_to_1_start_side_pentagon_end_top_centre,167,246,0,167,246,0
478,1,478,14360.52,168,246,376.49,-1939.21,True,on_dome_path_labels_24_to_1_start_side_pentagon_end_top_centre,168,246,0,168,246,0
479,1,479,14390.56,169,246,396.32,-1932.98,True,on_dome_path_labels_24_to_1_start_side_pentagon_end_top_centre,169,246,0,169,246,0
480,1,480,14420.6,170,246,416.15,-1926.74,True,on_dome_path_labels_24_to_1_start_side_pentagon_end_top_centre,170,246,0,170,246,0
481,1,481,14450.64,171,245,435.98,-1920.51,True,on_dome_path_labels_24_to_1_start_side_pentagon_end_top_centre,171,245,0,171,245,0
482,1,482,14480.69,172,245,455.8,-1914.28,True,on_dome_path_labels_24_to_1_start_side_pentagon_end_top_centre,172,245,0,172,245,0
483,1,483,14510.73,173,245,475.63,-1908.05,True,on_dome_path_labels_24_to_1_start_side_pentagon_end_top_centre,173,245,0,173,245,0
484,1,484,14540.77,174,244,495.46,-1901.81,True,on_dome_path_labels_24_to_1_start_side_pentagon_end_top_centre,174,244,0,174,244,0
485,1,485,14570.82,175,244,515.28,-1895.58,True,on_dome_path_labels_24_to_1_start_side_pentagon_end_top_centre,175,244,0,175,244,0
486,1,486,14600.86,176,244,535.11,-1889.35,True,on_dome_path_labels_24_to_1_start_side_pentagon_end_top_centre,176,244,0,176,244,0
487,1,487,14630.9,177,243,554.94,-1883.12,True,on_dome_path_labels_24_to_1_start_side_pentagon_end_top_centre,177,243,0,177,243,0
488,1,488,14660.94,178,243,574.77,-1876.88,True,on_dome_path_labels_24_to_1_start_side_pentagon_end_top_centre,178,243,0,178,243,0
489,1,489,14690.99,179,243,594.59,-1870.65,True,on_dome_path_labels_24_to_1_start_side_pentagon_end_top_centre,179,243,0,179,243,0
490,1,490,14721.03,180,242,614.42,-1864.42,True,on_dome_path_labels_24_to_1_start_side_pentagon_end_top_centre,180,242,0,180,242,0
491,1,491,14751.07,181,242,634.25,-1858.19,True,on_dome_path_labels_24_to_1_start_side_pentagon_end_top_centre,181,242,0,181,242,0
492,1,492,14781.12,182,242,654.07,-1851.95,True,on_dome_path_labels_24_to_1_start_side_pentagon_end_top_centre,182,242,0,182,242,0
493,1,493,14811.16,183,241,673.9,-1845.72,True,on_dome_path_labels_24_to_1_start_side_pentagon_end_top_centre,183,241,0,183,241,0
494,1,494,14841.2,184,241,693.73,-1839.49,True,on_dome_path_labels_24_to_1_start_side_pentagon_end_top_centre,184,241,0,184,241,0
495,1,495,14871.24,185,241,713.55,-1833.26,True,on_dome_path_labels_24_to_1_start_side_pentagon_end_top_centre,185,241,0,185,241,0
496,1,496,14901.29,186,241,733.38,-1827.02,True,on_dome_path_labels_24_to_1_start_side_pentagon_end_top_centre,186,241,0,186,241,0
497,1,497,14931.33,187,240,753.21,-1820.79,True,on_dome_path_labels_24_to_1_start_side_pentagon_end_top_centre,187,240,0,187,240,0
498,1,498,14961.37,188,240,773.04,-1814.56,True,on_dome_path_labels_24_to_1_start_side_pentagon_end_top_centre,188,239,1,188,239,1
499,1,499,14991.42,189,240,792.43,-1808.34,True,on_dome_path_labels_24_to_1_start_side_pentagon_end_top_centre,189,240,0,189,240,0
500,1,500,15021.46,190,239,810.64,-1802.14,True,on_dome_path_labels_24_to_1_start_side_pentagon_end_top_centre,190,239,0,190,239,0
501,1,501,15051.5,191,239,828.84,-1795.95,True,on_dome_path_labels_24_to_1_start_side_pentagon_end_top_centre,191,239,0,191,239,0
502,1,502,15081.55,192,239,847.05,-1789.76,True,on_dome_path_labels_24_to_1_start_side_pentagon_end_top_centre,192,239,0,192,239,0
503,1,503,15111.59,193,238,865.26,-1783.56,True,on_dome_path_labels_24_to_1_start_side_pentagon_end_top_centre,193,238,0,193,238,0
504,1,504,15141.63,194,238,883.47,-1777.37,True,on_dome_path_labels_24_to_1_start_side_pentagon_end_top_centre,194,238,0,194,238,0
505,1,505,15171.67,194,238,901.68,-1771.17,True,on_dome_path_labels_24_to_1_start_side_pentagon_end_top_centre,194,237,1,194,237,1
506,1,506,15201.72,195,237,919.89,-1764.98,True,on_dome_path_labels_24_to_1_start_side_pentagon_end_top_centre,195,237,0,195,237,0
507,1,507,15231.76,196,237,938.09,-1758.79,True,on_dome_path_labels_24_to_1_start_side_pentagon_end_top_centre,196,237,0,196,237,0
508,1,508,15261.8,197,237,956.3,-1752.59,True,on_dome_path_labels_24_to_1_start_side_pentagon_end_top_centre,197,237,0,197,237,0
509,1,509,15291.85,198,237,974.51,-1746.4,True,on_dome_path_labels_24_to_1_start_side_pentagon_end_top_centre,198,237,0,198,237,0
510,1,510,15321.89,199,236,992.72,-1740.2,True,on_dome_path_labels_24_to_1_start_side_pentagon_end_top_centre,199,236,0,199,236,0
511,1,511,15351.93,200,236,1010.93,-1734.01,True,on_dome_path_labels_24_to_1_start_side_pentagon_end_top_centre,200,236,0,200,236,0
512,1,512,15381.97,201,236,1029.14,-1727.82,True,on_dome_path_labels_24_to_1_start_side_pentagon_end_top_centre,201,236,0,201,236,0
513,1,513,15412.02,202,235,1047.34,-1721.62,True,on_dome_path_labels_24_to_1_start_side_pentagon_end_top_centre,202,235,0,202,235,0
514,1,514,15442.06,203,235,1065.55,-1715.43,True,on_dome_path_labels_24_to_1_start_side_pentagon_end_top_centre,203,235,0,203,235,0
515,1,515,15472.1,204,235,1083.76,-1709.24,True,on_dome_path_labels_24_to_1_start_side_pentagon_end_top_centre,204,235,0,204,235,0
516,1,516,15502.15,204,234,1101.97,-1703.04,True,on_dome_path_labels_24_to_1_start_side_pentagon_end_top_centre,204,234,0,204,234,0
517,1,517,15532.19,205,234,1120.18,-1696.85,True,on_dome_path_labels_24_to_1_start_side_pentagon_end_top_centre,205,234,0,205,234,0
518,1,518,15562.23,206,234,1138.39,-1690.65,True,on_dome_path_labels_24_to_1_start_side_pentagon_end_top_centre,206,234,0,206,234,0
519,1,519,15592.27,207,233,1156.6,-1684.46,True,on_dome_path_labels_24_to_1_start_side_pentagon_end_top_centre,207,233,0,207,233,0
520,1,520,15622.32,208,233,1174.8,-1678.27,True,on_dome_path_labels_24_to_1_start_side_pentagon_end_top_centre,208,233,0,208,233,0
521,1,521,15652.36,209,233,1193.01,-1672.07,True,on_dome_path_labels_24_to_1_start_side_pentagon_end_top_centre,209,233,0,209,233,0
522,1,522,15682.4,210,233,1211.22,-1665.88,True,on_dome_path_labels_24_to_1_start_side_pentagon_end_top_centre,210,233,0,210,233,0
523,1,523,15712.45,211,232,1229.43,-1659.68,True,on_dome_path_labels_24_to_1_start_side_pentagon_end_top_centre,211,232,0,211,232,0
524,1,524,15742.49,212,232,1247.64,-1653.49,True,on_dome_path_labels_24_to_1_start_side_pentagon_end_top_centre,212,232,0,212,232,0
525,1,525,15772.53,213,232,1265.85,-1647.3,True,on_dome_path_labels_24_to_1_start_side_pentagon_end_top_centre,213,232,0,213,232,0
526,1,526,15802.58,213,231,1284.05,-1641.1,True,on_dome_path_labels_24_to_1_start_side_pentagon_end_top_centre,213,231,0,213,231,0
527,1,527,15832.62,214,231,1302.26,-1634.91,True,on_dome_path_labels_24_to_1_start_side_pentagon_end_top_centre,214,231,0,214,231,0
528,1,528,15862.66,215,231,1320.47,-1628.72,True,on_dome_path_labels_24_to_1_start_side_pentagon_end_top_centre,215,231,0,215,231,0
529,1,529,15892.7,216,230,1338.68,-1622.52,True,on_dome_path_labels_24_to_1_start_side_pentagon_end_top_centre,216,230,0,216,230,0
530,1,530,15922.75,217,230,1356.89,-1616.33,True,on_dome_path_labels_24_to_1_start_side_pentagon_end_top_centre,217,230,0,217,230,0
531,1,531,15952.79,218,230,1375.1,-1610.13,True,on_dome_path_labels_24_to_1_start_side_pentagon_end_top_centre,218,230,0,218,230,0
532,1,532,15982.83,219,229,1393.3,-1603.94,True,on_dome_path_labels_24_to_1_start_side_pentagon_end_top_centre,219,229,0,219,229,0
533,1,533,16012.88,220,229,1411.51,-1597.75,True,on_dome_path_labels_24_to_1_start_side_pentagon_end_top_centre,220,229,0,220,229,0
534,1,534,16042.92,221,229,1429.72,-1591.55,True,on_dome_path_labels_24_to_1_start_side_pentagon_end_top_centre,221,229,0,221,229,0
535,1,535,16072.96,222,229,1447.93,-1585.36,True,on_dome_path_labels_24_to_1_start_side_pentagon_end_top_centre,222,229,0,222,229,0
536,1,536,16103.0,223,228,1466.14,-1579.16,True,on_dome_path_labels_24_to_1_start_side_pentagon_end_top_centre,223,228,0,223,228,0
537,1,537,16133.05,223,228,1484.35,-1572.97,True,on_dome_path_labels_24_to_1_start_side_pentagon_end_top_centre,223,227,1,223,227,1
538,1,538,16163.09,224,228,1502.55,-1566.78,True,on_dome_path_labels_24_to_1_start_side_pentagon_end_top_centre,224,228,0,224,228,0
539,1,539,16193.13,224,227,1490.09,-1550.85,True,on_dome_path_labels_24_to_1_start_side_pentagon_end_top_centre,224,227,0,224,227,0
540,1,540,16223.18,223,226,1473.48,-1533.61,True,on_dome_path_labels_24_to_1_start_side_pentagon_end_top_centre,223,226,0,223,226,0
541,1,541,16253.22,222,225,1456.87,-1516.37,True,on_dome_path_labels_24_to_1_start_side_pentagon_end_top_centre,222,225,0,222,225,0
542,1,542,16283.26,221,224,1440.26,-1499.13,True,on_dome_path_labels_24_to_1_start_side_pentagon_end_top_centre,221,224,0,221,224,0
543,1,543,16313.3,220,223,1423.66,-1481.89,True,on_dome_path_labels_24_to_1_start_side_pentagon_end_top_centre,220,223,0,220,223,0
544,1,544,16343.35,220,222,1407.05,-1464.65,True,on_dome_path_labels_24_to_1_start_side_pentagon_end_top_centre,220,222,0,220,222,0
545,1,545,16373.39,219,222,1390.44,-1447.41,True,on_dome_path_labels_24_to_1_start_side_pentagon_end_top_centre,219,222,0,219,222,0
546,1,546,16403.43,218,221,1373.83,-1430.17,True,on_dome_path_labels_24_to_1_start_side_pentagon_end_top_centre,218,221,0,218,221,0
547,1,547,16433.48,217,220,1357.22,-1412.93,True,on_dome_path_labels_24_to_1_start_side_pentagon_end_top_centre,217,220,0,217,220,0
548,1,548,16463.52,216,219,1340.61,-1395.69,True,on_dome_path_labels_24_to_1_start_side_pentagon_end_top_centre,216,219,0,216,219,0
549,1,549,16493.56,215,218,1324.0,-1378.45,True,on_dome_path_labels_24_to_1_start_side_pentagon_end_top_centre,215,218,0,215,218,0
550,1,550,16523.61,215,217,1307.4,-1361.22,True,on_dome_path_labels_24_to_1_start_side_pentagon_end_top_centre,215,217,0,215,217,0
551,1,551,16553.65,214,216,1290.79,-1343.98,True,on_dome_path_labels_24_to_1_start_side_pentagon_end_top_centre,214,216,0,214,216,0
552,1,552,16583.69,213,216,1274.18,-1326.74,True,on_dome_path_labels_24_to_1_start_side_pentagon_end_top_centre,213,216,0,213,216,0
553,1,553,16613.73,212,215,1257.57,-1309.5,True,on_dome_path_labels_24_to_1_start_side_pentagon_end_top_centre,212,215,0,212,215,0
554,1,554,16643.78,211,214,1240.96,-1292.26,True,on_dome_path_labels_24_to_1_start_side_pentagon_end_top_centre,211,214,0,211,214,0
555,1,555,16673.82,211,213,1224.35,-1275.02,True,on_dome_path_labels_24_to_1_start_side_pentagon_end_top_centre,211,213,0,211,213,0
556,1,556,16703.86,210,212,1207.74,-1257.78,True,on_dome_path_labels_24_to_1_start_side_pentagon_end_top_centre,210,212,0,210,212,0
557,1,557,16733.91,209,211,1191.13,-1240.54,True,on_dome_path_labels_24_to_1_start_side_pentagon_end_top_centre,209,211,0,209,211,0
558,1,558,16763.95,208,210,1174.53,-1223.3,True,on_dome_path_labels_24_to_1_start_side_pentagon_end_top_centre,208,210,0,208,210,0
559,1,559,16793.99,207,210,1157.92,-1206.06,True,on_dome_path_labels_24_to_1_start_side_pentagon_end_top_centre,207,210,0,207,210,0
560,1,560,16824.03,206,209,1141.31,-1188.82,True,on_dome_path_labels_24_to_1_start_side_pentagon_end_top_centre,206,209,0,206,209,0
561,1,561,16854.08,206,208,1124.7,-1171.58,True,on_dome_path_labels_24_to_1_start_side_pentagon_end_top_centre,206,208,0,206,208,0
562,1,562,16884.12,205,207,1108.09,-1154.34,True,on_dome_path_labels_24_to_1_start_side_pentagon_end_top_centre,205,207,0,205,207,0
563,1,563,16914.16,204,206,1091.48,-1137.1,True,on_dome_path_labels_24_to_1_start_side_pentagon_end_top_centre,204,206,0,204,206,0
564,1,564,16944.21,203,205,1074.87,-1119.86,True,on_dome_path_labels_24_to_1_start_side_pentagon_end_top_centre,203,205,0,203,205,0
565,1,565,16974.25,202,204,1058.27,-1102.62,True,on_dome_path_labels_24_to_1_start_side_pentagon_end_top_centre,202,204,0,202,204,0
566,1,566,17004.29,201,204,1041.66,-1085.38,True,on_dome_path_labels_24_to_1_start_side_pentagon_end_top_centre,201,204,0,201,204,0
567,1,567,17034.33,201,203,1025.05,-1068.14,True,on_dome_path_labels_24_to_1_start_side_pentagon_end_top_centre,201,203,0,201,203,0
568,1,568,17064.38,200,202,1008.44,-1050.9,True,on_dome_path_labels_24_to_1_start_side_pentagon_end_top_centre,200,202,0,200,202,0
569,1,569,17094.42,199,201,991.83,-1033.66,True,on_dome_path_labels_24_to_1_start_side_pentagon_end_top_centre,199,201,0,199,201,0
570,1,570,17124.46,198,200,975.22,-1016.42,True,on_dome_path_labels_24_to_1_start_side_pentagon_end_top_centre,198,200,0,198,200,0
571,1,571,17154.51,197,199,958.61,-999.18,True,on_dome_path_labels_24_to_1_start_side_pentagon_end_top_centre,197,199,0,197,199,0
572,1,572,17184.55,196,198,942.01,-981.94,True,on_dome_path_labels_24_to_1_start_side_pentagon_end_top_centre,196,198,0,196,198,0
573,1,573,17214.59,196,198,925.4,-964.7,True,on_dome_path_labels_24_to_1_start_side_pentagon_end_top_centre,196,197,1,196,197,1
574,1,574,17244.64,195,197,908.79,-947.46,True,on_dome_path_labels_24_to_1_start_side_pentagon_end_top_centre,195,197,0,195,197,0
575,1,575,17274.68,194,196,892.18,-930.22,True,on_dome_path_labels_24_to_1_start_side_pentagon_end_top_centre,194,196,0,194,196,0
576,1,576,17304.72,193,195,875.57,-912.98,True,on_dome_path_labels_24_to_1_start_side_pentagon_end_top_centre,193,195,0,193,195,0
577,1,577,17334.76,192,194,858.96,-895.74,True,on_dome_path_labels_24_to_1_start_side_pentagon_end_top_centre,192,194,0,192,194,0
578,1,578,17364.81,192,194,849.58,-898.91,True,on_dome_path_labels_24_to_1_start_side_pentagon_end_top_centre,192,193,1,192,193,1
579,1,579,17394.85,192,195,847.64,-923.07,True,on_dome_path_labels_24_to_1_start_side_pentagon_end_top_centre,192,195,0,192,195,0
580,1,580,17424.89,192,197,845.7,-947.23,True,on_dome_path_labels_24_to_1_start_side_pentagon_end_top_centre,192,197,0,192,197,0
581,1,581,17454.94,192,198,843.75,-971.39,True,on_dome_path_labels_24_to_1_start_side_pentagon_end_top_centre,192,198,0,192,198,0
582,1,582,17484.98,191,199,841.81,-995.56,True,on_dome_path_labels_24_to_1_start_side_pentagon_end_top_centre,191,199,0,191,199,0
583,1,583,17515.02,191,200,839.87,-1019.72,True,on_dome_path_labels_24_to_1_start_side_pentagon_end_top_centre,191,200,0,191,200,0
584,1,584,17545.06,191,202,837.93,-1043.88,True,on_dome_path_labels_24_to_1_start_side_pentagon_end_top_centre,191,202,0,191,202,0
585,1,585,17575.11,191,203,835.99,-1068.04,True,on_dome_path_labels_24_to_1_start_side_pentagon_end_top_centre,191,203,0,191,203,0
586,1,586,17605.15,191,204,834.04,-1092.2,True,on_dome_path_labels_24_to_1_start_side_pentagon_end_top_centre,191,204,0,191,204,0
587,1,587,17635.19,191,205,832.1,-1116.36,True,on_dome_path_labels_24_to_1_start_side_pentagon_end_top_centre,191,205,0,191,205,0
588,1,588,17665.24,191,206,830.16,-1140.52,True,on_dome_path_labels_24_to_1_start_side_pentagon_end_top_centre,191,206,0,191,206,0
589,1,589,17695.28,191,208,828.22,-1164.69,True,on_dome_path_labels_24_to_1_start_side_pentagon_end_top_centre,191,208,0,191,208,0
590,1,590,17725.32,191,209,826.27,-1188.85,True,on_dome_path_labels_24_to_1_start_side_pentagon_end_top_centre,191,209,0,191,209,0
591,1,591,17755.36,191,210,824.33,-1213.01,True,on_dome_path_labels_24_to_1_start_side_pentagon_end_top_centre,191,210,0,191,210,0
592,1,592,17785.41,190,211,822.39,-1237.17,True,on_dome_path_labels_24_to_1_start_side_pentagon_end_top_centre,190,211,0,190,211,0
593,1,593,17815.45,190,212,820.45,-1261.33,True,on_dome_path_labels_24_to_1_start_side_pentagon_end_top_centre,190,212,0,190,212,0
594,1,594,17845.49,190,214,818.51,-1285.49,True,on_dome_path_labels_24_to_1_start_side_pentagon_end_top_centre,190,214,0,190,214,0
595,1,595,17875.54,190,215,816.56,-1309.66,True,on_dome_path_labels_24_to_1_start_side_pentagon_end_top_centre,190,215,0,190,215,0
596,1,596,17905.58,190,216,814.62,-1333.82,True,on_dome_path_labels_24_to_1_start_side_pentagon_end_top_centre,190,216,0,190,216,0
597,1,597,17935.62,190,217,812.68,-1357.98,True,on_dome_path_labels_24_to_1_start_side_pentagon_end_top_centre,190,217,0,190,217,0
598,1,598,17965.67,190,218,810.74,-1382.14,True,on_dome_path_labels_24_to_1_start_side_pentagon_end_top_centre,190,218,0,190,218,0
599,1,599,17995.71,190,220,808.79,-1406.3,True,on_dome_path_labels_24_to_1_start_side_pentagon_end_top_centre,190,220,0,190,220,0
600,1,600,18025.75,190,221,806.85,-1430.46,True,on_dome_path_labels_24_to_1_start_side_pentagon_end_top_centre,190,221,0,190,221,0
601,1,601,18055.79,190,222,804.91,-1454.63,True,on_dome_path_labels_24_to_1_start_side_pentagon_end_top_centre,190,222,0,190,222,0
602,1,602,18085.84,190,223,802.97,-1478.79,True,on_dome_path_labels_24_to_1_start_side_pentagon_end_top_centre,190,223,0,190,223,0
603,1,603,18115.88,189,224,801.03,-1502.95,True,on_dome_path_labels_24_to_1_start_side_pentagon_end_top_centre,189,224,0,189,224,0
604,1,604,18145.92,189,226,799.08,-1527.11,True,on_dome_path_labels_24_to_1_start_side_pentagon_end_top_centre,189,226,0,189,226,0
605,1,605,18175.97,189,227,797.14,-1551.27,True,on_dome_path_labels_24_to_1_start_side_pentagon_end_top_centre,189,227,0,189,227,0
606,1,606,18206.01,189,228,795.2,-1575.43,True,on_dome_path_labels_24_to_1_start_side_pentagon_end_top_centre,189,228,0,189,228,0
607,1,607,18236.05,189,229,793.26,-1599.59,True,on_dome_path_labels_24_to_1_start_side_pentagon_end_top_centre,189,229,0,189,229,0
608,1,608,18266.09,189,230,791.31,-1623.76,True,on_dome_path_labels_24_to_1_start_side_pentagon_end_top_centre,189,230,0,189,230,0
609,1,609,18296.14,189,232,789.37,-1647.92,True,on_dome_path_labels_24_to_1_start_side_pentagon_end_top_centre,189,232,0,189,232,0
610,1,610,18326.18,189,233,787.43,-1672.08,True,on_dome_path_labels_24_to_1_start_side_pentagon_end_top_centre,189,233,0,189,233,0
611,1,611,18356.22,189,234,785.49,-1696.24,True,on_dome_path_labels_24_to_1_start_side_pentagon_end_top_centre,189,234,0,189,234,0
612,1,612,18386.27,189,235,783.54,-1720.4,True,on_dome_path_labels_24_to_1_start_side_pentagon_end_top_centre,189,235,0,189,235,0
613,1,613,18416.31,188,236,781.6,-1744.56,True,on_dome_path_labels_24_to_1_start_side_pentagon_end_top_centre,188,236,0,188,236,0
614,1,614,18446.35,188,238,779.66,-1768.73,True,on_dome_path_labels_24_to_1_start_side_pentagon_end_top_centre,188,238,0,188,238,0
615,1,615,18476.39,188,239,777.72,-1792.89,True,on_dome_path_labels_24_to_1_start_side_pentagon_end_top_centre,187,239,1,187,239,1
616,1,616,18506.44,188,240,775.78,-1817.05,True,on_dome_path_labels_24_to_1_start_side_pentagon_end_top_centre,188,241,1,188,241,1
617,1,617,18536.48,188,241,772.0,-1837.16,True,on_dome_path_labels_24_to_1_start_side_pentagon_end_top_centre,187,241,1,187,241,1
618,1,618,18566.52,187,240,752.58,-1822.69,True,on_dome_path_labels_24_to_1_start_side_pentagon_end_top_centre,186,240,1,186,240,1
619,1,619,18596.57,186,240,733.16,-1808.22,True,on_dome_path_labels_24_to_1_start_side_pentagon_end_top_centre,186,239,1,186,239,1
620,1,620,18626.61,185,239,713.74,-1793.74,True,on_dome_path_labels_24_to_1_start_side_pentagon_end_top_centre,185,239,0,185,239,0
621,1,621,18656.65,184,238,694.31,-1779.27,True,on_dome_path_labels_24_to_1_start_side_pentagon_end_top_centre,184,238,0,184,238,0
622,1,622,18686.7,183,237,674.89,-1764.8,True,on_dome_path_labels_24_to_1_start_side_pentagon_end_top_centre,183,237,0,183,237,0
623,1,623,18716.74,182,237,655.47,-1750.33,True,on_dome_path_labels_24_to_1_start_side_pentagon_end_top_centre,182,237,0,182,237,0
624,1,624,18746.78,181,236,636.05,-1735.85,True,on_dome_path_labels_24_to_1_start_side_pentagon_end_top_centre,181,236,0,181,236,0
625,1,625,18776.82,180,235,616.63,-1721.38,True,on_dome_path_labels_24_to_1_start_side_pentagon_end_top_centre,180,235,0,180,235,0
626,1,626,18806.87,179,235,597.2,-1706.91,True,on_dome_path_labels_24_to_1_start_side_pentagon_end_top_centre,179,235,0,179,235,0
627,1,627,18836.91,178,234,577.78,-1692.43,True,on_dome_path_labels_24_to_1_start_side_pentagon_end_top_centre,178,234,0,178,234,0
628,1,628,18866.95,177,233,558.36,-1677.96,True,on_dome_path_labels_24_to_1_start_side_pentagon_end_top_centre,177,233,0,177,233,0
629,1,629,18897.0,176,232,538.94,-1663.49,True,on_dome_path_labels_24_to_1_start_side_pentagon_end_top_centre,176,232,0,176,232,0
630,1,630,18927.04,175,232,519.52,-1649.01,True,on_dome_path_labels_24_to_1_start_side_pentagon_end_top_centre,175,232,0,175,232,0
631,1,631,18957.08,174,231,500.09,-1634.54,True,on_dome_path_labels_24_to_1_start_side_pentagon_end_top_centre,174,231,0,174,231,0
632,1,632,18987.12,173,230,480.67,-1620.07,True,on_dome_path_labels_24_to_1_start_side_pentagon_end_top_centre,173,230,0,173,230,0
633,1,633,19017.17,172,230,461.25,-1605.6,True,on_dome_path_labels_24_to_1_start_side_pentagon_end_top_centre,172,230,0,172,230,0
634,1,634,19047.21,172,229,441.83,-1591.12,True,on_dome_path_labels_24_to_1_start_side_pentagon_end_top_centre,172,229,0,172,229,0
635,1,635,19077.25,171,228,422.41,-1576.65,True,on_dome_path_labels_24_to_1_start_side_pentagon_end_top_centre,171,228,0,171,228,0
636,1,636,19107.3,170,227,402.99,-1562.18,True,on_dome_path_labels_24_to_1_start_side_pentagon_end_top_centre,170,227,0,170,227,0
637,1,637,19137.34,169,227,383.56,-1547.7,True,on_dome_path_labels_24_to_1_start_side_pentagon_end_top_centre,169,227,0,169,227,0
638,1,638,19167.38,168,226,364.14,-1533.23,True,on_dome_path_labels_24_to_1_start_side_pentagon_end_top_centre,168,226,0,168,226,0
639,1,639,19197.42,167,225,344.72,-1518.76,True,on_dome_path_labels_24_to_1_start_side_pentagon_end_top_centre,167,225,0,167,225,0
640,1,640,19227.47,166,224,325.3,-1504.28,True,on_dome_path_labels_24_to_1_start_side_pentagon_end_top_centre,166,224,0,166,224,0
641,1,641,19257.51,165,224,305.88,-1489.81,True,on_dome_path_labels_24_to_1_start_side_pentagon_end_top_centre,165,224,0,165,224,0
642,1,642,19287.55,164,223,286.45,-1475.34,True,on_dome_path_labels_24_to_1_start_side_pentagon_end_top_centre,164,223,0,164,223,0
643,1,643,19317.6,163,222,267.03,-1460.87,True,on_dome_path_labels_24_to_1_start_side_pentagon_end_top_centre,163,222,0,163,222,0
644,1,644,19347.64,162,222,247.61,-1446.39,True,on_dome_path_labels_24_to_1_start_side_pentagon_end_top_centre,162,222,0,162,222,0
645,1,645,19377.68,161,221,228.19,-1431.92,True,on_dome_path_labels_24_to_1_start_side_pentagon_end_top_centre,161,221,0,161,221,0
646,1,646,19407.73,160,220,208.77,-1417.45,True,on_dome_path_labels_24_to_1_start_side_pentagon_end_top_centre,160,220,0,160,220,0
647,1,647,19437.77,159,219,189.34,-1402.97,True,on_dome_path_labels_24_to_1_start_side_pentagon_end_top_centre,159,219,0,159,219,0
648,1,648,19467.81,158,219,169.92,-1388.5,True,on_dome_path_labels_24_to_1_start_side_pentagon_end_top_centre,158,219,0,158,219,0
649,1,649,19497.85,157,218,150.5,-1374.03,True,on_dome_path_labels_24_to_1_start_side_pentagon_end_top_centre,157,218,0,157,218,0
650,1,650,19527.9,156,217,131.08,-1359.55,True,on_dome_path_labels_24_to_1_start_side_pentagon_end_top_centre,156,217,0,156,217,0
651,1,651,19557.94,155,217,111.66,-1345.08,True,on_dome_path_labels_24_to_1_start_side_pentagon_end_top_centre,155,217,0,155,217,0
652,1,652,19587.98,154,216,92.23,-1330.61,True,on_dome_path_labels_24_to_1_start_side_pentagon_end_top_centre,154,216,0,154,216,0
653,1,653,19618.03,153,215,72.81,-1316.13,True,on_dome_path_labels_24_to_1_start_side_pentagon_end_top_centre,153,215,0,153,215,0
654,1,654,19648.07,152,214,53.39,-1301.66,True,on_dome_path_labels_24_to_1_start_side_pentagon_end_top_centre,152,214,0,152,214,0
655,1,655,19678.11,151,214,33.97,-1287.19,True,on_dome_path_labels_24_to_1_start_side_pentagon_end_top_centre,151,214,0,151,214,0
656,1,656,19708.15,150,213,14.55,-1272.72,True,on_dome_path_labels_24_to_1_start_side_pentagon_end_top_centre,150,213,0,150,213,0
657,1,657,19738.2,151,212,23.97,-1261.94,True,on_dome_path_labels_24_to_1_start_side_pentagon_end_top_centre,151,212,0,151,212,0
658,1,658,19768.24,152,212,44.81,-1252.62,True,on_dome_path_labels_24_to_1_start_side_pentagon_end_top_centre,152,212,0,152,212,0
659,1,659,19798.28,153,211,65.64,-1243.31,True,on_dome_path_labels_24_to_1_start_side_pentagon_end_top_centre,153,211,0,153,211,0
660,1,660,19828.33,154,211,86.47,-1233.99,True,on_dome_path_labels_24_to_1_start_side_pentagon_end_top_centre,154,211,0,154,211,0
661,1,661,19858.37,155,211,107.31,-1224.67,True,on_dome_path_labels_24_to_1_start_side_pentagon_end_top_centre,155,211,0,155,211,0
662,1,662,19888.41,156,210,128.14,-1215.36,True,on_dome_path_labels_24_to_1_start_side_pentagon_end_top_centre,156,210,0,156,210,0
663,1,663,19918.45,157,210,148.97,-1206.04,True,on_dome_path_labels_24_to_1_start_side_pentagon_end_top_centre,157,210,0,157,210,0
664,1,664,19948.5,158,209,169.81,-1196.73,True,on_dome_path_labels_24_to_1_start_side_pentagon_end_top_centre,158,209,0,158,209,0
665,1,665,19978.54,159,209,190.64,-1187.41,True,on_dome_path_labels_24_to_1_start_side_pentagon_end_top_centre,159,209,0,159,209,0
666,1,666,20008.58,160,208,211.47,-1178.1,True,on_dome_path_labels_24_to_1_start_side_pentagon_end_top_centre,160,208,0,160,208,0
667,1,667,20038.63,161,208,232.31,-1168.78,True,on_dome_path_labels_24_to_1_start_side_pentagon_end_top_centre,161,208,0,161,208,0
668,1,668,20068.67,162,207,253.14,-1159.46,True,on_dome_path_labels_24_to_1_start_side_pentagon_end_top_centre,162,207,0,162,207,0
669,1,669,20098.71,163,207,273.97,-1150.15,True,on_dome_path_labels_24_to_1_start_side_pentagon_end_top_centre,163,207,0,163,207,0
670,1,670,20128.76,164,206,294.81,-1140.83,True,on_dome_path_labels_24_to_1_start_side_pentagon_end_top_centre,164,206,0,164,206,0
671,1,671,20158.8,165,206,315.64,-1131.52,True,on_dome_path_labels_24_to_1_start_side_pentagon_end_top_centre,165,206,0,165,206,0
672,1,672,20188.84,166,205,336.47,-1122.2,True,on_dome_path_labels_24_to_1_start_side_pentagon_end_top_centre,166,205,0,166,205,0
673,1,673,20218.88,167,205,357.31,-1112.88,True,on_dome_path_labels_24_to_1_start_side_pentagon_end_top_centre,167,205,0,167,205,0
674,1,674,20248.93,168,204,378.14,-1103.57,True,on_dome_path_labels_24_to_1_start_side_pentagon_end_top_centre,168,204,0,168,204,0
675,1,675,20278.97,169,204,398.97,-1094.25,True,on_dome_path_labels_24_to_1_start_side_pentagon_end_top_centre,169,204,0,169,204,0
676,1,676,20309.01,170,204,419.8,-1084.94,True,on_dome_path_labels_24_to_1_start_side_pentagon_end_top_centre,170,204,0,170,204,0
677,1,677,20339.06,171,203,440.64,-1075.62,True,on_dome_path_labels_24_to_1_start_side_pentagon_end_top_centre,171,203,0,171,203,0
678,1,678,20369.1,172,203,461.47,-1066.3,True,on_dome_path_labels_24_to_1_start_side_pentagon_end_top_centre,172,203,0,172,203,0
679,1,679,20399.14,174,202,482.3,-1056.99,True,on_dome_path_labels_24_to_1_start_side_pentagon_end_top_centre,174,202,0,174,202,0
680,1,680,20429.18,175,202,503.14,-1047.67,True,on_dome_path_labels_24_to_1_start_side_pentagon_end_top_centre,175,202,0,175,202,0
681,1,681,20459.23,176,201,523.97,-1038.36,True,on_dome_path_labels_24_to_1_start_side_pentagon_end_top_centre,176,201,0,176,201,0
682,1,682,20489.27,177,201,544.8,-1029.04,True,on_dome_path_labels_24_to_1_start_side_pentagon_end_top_centre,177,201,0,177,201,0
683,1,683,20519.31,178,200,565.64,-1019.72,True,on_dome_path_labels_24_to_1_start_side_pentagon_end_top_centre,178,200,0,178,200,0
684,1,684,20549.36,179,200,586.47,-1010.41,True,on_dome_path_labels_24_to_1_start_side_pentagon_end_top_centre,179,200,0,179,200,0
685,1,685,20579.4,180,199,607.3,-1001.09,True,on_dome_path_labels_24_to_1_start_side_pentagon_end_top_centre,180,199,0,180,199,0
686,1,686,20609.44,181,199,628.14,-991.78,True,on_dome_path_labels_24_to_1_start_side_pentagon_end_top_centre,181,199,0,181,199,0
687,1,687,20639.48,182,198,648.97,-982.46,True,on_dome_path_labels_24_to_1_start_side_pentagon_end_top_centre,182,198,0,182,198,0
688,1,688,20669.53,183,198,669.8,-973.14,True,on_dome_path_labels_24_to_1_start_side_pentagon_end_top_centre,183,198,0,183,198,0
689,1,689,20699.57,184,198,690.64,-963.83,True,on_dome_path_labels_24_to_1_start_side_pentagon_end_top_centre,184,198,0,184,198,0
690,1,690,20729.61,185,197,711.47,-954.51,True,on_dome_path_labels_24_to_1_start_side_pentagon_end_top_centre,185,197,0,185,197,0
691,1,691,20759.66,186,197,732.3,-945.2,True,on_dome_path_labels_24_to_1_start_side_pentagon_end_top_centre,186,197,0,186,197,0
692,1,692,20789.7,187,196,753.14,-935.88,True,on_dome_path_labels_24_to_1_start_side_pentagon_end_top_centre,187,196,0,187,196,0
693,1,693,20819.74,188,196,773.97,-926.56,True,on_dome_path_labels_24_to_1_start_side_pentagon_end_top_centre,188,196,0,188,196,0
694,1,694,20849.79,189,195,794.8,-917.25,True,on_dome_path_labels_24_to_1_start_side_pentagon_end_top_centre,189,195,0,189,195,0
695,1,695,20879.83,190,195,815.64,-907.93,True,on_dome_path_labels_24_to_1_start_side_pentagon_end_top_centre,190,195,0,190,195,0
696,1,696,20909.87,190,194,822.68,-898.0,True,on_dome_path_labels_24_to_1_start_side_pentagon_end_top_centre,190,194,0,190,194,0
697,1,697,20939.91,189,194,801.53,-886.81,True,on_dome_path_labels_24_to_1_start_side_pentagon_end_top_centre,189,194,0,189,194,0
698,1,698,20969.96,188,193,780.39,-875.61,True,on_dome_path_labels_24_to_1_start_side_pentagon_end_top_centre,188,193,0,188,193,0
699,1,699,21000.0,187,193,759.25,-864.42,True,on_dome_path_labels_24_to_1_start_side_pentagon_end_top_centre,187,193,0,187,193,0
700,1,700,21030.04,186,192,738.1,-853.23,True,on_dome_path_labels_24_to_1_start_side_pentagon_end_top_centre,186,192,0,186,192,0
701,1,701,21060.09,185,191,716.96,-842.04,True,on_dome_path_labels_24_to_1_start_side_pentagon_end_top_centre,185,191,0,185,191,0
702,1,702,21090.13,184,191,695.82,-830.84,True,on_dome_path_labels_24_to_1_start_side_pentagon_end_top_centre,184,191,0,184,191,0
703,1,703,21120.17,183,190,674.67,-819.65,True,on_dome_path_labels_24_to_1_start_side_pentagon_end_top_centre,183,190,0,183,190,0
704,1,704,21150.21,182,190,653.53,-808.46,True,on_dome_path_labels_24_to_1_start_side_pentagon_end_top_centre,182,190,0,182,190,0
705,1,705,21180.26,181,189,632.39,-797.27,True,on_dome_path_labels_24_to_1_start_side_pentagon_end_top_centre,181,189,0,181,189,0
706,1,706,21210.3,180,189,611.24,-786.07,True,on_dome_path_labels_24_to_1_start_side_pentagon_end_top_centre,180,189,0,180,189,0
707,1,707,21240.34,179,188,590.1,-774.88,True,on_dome_path_labels_24_to_1_start_side_pentagon_end_top_centre,179,188,0,179,188,0
708,1,708,21270.39,178,188,568.96,-763.69,True,on_dome_path_labels_24_to_1_start_side_pentagon_end_top_centre,178,188,0,178,188,0
709,1,709,21300.43,177,187,547.82,-752.5,True,on_dome_path_labels_24_to_1_start_side_pentagon_end_top_centre,177,187,0,177,187,0
710,1,710,21330.47,176,186,526.67,-741.3,True,on_dome_path_labels_24_to_1_start_side_pentagon_end_top_centre,176,186,0,176,186,0
711,1,711,21360.52,175,186,505.53,-730.11,True,on_dome_path_labels_24_to_1_start_side_pentagon_end_top_centre,175,186,0,175,186,0
712,1,712,21390.56,174,185,484.39,-718.92,True,on_dome_path_labels_24_to_1_start_side_pentagon_end_top_centre,174,185,0,174,185,0
713,1,713,21420.6,173,185,463.24,-707.73,True,on_dome_path_labels_24_to_1_start_side_pentagon_end_top_centre,173,185,0,173,185,0
714,1,714,21450.64,172,184,442.1,-696.53,True,on_dome_path_labels_24_to_1_start_side_pentagon_end_top_centre,172,184,0,172,184,0
715,1,715,21480.69,170,184,420.96,-685.34,True,on_dome_path_labels_24_to_1_start_side_pentagon_end_top_centre,170,184,0,170,184,0
716,1,716,21510.73,169,183,399.81,-674.15,True,on_dome_path_labels_24_to_1_start_side_pentagon_end_top_centre,169,183,0,169,183,0
717,1,717,21540.77,168,183,378.67,-662.96,True,on_dome_path_labels_24_to_1_start_side_pentagon_end_top_centre,168,183,0,168,183,0
718,1,718,21570.82,167,182,357.53,-651.76,True,on_dome_path_labels_24_to_1_start_side_pentagon_end_top_centre,167,182,0,167,182,0
719,1,719,21600.86,166,181,336.38,-640.57,True,on_dome_path_labels_24_to_1_start_side_pentagon_end_top_centre,166,181,0,166,181,0
720,1,720,21630.9,165,181,315.24,-629.38,True,on_dome_path_labels_24_to_1_start_side_pentagon_end_top_centre,165,181,0,165,181,0
721,1,721,21660.94,164,180,294.1,-618.19,True,on_dome_path_labels_24_to_1_start_side_pentagon_end_top_centre,164,180,0,164,180,0
722,1,722,21690.99,163,180,272.95,-606.99,True,on_dome_path_labels_24_to_1_start_side_pentagon_end_top_centre,163,180,0,163,180,0
723,1,723,21721.03,162,179,251.81,-595.8,True,on_dome_path_labels_24_to_1_start_side_pentagon_end_top_centre,162,179,0,162,179,0
724,1,724,21751.07,161,179,230.67,-584.61,True,on_dome_path_labels_24_to_1_start_side_pentagon_end_top_centre,161,179,0,161,179,0
725,1,725,21781.12,160,178,209.52,-573.42,True,on_dome_path_labels_24_to_1_start_side_pentagon_end_top_centre,160,178,0,160,178,0
726,1,726,21811.16,159,178,188.38,-562.22,True,on_dome_path_labels_24_to_1_start_side_pentagon_end_top_centre,159,178,0,159,178,0
727,1,727,21841.2,158,177,167.24,-551.03,True,on_dome_path_labels_24_to_1_start_side_pentagon_end_top_centre,158,177,0,158,177,0
728,1,728,21871.24,157,176,146.09,-539.84,True,on_dome_path_labels_24_to_1_start_side_pentagon_end_top_centre,157,176,0,157,176,0
729,1,729,21901.29,156,176,124.95,-528.65,True,on_dome_path_labels_24_to_1_start_side_pentagon_end_top_centre,156,176,0,156,176,0
730,1,730,21931.33,155,175,103.81,-517.45,True,on_dome_path_labels_24_to_1_start_side_pentagon_end_top_centre,155,175,0,155,175,0
731,1,731,21961.37,154,175,82.66,-506.26,True,on_dome_path_labels_24_to_1_start_side_pentagon_end_top_centre,154,175,0,154,175,0
732,1,732,21991.42,153,174,61.52,-495.07,True,on_dome_path_labels_24_to_1_start_side_pentagon_end_top_centre,153,174,0,153,174,0
733,1,733,22021.46,152,174,40.38,-483.88,True,on_dome_path_labels_24_to_1_start_side_pentagon_end_top_centre,152,174,0,152,174,0
734,1,734,22051.5,150,173,19.23,-472.68,True,on_dome_path_labels_24_to_1_start_side_pentagon_end_top_centre,150,173,0,150,173,0
735,1,735,22081.55,149,172,-1.91,-461.49,True,on_dome_path_labels_24_to_1_start_side_pentagon_end_top_centre,149,172,0,149,172,0
736,1,736,22111.59,149,173,-3.05,-479.78,True,on_dome_path_labels_24_to_1_start_side_pentagon_end_top_centre,149,173,0,149,173,0
737,1,737,22141.63,149,174,-2.93,-499.93,True,on_dome_path_labels_24_to_1_start_side_pentagon_end_top_centre,149,174,0,149,174,0
738,1,738,22171.67,149,175,-2.81,-520.08,True,on_dome_path_labels_24_to_1_start_side_pentagon_end_top_centre,149,175,0,149,175,0
739,1,739,22201.72,149,176,-2.69,-540.24,True,on_dome_path_labels_24_to_1_start_side_pentagon_end_top_centre,149,176,0,149,176,0
740,1,740,22231.76,149,177,-2.57,-560.39,True,on_dome_path_labels_24_to_1_start_side_pentagon_end_top_centre,149,177,0,149,177,0
741,1,741,22261.8,149,178,-2.45,-580.54,True,on_dome_path_labels_24_to_1_start_side_pentagon_end_top_centre,149,178,0,149,178,0
742,1,742,22291.85,149,179,-2.32,-600.7,True,on_dome_path_labels_24_to_1_start_side_pentagon_end_top_centre,149,179,0,149,179,0
743,1,743,22321.89,149,180,-2.2,-620.85,True,on_dome_path_labels_24_to_1_start_side_pentagon_end_top_centre,149,180,0,149,180,0
744,1,744,22351.93,149,181,-2.08,-641.0,True,on_dome_path_labels_24_to_1_start_side_pentagon_end_top_centre,149,181,0,149,181,0
745,1,745,22381.97,149,182,-1.96,-661.16,True,on_dome_path_labels_24_to_1_start_side_pentagon_end_top_centre,149,182,0,149,182,0
746,1,746,22412.02,149,183,-1.84,-681.31,True,on_dome_path_labels_24_to_1_start_side_pentagon_end_top_centre,149,183,0,149,183,0
747,1,747,22442.06,149,184,-1.72,-701.46,True,on_dome_path_labels_24_to_1_start_side_pentagon_end_top_centre,149,184,0,149,184,0
748,1,748,22472.1,149,185,-1.59,-721.61,True,on_dome_path_labels_24_to_1_start_side_pentagon_end_top_centre,149,185,0,149,185,0
749,1,749,22502.15,149,186,-1.47,-741.77,True,on_dome_path_labels_24_to_1_start_side_pentagon_end_top_centre,149,186,0,149,186,0
750,1,750,22532.19,149,187,-1.35,-761.92,True,on_dome_path_labels_24_to_1_start_side_pentagon_end_top_centre,149,187,0,149,187,0
751,1,751,22562.23,149,188,-1.23,-782.07,True,on_dome_path_labels_24_to_1_start_side_pentagon_end_top_centre,149,188,0,149,188,0
752,1,752,22592.27,149,189,-1.11,-802.23,True,on_dome_path_labels_24_to_1_start_side_pentagon_end_top_centre,149,189,0,149,189,0
753,1,753,22622.32,149,190,-0.99,-822.38,True,on_dome_path_labels_24_to_1_start_side_pentagon_end_top_centre,149,190,0,149,190,0
754,1,754,22652.36,149,191,-0.87,-842.53,True,on_dome_path_labels_24_to_1_start_side_pentagon_end_top_centre,149,191,0,149,191,0
755,1,755,22682.4,149,192,-0.74,-862.69,True,on_dome_path_labels_24_to_1_start_side_pentagon_end_top_centre,149,192,0,149,192,0
756,1,756,22712.45,149,193,-0.62,-882.84,True,on_dome_path_labels_24_to_1_start_side_pentagon_end_top_centre,149,193,0,149,193,0
757,1,757,22742.49,149,194,-0.5,-902.99,True,on_dome_path_labels_24_to_1_start_side_pentagon_end_top_centre,149,194,0,149,194,0
758,1,758,22772.53,149,196,-0.38,-923.15,True,on_dome_path_labels_24_to_1_start_side_pentagon_end_top_centre,149,196,0,149,196,0
759,1,759,22802.58,149,197,-0.26,-943.3,True,on_dome_path_labels_24_to_1_start_side_pentagon_end_top_centre,149,197,0,149,197,0
760,1,760,22832.62,149,198,-0.14,-963.45,True,on_dome_path_labels_24_to_1_start_side_pentagon_end_top_centre,149,198,0,149,198,0
761,1,761,22862.66,149,199,-0.01,-983.6,True,on_dome_path_labels_24_to_1_start_side_pentagon_end_top_centre,149,199,0,149,199,0
762,1,762,22892.7,150,200,0.11,-1003.76,True,on_dome_path_labels_24_to_1_start_side_pentagon_end_top_centre,150,200,0,150,200,0
763,1,763,22922.75,150,201,0.23,-1023.91,True,on_dome_path_labels_24_to_1_start_side_pentagon_end_top_centre,150,201,0,150,201,0
764,1,764,22952.79,150,202,0.35,-1044.06,True,on_dome_path_labels_24_to_1_start_side_pentagon_end_top_centre,150,202,0,150,202,0
765,1,765,22982.83,150,203,0.47,-1064.22,True,on_dome_path_labels_24_to_1_start_side_pentagon_end_top_centre,150,203,0,150,203,0
766,1,766,23012.88,150,204,0.59,-1084.37,True,on_dome_path_labels_24_to_1_start_side_pentagon_end_top_centre,150,204,0,150,204,0
767,1,767,23042.92,150,205,0.71,-1104.52,True,on_dome_path_labels_24_to_1_start_side_pentagon_end_top_centre,150,205,0,150,205,0
768,1,768,23072.96,150,206,0.84,-1124.68,True,on_dome_path_labels_24_to_1_start_side_pentagon_end_top_centre,150,206,0,150,206,0
769,1,769,23103.0,150,207,0.96,-1144.83,True,on_dome_path_labels_24_to_1_start_side_pentagon_end_top_centre,150,207,0,150,207,0
770,1,770,23133.05,150,208,1.08,-1164.98,True,on_dome_path_labels_24_to_1_start_side_pentagon_end_top_centre,150,208,0,150,208,0
771,1,771,23163.09,150,209,1.2,-1185.14,True,on_dome_path_labels_24_to_1_start_side_pentagon_end_top_centre,150,209,0,150,209,0
772,1,772,23193.13,150,210,1.32,-1205.29,True,on_dome_path_labels_24_to_1_start_side_pentagon_end_top_centre,150,210,0,150,210,0
773,1,773,23223.18,150,211,1.44,-1225.44,True,on_dome_path_labels_24_to_1_start_side_pentagon_end_top_centre,150,211,0,150,211,0
774,1,774,23253.22,150,212,1.57,-1245.59,True,on_dome_path_labels_24_to_1_start_side_pentagon_end_top_centre,150,212,0,150,212,0
775,1,775,23283.26,149,212,-9.93,-1249.72,True,on_dome_path_labels_24_to_1_start_side_pentagon_end_top_centre,149,212,0,149,212,0
776,1,776,23313.3,148,211,-30.84,-1240.86,True,on_dome_path_labels_24_to_1_start_side_pentagon_end_top_centre,148,211,0,148,211,0
777,1,777,23343.35,147,211,-51.74,-1232.01,True,on_dome_path_labels_24_to_1_start_side_pentagon_end_top_centre,147,211,0,147,211,0
778,1,778,23373.39,146,210,-72.65,-1223.15,True,on_dome_path_labels_24_to_1_start_side_pentagon_end_top_centre,146,210,0,146,210,0
779,1,779,23403.43,145,210,-93.56,-1214.29,True,on_dome_path_labels_24_to_1_start_side_pentagon_end_top_centre,145,210,0,145,210,0
780,1,780,23433.48,144,210,-114.47,-1205.43,True,on_dome_path_labels_24_to_1_start_side_pentagon_end_top_centre,144,210,0,144,210,0
781,1,781,23463.52,143,209,-135.37,-1196.57,True,on_dome_path_labels_24_to_1_start_side_pentagon_end_top_centre,143,209,0,143,209,0
782,1,782,23493.56,142,209,-156.28,-1187.71,True,on_dome_path_labels_24_to_1_start_side_pentagon_end_top_centre,142,209,0,142,209,0
783,1,783,23523.61,141,208,-177.19,-1178.85,True,on_dome_path_labels_24_to_1_start_side_pentagon_end_top_centre,141,208,0,141,208,0
784,1,784,23553.65,140,208,-198.1,-1169.99,True,on_dome_path_labels_24_to_1_start_side_pentagon_end_top_centre,140,208,0,140,208,0
785,1,785,23583.69,139,207,-219.0,-1161.14,True,on_dome_path_labels_24_to_1_start_side_pentagon_end_top_centre,139,207,0,139,207,0
786,1,786,23613.73,138,207,-239.91,-1152.28,True,on_dome_path_labels_24_to_1_start_side_pentagon_end_top_centre,138,207,0,138,207,0
787,1,787,23643.78,137,206,-260.82,-1143.42,True,on_dome_path_labels_24_to_1_start_side_pentagon_end_top_centre,137,206,0,137,206,0
788,1,788,23673.82,135,206,-281.73,-1134.56,True,on_dome_path_labels_24_to_1_start_side_pentagon_end_top_centre,135,206,0,135,206,0
789,1,789,23703.86,134,206,-302.63,-1125.7,True,on_dome_path_labels_24_to_1_start_side_pentagon_end_top_centre,134,206,0,134,206,0
790,1,790,23733.91,133,205,-323.54,-1116.84,True,on_dome_path_labels_24_to_1_start_side_pentagon_end_top_centre,133,205,0,133,205,0
791,1,791,23763.95,132,205,-344.45,-1107.98,True,on_dome_path_labels_24_to_1_start_side_pentagon_end_top_centre,132,205,0,132,205,0
792,1,792,23793.99,131,204,-365.36,-1099.13,True,on_dome_path_labels_24_to_1_start_side_pentagon_end_top_centre,131,204,0,131,204,0
793,1,793,23824.03,130,204,-386.26,-1090.27,True,on_dome_path_labels_24_to_1_start_side_pentagon_end_top_centre,130,204,0,130,204,0
794,1,794,23854.08,129,203,-407.17,-1081.41,True,on_dome_path_labels_24_to_1_start_side_pentagon_end_top_centre,129,203,0,129,203,0
795,1,795,23884.12,128,203,-428.08,-1072.55,True,on_dome_path_labels_24_to_1_start_side_pentagon_end_top_centre,128,203,0,128,203,0
796,1,796,23914.16,127,203,-448.99,-1063.69,True,on_dome_path_labels_24_to_1_start_side_pentagon_end_top_centre,127,203,0,127,203,0
797,1,797,23944.21,126,202,-469.89,-1054.83,True,on_dome_path_labels_24_to_1_start_side_pentagon_end_top_centre,126,202,0,126,202,0
798,1,798,23974.25,125,202,-490.8,-1045.97,True,on_dome_path_labels_24_to_1_start_side_pentagon_end_top_centre,125,202,0,125,202,0
799,1,799,24004.29,124,201,-511.71,-1037.12,True,on_dome_path_labels_24_to_1_start_side_pentagon_end_top_centre,124,201,0,124,201,0
800,1,800,24034.33,123,201,-532.62,-1028.26,True,on_dome_path_labels_24_to_1_start_side_pentagon_end_top_centre,123,201,0,123,201,0
801,1,801,24064.38,122,200,-553.52,-1019.4,True,on_dome_path_labels_24_to_1_start_side_pentagon_end_top_centre,122,200,0,122,200,0
802,1,802,24094.42,121,200,-574.43,-1010.54,True,on_dome_path_labels_24_to_1_start_side_pentagon_end_top_centre,121,200,0,121,200,0
803,1,803,24124.46,120,199,-595.34,-1001.68,True,on_dome_path_labels_24_to_1_start_side_pentagon_end_top_centre,120,199,0,120,199,0
804,1,804,24154.51,119,199,-616.25,-992.82,True,on_dome_path_labels_24_to_1_start_side_pentagon_end_top_centre,119,199,0,119,199,0
805,1,805,24184.55,118,199,-637.15,-983.96,True,on_dome_path_labels_24_to_1_start_side_pentagon_end_top_centre,118,199,0,118,199,0
806,1,806,24214.59,117,198,-658.06,-975.1,True,on_dome_path_labels_24_to_1_start_side_pentagon_end_top_centre,117,198,0,117,198,0
807,1,807,24244.64,116,198,-678.97,-966.25,True,on_dome_path_labels_24_to_1_start_side_pentagon_end_top_centre,116,198,0,116,198,0
808,1,808,24274.68,115,197,-699.88,-957.39,True,on_dome_path_labels_24_to_1_start_side_pentagon_end_top_centre,115,197,0,115,197,0
809,1,809,24304.72,114,197,-720.78,-948.53,True,on_dome_path_labels_24_to_1_start_side_pentagon_end_top_centre,114,197,0,114,197,0
810,1,810,24334.76,113,196,-741.69,-939.67,True,on_dome_path_labels_24_to_1_start_side_pentagon_end_top_centre,113,196,0,113,196,0
811,1,811,24364.81,111,196,-762.6,-930.81,True,on_dome_path_labels_24_to_1_start_side_pentagon_end_top_centre,111,196,0,111,196,0
812,1,812,24394.85,110,195,-783.51,-921.95,True,on_dome_path_labels_24_to_1_start_side_pentagon_end_top_centre,110,195,0,110,195,0
813,1,813,24424.89,109,195,-804.41,-913.09,True,on_dome_path_labels_24_to_1_start_side_pentagon_end_top_centre,109,195,0,109,195,0
814,1,814,24454.94,109,195,-818.53,-903.84,True,on_dome_path_labels_24_to_1_start_side_pentagon_end_top_centre,109,194,1,109,194,1
815,1,815,24484.98,110,194,-798.11,-892.55,True,on_dome_path_labels_24_to_1_start_side_pentagon_end_top_centre,110,194,0,110,194,0
816,1,816,24515.02,111,193,-777.68,-881.27,True,on_dome_path_labels_24_to_1_start_side_pentagon_end_top_centre,111,193,0,111,193,0
817,1,817,24545.06,112,193,-757.25,-869.98,True,on_dome_path_labels_24_to_1_start_side_pentagon_end_top_centre,112,193,0,112,193,0
818,1,818,24575.11,113,192,-736.83,-858.69,True,on_dome_path_labels_24_to_1_start_side_pentagon_end_top_centre,113,192,0,113,192,0
819,1,819,24605.15,114,192,-716.4,-847.41,True,on_dome_path_labels_24_to_1_start_side_pentagon_end_top_centre,114,192,0,114,192,0
820,1,820,24635.19,115,191,-695.97,-836.12,True,on_dome_path_labels_24_to_1_start_side_pentagon_end_top_centre,115,191,0,115,191,0
821,1,821,24665.24,116,191,-675.55,-824.84,True,on_dome_path_labels_24_to_1_start_side_pentagon_end_top_centre,116,191,0,116,191,0
822,1,822,24695.28,117,190,-655.12,-813.55,True,on_dome_path_labels_24_to_1_start_side_pentagon_end_top_centre,117,190,0,117,190,0
823,1,823,24725.32,118,189,-634.7,-802.26,True,on_dome_path_labels_24_to_1_start_side_pentagon_end_top_centre,118,189,0,118,189,0
824,1,824,24755.36,119,189,-614.27,-790.98,True,on_dome_path_labels_24_to_1_start_side_pentagon_end_top_centre,119,189,0,119,189,0
825,1,825,24785.41,120,188,-593.84,-779.69,True,on_dome_path_labels_24_to_1_start_side_pentagon_end_top_centre,120,188,0,120,188,0
826,1,826,24815.45,121,188,-573.42,-768.41,True,on_dome_path_labels_24_to_1_start_side_pentagon_end_top_centre,121,188,0,121,188,0
827,1,827,24845.49,122,187,-552.99,-757.12,True,on_dome_path_labels_24_to_1_start_side_pentagon_end_top_centre,122,187,0,122,187,0
828,1,828,24875.54,123,187,-532.56,-745.83,True,on_dome_path_labels_24_to_1_start_side_pentagon_end_top_centre,123,187,0,123,187,0
829,1,829,24905.58,124,186,-512.14,-734.55,True,on_dome_path_labels_24_to_1_start_side_pentagon_end_top_centre,124,186,0,124,186,0
830,1,830,24935.62,125,186,-491.71,-723.26,True,on_dome_path_labels_24_to_1_start_side_pentagon_end_top_centre,125,186,0,125,186,0
831,1,831,24965.67,126,185,-471.29,-711.98,True,on_dome_path_labels_24_to_1_start_side_pentagon_end_top_centre,126,185,0,126,185,0
832,1,832,24995.71,127,184,-450.86,-700.69,True,on_dome_path_labels_24_to_1_start_side_pentagon_end_top_centre,127,184,0,127,184,0
833,1,833,25025.75,128,184,-430.43,-689.41,True,on_dome_path_labels_24_to_1_start_side_pentagon_end_top_centre,128,184,0,128,184,0
834,1,834,25055.79,129,183,-410.01,-678.12,True,on_dome_path_labels_24_to_1_start_side_pentagon_end_top_centre,129,183,0,129,183,0
835,1,835,25085.84,130,183,-389.58,-666.83,True,on_dome_path_labels_24_to_1_start_side_pentagon_end_top_centre,130,183,0,130,183,0
836,1,836,25115.88,131,182,-369.15,-655.55,True,on_dome_path_labels_24_to_1_start_side_pentagon_end_top_centre,131,182,0,131,182,0
837,1,837,25145.92,132,182,-348.73,-644.26,True,on_dome_path_labels_24_to_1_start_side_pentagon_end_top_centre,132,182,0,132,182,0
838,1,838,25175.97,133,181,-328.3,-632.98,True,on_dome_path_labels_24_to_1_start_side_pentagon_end_top_centre,133,181,0,133,181,0
839,1,839,25206.01,134,180,-307.88,-621.69,True,on_dome_path_labels_24_to_1_start_side_pentagon_end_top_centre,134,180,0,134,180,0
840,1,840,25236.05,135,180,-287.45,-610.4,True,on_dome_path_labels_24_to_1_start_side_pentagon_end_top_centre,135,180,0,135,180,0
841,1,841,25266.09,136,179,-267.02,-599.12,True,on_dome_path_labels_24_to_1_start_side_pentagon_end_top_centre,136,179,0,136,179,0
842,1,842,25296.14,137,179,-246.6,-587.83,True,on_dome_path_labels_24_to_1_start_side_pentagon_end_top_centre,137,179,0,137,179,0
843,1,843,25326.18,138,178,-226.17,-576.55,True,on_dome_path_labels_24_to_1_start_side_pentagon_end_top_centre,138,178,0,138,178,0
844,1,844,25356.22,139,178,-205.74,-565.26,True,on_dome_path_labels_24_to_1_start_side_pentagon_end_top_centre,139,178,0,139,178,0
845,1,845,25386.27,140,177,-185.32,-553.98,True,on_dome_path_labels_24_to_1_start_side_pentagon_end_top_centre,140,177,0,140,177,0
846,1,846,25416.31,141,177,-164.89,-542.69,True,on_dome_path_labels_24_to_1_start_side_pentagon_end_top_centre,141,177,0,141,177,0
847,1,847,25446.35,142,176,-144.47,-531.4,True,on_dome_path_labels_24_to_1_start_side_pentagon_end_top_centre,142,176,0,142,176,0
848,1,848,25476.39,143,175,-124.04,-520.12,True,on_dome_path_labels_24_to_1_start_side_pentagon_end_top_centre,143,175,0,143,175,0
849,1,849,25506.44,144,175,-103.61,-508.83,True,on_dome_path_labels_24_to_1_start_side_pentagon_end_top_centre,144,175,0,144,175,0
850,1,850,25536.48,145,174,-83.19,-497.55,True,on_dome_path_labels_24_to_1_start_side_pentagon_end_top_centre,145,174,0,145,174,0
851,1,851,25566.52,146,174,-62.76,-486.26,True,on_dome_path_labels_24_to_1_start_side_pentagon_end_top_centre,146,174,0,146,174,0
852,1,852,25596.57,147,173,-42.33,-474.97,True,on_dome_path_labels_24_to_1_start_side_pentagon_end_top_centre,147,173,0,147,173,0
853,1,853,25626.61,148,173,-21.91,-463.69,True,on_dome_path_labels_24_to_1_start_side_pentagon_end_top_centre,148,173,0,148,173,0
854,1,854,25656.65,148,172,-32.67,-456.5,True,on_dome_path_labels_24_to_1_start_side_pentagon_end_top_centre,148,172,0,148,172,0
855,1,855,25686.7,147,172,-52.43,-450.49,True,on_dome_path_labels_24_to_1_start_side_pentagon_end_top_centre,147,172,0,147,172,0
856,1,856,25716.74,146,172,-72.19,-444.49,True,on_dome_path_labels_24_to_1_start_side_pentagon_end_top_centre,146,172,0,146,172,0
857,1,857,25746.78,145,171,-91.95,-438.48,True,on_dome_path_labels_24_to_1_start_side_pentagon_end_top_centre,145,171,0,145,171,0
858,1,858,25776.82,144,171,-111.71,-432.47,True,on_dome_path_labels_24_to_1_start_side_pentagon_end_top_centre,144,171,0,144,171,0
859,1,859,25806.87,143,171,-131.47,-426.47,True,on_dome_path_labels_24_to_1_start_side_pentagon_end_top_centre,143,171,0,143,171,0
860,1,860,25836.91,142,170,-151.23,-420.46,True,on_dome_path_labels_24_to_1_start_side_pentagon_end_top_centre,142,170,0,142,170,0
861,1,861,25866.95,141,170,-170.99,-414.45,True,on_dome_path_labels_24_to_1_start_side_pentagon_end_top_centre,141,170,0,141,170,0
862,1,862,25897.0,140,170,-190.75,-408.45,True,on_dome_path_labels_24_to_1_start_side_pentagon_end_top_centre,140,170,0,140,170,0
863,1,863,25927.04,139,170,-210.51,-402.44,True,on_dome_path_labels_24_to_1_start_side_pentagon_end_top_centre,139,170,0,139,170,0
864,1,864,25957.08,138,169,-230.27,-396.43,True,on_dome_path_labels_24_to_1_start_side_pentagon_end_top_centre,138,169,0,138,169,0
865,1,865,25987.12,137,169,-250.03,-390.43,True,on_dome_path_labels_24_to_1_start_side_pentagon_end_top_centre,137,169,0,137,169,0
866,1,866,26017.17,136,169,-269.79,-384.42,True,on_dome_path_labels_24_to_1_start_side_pentagon_end_top_centre,136,169,0,136,169,0
867,1,867,26047.21,135,168,-289.55,-378.41,True,on_dome_path_labels_24_to_1_start_side_pentagon_end_top_centre,135,168,0,135,168,0
868,1,868,26077.25,134,168,-309.31,-372.41,True,on_dome_path_labels_24_to_1_start_side_pentagon_end_top_centre,134,168,0,134,168,0
869,1,869,26107.3,133,168,-329.07,-366.4,True,on_dome_path_labels_24_to_1_start_side_pentagon_end_top_centre,133,168,0,133,168,0
870,1,870,26137.34,132,167,-348.83,-360.39,True,on_dome_path_labels_24_to_1_start_side_pentagon_end_top_centre,132,167,0,132,167,0
871,1,871,26167.38,131,167,-368.59,-354.39,True,on_dome_path_labels_24_to_1_start_side_pentagon_end_top_centre,131,167,0,131,167,0
872,1,872,26197.42,130,167,-388.35,-348.38,True,on_dome_path_labels_24_to_1_start_side_pentagon_end_top_centre,130,167,0,130,167,0
873,1,873,26227.47,129,167,-408.11,-342.37,True,on_dome_path_labels_24_to_1_start_side_pentagon_end_top_centre,129,167,0,129,167,0
874,1,874,26257.51,128,166,-427.87,-336.37,True,on_dome_path_labels_24_to_1_start_side_pentagon_end_top_centre,128,166,0,128,166,0
875,1,875,26287.55,127,166,-447.62,-330.36,True,on_dome_path_labels_24_to_1_start_side_pentagon_end_top_centre,127,166,0,127,166,0
876,1,876,26317.6,126,166,-467.38,-324.35,True,on_dome_path_labels_24_to_1_start_side_pentagon_end_top_centre,126,166,0,126,166,0
877,1,877,26347.64,125,165,-487.14,-318.35,True,on_dome_path_labels_24_to_1_start_side_pentagon_end_top_centre,125,165,0,125,165,0
878,1,878,26377.68,124,165,-506.9,-312.34,True,on_dome_path_labels_24_to_1_start_side_pentagon_end_top_centre,124,165,0,124,165,0
879,1,879,26407.73,123,165,-526.66,-306.33,True,on_dome_path_labels_24_to_1_start_side_pentagon_end_top_centre,123,165,0,123,165,0
880,1,880,26437.77,122,164,-546.42,-300.33,True,on_dome_path_labels_24_to_1_start_side_pentagon_end_top_centre,122,164,0,122,164,0
881,1,881,26467.81,121,164,-566.18,-294.32,True,on_dome_path_labels_24_to_1_start_side_pentagon_end_top_centre,121,164,0,121,164,0
882,1,882,26497.85,120,164,-585.94,-288.31,True,on_dome_path_labels_24_to_1_start_side_pentagon_end_top_centre,120,164,0,120,164,0
883,1,883,26527.9,119,164,-605.7,-282.31,True,on_dome_path_labels_24_to_1_start_side_pentagon_end_top_centre,119,164,0,119,164,0
884,1,884,26557.94,118,163,-625.46,-276.3,True,on_dome_path_labels_24_to_1_start_side_pentagon_end_top_centre,118,163,0,118,163,0
885,1,885,26587.98,117,163,-645.22,-270.29,True,on_dome_path_labels_24_to_1_start_side_pentagon_end_top_centre,117,163,0,117,163,0
886,1,886,26618.03,116,163,-664.98,-264.29,True,on_dome_path_labels_24_to_1_start_side_pentagon_end_top_centre,116,163,0,116,163,0
887,1,887,26648.07,115,162,-684.74,-258.28,True,on_dome_path_labels_24_to_1_start_side_pentagon_end_top_centre,115,162,0,115,162,0
888,1,888,26678.11,114,162,-704.5,-252.28,True,on_dome_path_labels_24_to_1_start_side_pentagon_end_top_centre,114,162,0,114,162,0
889,1,889,26708.15,113,162,-724.26,-246.27,True,on_dome_path_labels_24_to_1_start_side_pentagon_end_top_centre,113,162,0,113,162,0
890,1,890,26738.2,112,161,-744.02,-240.26,True,on_dome_path_labels_24_to_1_start_side_pentagon_end_top_centre,112,161,0,112,161,0
891,1,891,26768.24,111,161,-763.78,-234.26,True,on_dome_path_labels_24_to_1_start_side_pentagon_end_top_centre,111,161,0,111,161,0
892,1,892,26798.28,110,161,-783.54,-228.25,True,on_dome_path_labels_24_to_1_start_side_pentagon_end_top_centre,110,161,0,110,161,0
893,1,893,26828.33,110,161,-787.79,-222.36,True,on_dome_path_labels_24_to_1_start_side_pentagon_end_top_centre,110,160,1,110,160,1
894,1,894,26858.37,111,160,-767.59,-216.66,True,on_dome_path_labels_24_to_1_start_side_pentagon_end_top_centre,111,160,0,111,160,0
895,1,895,26888.41,112,160,-747.39,-210.96,True,on_dome_path_labels_24_to_1_start_side_pentagon_end_top_centre,112,160,0,112,160,0
896,1,896,26918.45,113,160,-727.19,-205.26,True,on_dome_path_labels_24_to_1_start_side_pentagon_end_top_centre,113,160,0,113,160,0
897,1,897,26948.5,114,159,-706.99,-199.55,True,on_dome_path_labels_24_to_1_start_side_pentagon_end_top_centre,114,159,0,114,159,0
898,1,898,26978.54,115,159,-686.79,-193.85,True,on_dome_path_labels_24_to_1_start_side_pentagon_end_top_centre,115,159,0,115,159,0
899,1,899,27008.58,116,159,-666.59,-188.15,True,on_dome_path_labels_24_to_1_start_side_pentagon_end_top_centre,116,159,0,116,159,0
900,1,900,27038.63,117,159,-646.39,-182.45,True,on_dome_path_labels_24_to_1_start_side_pentagon_end_top_centre,117,159,0,117,159,0
901,1,901,27068.67,118,158,-626.19,-176.75,True,on_dome_path_labels_24_to_1_start_side_pentagon_end_top_centre,118,158,0,118,158,0
902,1,902,27098.71,119,158,-605.99,-171.05,True,on_dome_path_labels_24_to_1_start_side_pentagon_end_top_centre,119,158,0,119,158,0
903,1,903,27128.76,120,158,-585.79,-165.34,True,on_dome_path_labels_24_to_1_start_side_pentagon_end_top_centre,120,158,0,120,158,0
904,1,904,27158.8,121,157,-565.59,-159.64,True,on_dome_path_labels_24_to_1_start_side_pentagon_end_top_centre,121,157,0,121,157,0
905,1,905,27188.84,122,157,-545.39,-153.94,True,on_dome_path_labels_24_to_1_start_side_pentagon_end_top_centre,122,157,0,122,157,0
906,1,906,27218.88,123,157,-525.19,-148.24,True,on_dome_path_labels_24_to_1_start_side_pentagon_end_top_centre,123,157,0,123,157,0
907,1,907,27248.93,124,157,-504.99,-142.54,True,on_dome_path_labels_24_to_1_start_side_pentagon_end_top_centre,124,157,0,124,157,0
908,1,908,27278.97,125,156,-484.79,-136.84,True,on_dome_path_labels_24_to_1_start_side_pentagon_end_top_centre,125,156,0,125,156,0
909,1,909,27309.01,126,156,-464.59,-131.14,True,on_dome_path_labels_24_to_1_start_side_pentagon_end_top_centre,126,156,0,126,156,0
910,1,910,27339.06,127,156,-444.39,-125.43,True,on_dome_path_labels_24_to_1_start_side_pentagon_end_top_centre,127,156,0,127,156,0
911,1,911,27369.1,128,155,-424.19,-119.73,True,on_dome_path_labels_24_to_1_start_side_pentagon_end_top_centre,128,155,0,128,155,0
912,1,912,27399.14,129,155,-403.99,-114.03,True,on_dome_path_labels_24_to_1_start_side_pentagon_end_top_centre,129,155,0,129,155,0
913,1,913,27429.18,130,155,-383.79,-108.33,True,on_dome_path_labels_24_to_1_start_side_pentagon_end_top_centre,130,155,0,130,155,0
914,1,914,27459.23,131,155,-363.6,-102.63,True,on_dome_path_labels_24_to_1_start_side_pentagon_end_top_centre,131,155,0,131,155,0
915,1,915,27489.27,132,154,-343.4,-96.93,True,on_dome_path_labels_24_to_1_start_side_pentagon_end_top_centre,132,154,0,132,154,0
916,1,916,27519.31,133,154,-323.2,-91.22,True,on_dome_path_labels_24_to_1_start_side_pentagon_end_top_centre,133,154,0,133,154,0
917,1,917,27549.36,134,154,-303.0,-85.52,True,on_dome_path_labels_24_to_1_start_side_pentagon_end_top_centre,134,154,0,134,154,0
918,1,918,27579.4,135,153,-282.8,-79.82,True,on_dome_path_labels_24_to_1_start_side_pentagon_end_top_centre,135,153,0,135,153,0
919,1,919,27609.44,136,153,-262.6,-74.12,True,on_dome_path_labels_24_to_1_start_side_pentagon_end_top_centre,136,153,0,136,153,0
920,1,920,27639.48,137,153,-242.4,-68.42,True,on_dome_path_labels_24_to_1_start_side_pentagon_end_top_centre,137,153,0,137,153,0
921,1,921,27669.53,138,153,-222.2,-62.72,True,on_dome_path_labels_24_to_1_start_side_pentagon_end_top_centre,138,153,0,138,153,0
922,1,922,27699.57,139,152,-202.0,-57.02,True,on_dome_path_labels_24_to_1_start_side_pentagon_end_top_centre,139,152,0,139,152,0
923,1,923,27729.61,140,152,-181.8,-51.31,True,on_dome_path_labels_24_to_1_start_side_pentagon_end_top_centre,140,152,0,140,152,0
924,1,924,27759.66,141,152,-161.6,-45.61,True,on_dome_path_labels_24_to_1_start_side_pentagon_end_top_centre,141,152,0,141,152,0
925,1,925,27789.7,142,151,-141.4,-39.91,True,on_dome_path_labels_24_to_1_start_side_pentagon_end_top_centre,142,151,0,142,151,0
926,1,926,27819.74,143,151,-121.2,-34.21,True,on_dome_path_labels_24_to_1_start_side_pentagon_end_top_centre,143,151,0,143,151,0
927,1,927,27849.79,144,151,-101.0,-28.51,True,on_dome_path_labels_24_to_1_start_side_pentagon_end_top_centre,144,151,0,144,151,0
928,1,928,27879.83,145,151,-80.8,-22.81,True,on_dome_path_labels_24_to_1_start_side_pentagon_end_top_centre,145,151,0,145,151,0
929,1,929,27909.87,146,150,-60.6,-17.1,True,on_dome_path_labels_24_to_1_start_side_pentagon_end_top_centre,146,150,0,146,150,0
930,1,930,27939.91,147,150,-40.4,-11.4,True,on_dome_path_labels_24_to_1_start_side_pentagon_end_top_centre,147,150,0,147,150,0
931,1,931,27969.96,148,150,-20.2,-5.7,True,on_dome_path_labels_24_to_1_start_side_pentagon_end_top_centre,148,150,0,148,150,0
932,1,932,28000.0,150,150,0.0,0.0,True,on_dome_path_labels_24_to_1_start_side_pentagon_end_top_centre,150,150,0,150,150,0
933,1,933,28000.0,150,150,0.0,0.0,False,tail_hangs_down_from_top_centre_raw_xy_overlap,,,,150,149,1
934,1,934,28030.0,150,150,0.0,0.0,False,tail_hangs_down_from_top_centre_raw_xy_overlap,,,,149,150,1
935,1,935,28060.0,150,150,0.0,0.0,False,tail_hangs_down_from_top_centre_raw_xy_overlap,,,,151,150,1
936,1,936,28090.0,150,150,0.0,0.0,False,tail_hangs_down_from_top_centre_raw_xy_overlap,,,,150,151,1
937,1,937,28120.0,150,150,0.0,0.0,False,tail_hangs_down_from_top_centre_raw_xy_overlap,,,,149,149,1
938,1,938,28150.0,150,150,0.0,0.0,False,tail_hangs_down_from_top_centre_raw_xy_overlap,,,,151,149,1
939,1,939,28180.0,150,150,0.0,0.0,False,tail_hangs_down_from_top_centre_raw_xy_overlap,,,,149,151,1
940,1,940,28210.0,150,150,0.0,0.0,False,tail_hangs_down_from_top_centre_raw_xy_overlap,,,,151,151,1
941,1,941,28240.0,150,150,0.0,0.0,False,tail_hangs_down_from_top_centre_raw_xy_overlap,,,,150,148,2
942,1,942,28270.0,150,150,0.0,0.0,False,tail_hangs_down_from_top_centre_raw_xy_overlap,,,,152,150,2
943,1,943,28300.0,150,150,0.0,0.0,False,tail_hangs_down_from_top_centre_raw_xy_overlap,,,,150,152,2
944,1,944,28330.0,150,150,0.0,0.0,False,tail_hangs_down_from_top_centre_raw_xy_overlap,,,,149,148,2
945,1,945,28360.0,150,150,0.0,0.0,False,tail_hangs_down_from_top_centre_raw_xy_overlap,,,,151,148,2
946,1,946,28390.0,150,150,0.0,0.0,False,tail_hangs_down_from_top_centre_raw_xy_overlap,,,,148,149,2
947,1,947,28420.0,150,150,0.0,0.0,False,tail_hangs_down_from_top_centre_raw_xy_overlap,,,,152,149,2
948,1,948,28450.0,150,150,0.0,0.0,False,tail_hangs_down_from_top_centre_raw_xy_overlap,,,,148,151,2
949,1,949,28480.0,150,150,0.0,0.0,False,tail_hangs_down_from_top_centre_raw_xy_overlap,,,,152,151,2
950,1,950,28510.0,150,150,0.0,0.0,False,tail_hangs_down_from_top_centre_raw_xy_overlap,,,,149,152,2
951,1,951,28540.0,150,150,0.0,0.0,False,tail_hangs_down_from_top_centre_raw_xy_overlap,,,,151,152,2
952,1,952,28570.0,150,150,0.0,0.0,False,tail_hangs_down_from_top_centre_raw_xy_overlap,,,,148,148,2
953,1,953,28600.0,150,150,0.0,0.0,False,tail_hangs_down_from_top_centre_raw_xy_overlap,,,,152,148,2
954,1,954,28630.0,150,150,0.0,0.0,False,tail_hangs_down_from_top_centre_raw_xy_overlap,,,,148,152,2
955,1,955,28660.0,150,150,0.0,0.0,False,tail_hangs_down_from_top_centre_raw_xy_overlap,,,,152,152,2
956,1,956,28690.0,150,150,0.0,0.0,False,tail_hangs_down_from_top_centre_raw_xy_overlap,,,,150,147,3
957,1,957,28720.0,150,150,0.0,0.0,False,tail_hangs_down_from_top_centre_raw_xy_overlap,,,,153,150,3
958,1,958,28750.0,150,150,0.0,0.0,False,tail_hangs_down_from_top_centre_raw_xy_overlap,,,,150,153,3
959,1,959,28780.0,150,150,0.0,0.0,False,tail_hangs_down_from_top_centre_raw_xy_overlap,,,,149,147,3
960,1,960,28810.0,150,150,0.0,0.0,False,tail_hangs_down_from_top_centre_raw_xy_overlap,,,,151,147,3
961,1,961,28840.0,150,150,0.0,0.0,False,tail_hangs_down_from_top_centre_raw_xy_overlap,,,,147,149,3
962,1,962,28870.0,150,150,0.0,0.0,False,tail_hangs_down_from_top_centre_raw_xy_overlap,,,,153,149,3
963,1,963,28900.0,150,150,0.0,0.0,False,tail_hangs_down_from_top_centre_raw_xy_overlap,,,,147,151,3
964,1,964,28930.0,150,150,0.0,0.0,False,tail_hangs_down_from_top_centre_raw_xy_overlap,,,,153,151,3
965,1,965,28960.0,150,150,0.0,0.0,False,tail_hangs_down_from_top_centre_raw_xy_overlap,,,,149,153,3
966,1,966,28990.0,150,150,0.0,0.0,False,tail_hangs_down_from_top_centre_raw_xy_overlap,,,,151,153,3
967,1,967,29020.0,150,150,0.0,0.0,False,tail_hangs_down_from_top_centre_raw_xy_overlap,,,,148,147,3
968,1,968,29050.0,150,150,0.0,0.0,False,tail_hangs_down_from_top_centre_raw_xy_overlap,,,,152,147,3
969,1,969,29080.0,150,150,0.0,0.0,False,tail_hangs_down_from_top_centre_raw_xy_overlap,,,,147,148,3
970,1,970,29110.0,150,150,0.0,0.0,False,tail_hangs_down_from_top_centre_raw_xy_overlap,,,,153,148,3
971,1,971,29140.0,150,150,0.0,0.0,False,tail_hangs_down_from_top_centre_raw_xy_overlap,,,,147,152,3
972,1,972,29170.0,150,150,0.0,0.0,False,tail_hangs_down_from_top_centre_raw_xy_overlap,,,,153,152,3
973,1,973,29200.0,150,150,0.0,0.0,False,tail_hangs_down_from_top_centre_raw_xy_overlap,,,,148,153,3
974,1,974,29230.0,150,150,0.0,0.0,False,tail_hangs_down_from_top_centre_raw_xy_overlap,,,,152,153,3
975,1,975,29260.0,150,150,0.0,0.0,False,tail_hangs_down_from_top_centre_raw_xy_overlap,,,,147,147,3
976,1,976,29290.0,150,150,0.0,0.0,False,tail_hangs_down_from_top_centre_raw_xy_overlap,,,,153,147,3
977,1,977,29320.0,150,150,0.0,0.0,False,tail_hangs_down_from_top_centre_raw_xy_overlap,,,,147,153,3
978,1,978,29350.0,150,150,0.0,0.0,False,tail_hangs_down_from_top_centre_raw_xy_overlap,,,,153,153,3
979,1,979,29380.0,150,150,0.0,0.0,False,tail_hangs_down_from_top_centre_raw_xy_overlap,,,,150,146,4
980,1,980,29410.0,150,150,0.0,0.0,False,tail_hangs_down_from_top_centre_raw_xy_overlap,,,,154,150,4
981,1,981,29440.0,150,150,0.0,0.0,False,tail_hangs_down_from_top_centre_raw_xy_overlap,,,,150,154,4
982,1,982,29470.0,150,150,0.0,0.0,False,tail_hangs_down_from_top_centre_raw_xy_overlap,,,,149,146,4
983,1,983,29500.0,150,150,0.0,0.0,False,tail_hangs_down_from_top_centre_raw_xy_overlap,,,,151,146,4
984,1,984,29530.0,150,150,0.0,0.0,False,tail_hangs_down_from_top_centre_raw_xy_overlap,,,,146,149,4
985,1,985,29560.0,150,150,0.0,0.0,False,tail_hangs_down_from_top_centre_raw_xy_overlap,,,,154,149,4
986,1,986,29590.0,150,150,0.0,0.0,False,tail_hangs_down_from_top_centre_raw_xy_overlap,,,,146,151,4
987,1,987,29620.0,150,150,0.0,0.0,False,tail_hangs_down_from_top_centre_raw_xy_overlap,,,,154,151,4
988,1,988,29650.0,150,150,0.0,0.0,False,tail_hangs_down_from_top_centre_raw_xy_overlap,,,,149,154,4
989,1,989,29680.0,150,150,0.0,0.0,False,tail_hangs_down_from_top_centre_raw_xy_overlap,,,,151,154,4
990,1,990,29710.0,150,150,0.0,0.0,False,tail_hangs_down_from_top_centre_raw_xy_overlap,,,,148,146,4
991,1,991,29740.0,150,150,0.0,0.0,False,tail_hangs_down_from_top_centre_raw_xy_overlap,,,,152,146,4
992,1,992,29770.0,150,150,0.0,0.0,False,tail_hangs_down_from_top_centre_raw_xy_overlap,,,,146,148,4
993,1,993,29800.0,150,150,0.0,0.0,False,tail_hangs_down_from_top_centre_raw_xy_overlap,,,,154,148,4
994,1,994,29830.0,150,150,0.0,0.0,False,tail_hangs_down_from_top_centre_raw_xy_overlap,,,,146,152,4
995,1,995,29860.0,150,150,0.0,0.0,False,tail_hangs_down_from_top_centre_raw_xy_overlap,,,,154,152,4
996,1,996,29890.0,150,150,0.0,0.0,False,tail_hangs_down_from_top_centre_raw_xy_overlap,,,,148,154,4
997,1,997,29920.0,150,150,0.0,0.0,False,tail_hangs_down_from_top_centre_raw_xy_overlap,,,,152,154,4
998,1,998,29950.0,150,150,0.0,0.0,False,tail_hangs_down_from_top_centre_raw_xy_overlap,,,,147,146,4
999,1,999,29980.0,150,150,0.0,0.0,False,tail_hangs_down_from_top_centre_raw_xy_overlap,,,,153,146,4
1000,2,0,0.0,248,181,1975.26,-641.8,True,on_dome_path_labels_24_to_1_start_side_pentagon_end_top_centre,248,181,0,248,181,0
1001,2,1,30.04,249,182,1987.0,-657.48,True,on_dome_path_labels_24_to_1_start_side_pentagon_end_top_centre,249,182,0,249,182,0
1002,2,2,60.09,249,183,1998.74,-673.16,True,on_dome_path_labels_24_to_1_start_side_pentagon_end_top_centre,249,183,0,249,183,0
1003,2,3,90.13,250,184,2010.48,-688.84,True,on_dome_path_labels_24_to_1_start_side_pentagon_end_top_centre,250,184,0,250,184,0
1004,2,4,120.17,250,185,2022.22,-704.52,True,on_dome_path_labels_24_to_1_start_side_pentagon_end_top_centre,250,185,0,250,185,0
1005,2,5,150.21,251,185,2033.96,-720.2,True,on_dome_path_labels_24_to_1_start_side_pentagon_end_top_centre,251,185,0,251,185,0
1006,2,6,180.26,251,186,2045.7,-735.88,True,on_dome_path_labels_24_to_1_start_side_pentagon_end_top_centre,251,186,0,251,186,0
1007,2,7,210.3,252,187,2057.44,-751.55,True,on_dome_path_labels_24_to_1_start_side_pentagon_end_top_centre,252,187,0,252,187,0
1008,2,8,240.34,253,188,2069.18,-767.23,True,on_dome_path_labels_24_to_1_start_side_pentagon_end_top_centre,253,188,0,253,188,0
1009,2,9,270.39,253,189,2080.92,-782.91,True,on_dome_path_labels_24_to_1_start_side_pentagon_end_top_centre,253,189,0,253,189,0
1010,2,10,300.43,254,189,2092.66,-798.59,True,on_dome_path_labels_24_to_1_start_side_pentagon_end_top_centre,254,189,0,254,189,0
1011,2,11,330.47,254,190,2104.4,-814.27,True,on_dome_path_labels_24_to_1_start_side_pentagon_end_top_centre,254,190,0,254,190,0
1012,2,12,360.52,255,191,2116.14,-829.95,True,on_dome_path_labels_24_to_1_start_side_pentagon_end_top_centre,255,191,0,255,191,0
1013,2,13,390.56,256,192,2127.87,-845.63,True,on_dome_path_labels_24_to_1_start_side_pentagon_end_top_centre,256,192,0,256,192,0
1014,2,14,420.6,256,192,2139.61,-861.31,True,on_dome_path_labels_24_to_1_start_side_pentagon_end_top_centre,256,191,1,256,191,1
1015,2,15,450.64,257,193,2151.35,-876.99,True,on_dome_path_labels_24_to_1_start_side_pentagon_end_top_centre,257,193,0,257,193,0
1016,2,16,480.69,257,194,2163.09,-892.66,True,on_dome_path_labels_24_to_1_start_side_pentagon_end_top_centre,257,194,0,257,194,0
1017,2,17,510.73,258,195,2174.83,-908.34,True,on_dome_path_labels_24_to_1_start_side_pentagon_end_top_centre,258,195,0,258,195,0
1018,2,18,540.77,258,196,2186.57,-924.02,True,on_dome_path_labels_24_to_1_start_side_pentagon_end_top_centre,258,196,0,258,196,0
1019,2,19,570.82,259,196,2198.31,-939.7,True,on_dome_path_labels_24_to_1_start_side_pentagon_end_top_centre,259,196,0,259,196,0
1020,2,20,600.86,260,197,2210.05,-955.38,True,on_dome_path_labels_24_to_1_start_side_pentagon_end_top_centre,260,197,0,260,197,0
1021,2,21,630.9,260,198,2221.79,-971.06,True,on_dome_path_labels_24_to_1_start_side_pentagon_end_top_centre,260,198,0,260,198,0
1022,2,22,660.94,261,199,2233.53,-986.74,True,on_dome_path_labels_24_to_1_start_side_pentagon_end_top_centre,261,199,0,261,199,0
1023,2,23,690.99,261,199,2245.27,-1002.42,True,on_dome_path_labels_24_to_1_start_side_pentagon_end_top_centre,261,198,1,261,198,1
1024,2,24,721.03,262,200,2257.01,-1018.1,True,on_dome_path_labels_24_to_1_start_side_pentagon_end_top_centre,262,200,0,262,200,0
1025,2,25,751.07,263,201,2268.75,-1033.78,True,on_dome_path_labels_24_to_1_start_side_pentagon_end_top_centre,263,201,0,263,201,0
1026,2,26,781.12,263,202,2280.49,-1049.45,True,on_dome_path_labels_24_to_1_start_side_pentagon_end_top_centre,263,202,0,263,202,0
1027,2,27,811.16,264,203,2292.23,-1065.13,True,on_dome_path_labels_24_to_1_start_side_pentagon_end_top_centre,264,203,0,264,203,0
1028,2,28,841.2,264,203,2303.97,-1080.81,True,on_dome_path_labels_24_to_1_start_side_pentagon_end_top_centre,264,202,1,264,202,1
1029,2,29,871.24,265,204,2315.71,-1096.49,True,on_dome_path_labels_24_to_1_start_side_pentagon_end_top_centre,265,204,0,265,204,0
1030,2,30,901.29,265,205,2327.45,-1112.17,True,on_dome_path_labels_24_to_1_start_side_pentagon_end_top_centre,265,205,0,265,205,0
1031,2,31,931.33,266,206,2339.18,-1127.85,True,on_dome_path_labels_24_to_1_start_side_pentagon_end_top_centre,266,206,0,266,206,0
1032,2,32,961.37,267,206,2350.92,-1143.53,True,on_dome_path_labels_24_to_1_start_side_pentagon_end_top_centre,267,206,0,267,206,0
1033,2,33,991.42,267,207,2362.66,-1159.21,True,on_dome_path_labels_24_to_1_start_side_pentagon_end_top_centre,267,207,0,267,207,0
1034,2,34,1021.46,268,208,2374.4,-1174.89,True,on_dome_path_labels_24_to_1_start_side_pentagon_end_top_centre,268,208,0,268,208,0
1035,2,35,1051.5,268,209,2386.14,-1190.56,True,on_dome_path_labels_24_to_1_start_side_pentagon_end_top_centre,268,209,0,268,209,0
1036,2,36,1081.55,269,210,2397.88,-1206.24,True,on_dome_path_labels_24_to_1_start_side_pentagon_end_top_centre,269,210,0,269,210,0
1037,2,37,1111.59,270,210,2409.62,-1221.92,True,on_dome_path_labels_24_to_1_start_side_pentagon_end_top_centre,270,210,0,270,210,0
1038,2,38,1141.63,270,211,2421.36,-1237.6,True,on_dome_path_labels_24_to_1_start_side_pentagon_end_top_centre,270,211,0,270,211,0
1039,2,39,1171.67,271,211,2430.2,-1225.65,True,on_dome_path_labels_24_to_1_start_side_pentagon_end_top_centre,271,211,0,271,211,0
1040,2,40,1201.72,271,209,2437.92,-1203.03,True,on_dome_path_labels_24_to_1_start_side_pentagon_end_top_centre,271,209,0,271,209,0
1041,2,41,1231.76,271,208,2445.65,-1180.42,True,on_dome_path_labels_24_to_1_start_side_pentagon_end_top_centre,271,208,0,271,208,0
1042,2,42,1261.8,272,207,2453.37,-1157.8,True,on_dome_path_labels_24_to_1_start_side_pentagon_end_top_centre,272,207,0,272,207,0
1043,2,43,1291.85,272,206,2461.09,-1135.18,True,on_dome_path_labels_24_to_1_start_side_pentagon_end_top_centre,272,206,0,272,206,0
1044,2,44,1321.89,273,205,2468.81,-1112.56,True,on_dome_path_labels_24_to_1_start_side_pentagon_end_top_centre,273,205,0,273,205,0
1045,2,45,1351.93,273,204,2476.53,-1089.95,True,on_dome_path_labels_24_to_1_start_side_pentagon_end_top_centre,273,204,0,273,204,0
1046,2,46,1381.97,273,203,2484.26,-1067.33,True,on_dome_path_labels_24_to_1_start_side_pentagon_end_top_centre,273,203,0,273,203,0
1047,2,47,1412.02,274,202,2491.98,-1044.71,True,on_dome_path_labels_24_to_1_start_side_pentagon_end_top_centre,274,202,0,274,202,0
1048,2,48,1442.06,274,200,2499.7,-1022.1,True,on_dome_path_labels_24_to_1_start_side_pentagon_end_top_centre,274,200,0,274,200,0
1049,2,49,1472.1,274,199,2507.42,-999.48,True,on_dome_path_labels_24_to_1_start_side_pentagon_end_top_centre,274,199,0,274,199,0
1050,2,50,1502.15,275,198,2515.15,-976.86,True,on_dome_path_labels_24_to_1_start_side_pentagon_end_top_centre,275,198,0,275,198,0
1051,2,51,1532.19,275,197,2522.87,-954.24,True,on_dome_path_labels_24_to_1_start_side_pentagon_end_top_centre,275,197,0,275,197,0
1052,2,52,1562.23,276,196,2530.59,-931.63,True,on_dome_path_labels_24_to_1_start_side_pentagon_end_top_centre,276,196,0,276,196,0
1053,2,53,1592.27,276,195,2538.31,-909.01,True,on_dome_path_labels_24_to_1_start_side_pentagon_end_top_centre,276,195,0,276,195,0
1054,2,54,1622.32,276,194,2546.03,-886.39,True,on_dome_path_labels_24_to_1_start_side_pentagon_end_top_centre,276,194,0,276,194,0
1055,2,55,1652.36,277,193,2553.76,-863.77,True,on_dome_path_labels_24_to_1_start_side_pentagon_end_top_centre,277,193,0,277,193,0
1056,2,56,1682.4,277,191,2561.48,-841.16,True,on_dome_path_labels_24_to_1_start_side_pentagon_end_top_centre,277,191,0,277,191,0
1057,2,57,1712.45,278,190,2569.2,-818.54,True,on_dome_path_labels_24_to_1_start_side_pentagon_end_top_centre,278,190,0,278,190,0
1058,2,58,1742.49,278,189,2576.92,-795.92,True,on_dome_path_labels_24_to_1_start_side_pentagon_end_top_centre,278,189,0,278,189,0
1059,2,59,1772.53,278,188,2584.64,-773.3,True,on_dome_path_labels_24_to_1_start_side_pentagon_end_top_centre,278,188,0,278,188,0
1060,2,60,1802.58,279,187,2592.37,-750.69,True,on_dome_path_labels_24_to_1_start_side_pentagon_end_top_centre,279,187,0,279,187,0
1061,2,61,1832.62,279,186,2600.09,-728.07,True,on_dome_path_labels_24_to_1_start_side_pentagon_end_top_centre,279,186,0,279,186,0
1062,2,62,1862.66,279,185,2607.81,-705.45,True,on_dome_path_labels_24_to_1_start_side_pentagon_end_top_centre,279,185,0,279,185,0
1063,2,63,1892.7,280,184,2615.53,-682.83,True,on_dome_path_labels_24_to_1_start_side_pentagon_end_top_centre,280,184,0,280,184,0
1064,2,64,1922.75,280,182,2623.25,-660.22,True,on_dome_path_labels_24_to_1_start_side_pentagon_end_top_centre,280,182,0,280,182,0
1065,2,65,1952.79,281,181,2630.98,-637.6,True,on_dome_path_labels_24_to_1_start_side_pentagon_end_top_centre,281,181,0,281,181,0
1066,2,66,1982.83,281,180,2638.7,-614.98,True,on_dome_path_labels_24_to_1_start_side_pentagon_end_top_centre,281,180,0,281,180,0
1067,2,67,2012.88,281,179,2646.42,-592.36,True,on_dome_path_labels_24_to_1_start_side_pentagon_end_top_centre,281,179,0,281,179,0
1068,2,68,2042.92,282,178,2654.14,-569.75,True,on_dome_path_labels_24_to_1_start_side_pentagon_end_top_centre,282,178,0,282,178,0
1069,2,69,2072.96,282,177,2661.87,-547.13,True,on_dome_path_labels_24_to_1_start_side_pentagon_end_top_centre,282,177,0,282,177,0
1070,2,70,2103.0,283,176,2669.59,-524.51,True,on_dome_path_labels_24_to_1_start_side_pentagon_end_top_centre,283,176,0,283,176,0
1071,2,71,2133.05,283,175,2677.31,-501.89,True,on_dome_path_labels_24_to_1_start_side_pentagon_end_top_centre,283,175,0,283,175,0
1072,2,72,2163.09,283,173,2685.03,-479.28,True,on_dome_path_labels_24_to_1_start_side_pentagon_end_top_centre,283,173,0,283,173,0
1073,2,73,2193.13,284,172,2692.75,-456.66,True,on_dome_path_labels_24_to_1_start_side_pentagon_end_top_centre,284,172,0,284,172,0
1074,2,74,2223.18,284,171,2700.48,-434.04,True,on_dome_path_labels_24_to_1_start_side_pentagon_end_top_centre,284,171,0,284,171,0
1075,2,75,2253.22,284,170,2708.2,-411.42,True,on_dome_path_labels_24_to_1_start_side_pentagon_end_top_centre,284,170,0,284,170,0
1076,2,76,2283.26,285,169,2715.92,-388.81,True,on_dome_path_labels_24_to_1_start_side_pentagon_end_top_centre,285,169,0,285,169,0
1077,2,77,2313.3,285,168,2720.82,-365.6,True,on_dome_path_labels_24_to_1_start_side_pentagon_end_top_centre,285,168,0,285,168,0
1078,2,78,2343.35,285,167,2722.18,-341.66,True,on_dome_path_labels_24_to_1_start_side_pentagon_end_top_centre,285,167,0,285,167,0
1079,2,79,2373.39,285,165,2723.53,-317.72,True,on_dome_path_labels_24_to_1_start_side_pentagon_end_top_centre,285,165,0,285,165,0
1080,2,80,2403.43,285,164,2724.89,-293.78,True,on_dome_path_labels_24_to_1_start_side_pentagon_end_top_centre,285,164,0,285,164,0
1081,2,81,2433.48,285,163,2726.24,-269.84,True,on_dome_path_labels_24_to_1_start_side_pentagon_end_top_centre,285,163,0,285,163,0
1082,2,82,2463.52,285,162,2727.6,-245.9,True,on_dome_path_labels_24_to_1_start_side_pentagon_end_top_centre,285,162,0,285,162,0
1083,2,83,2493.56,285,161,2728.95,-221.96,True,on_dome_path_labels_24_to_1_start_side_pentagon_end_top_centre,285,161,0,285,161,0
1084,2,84,2523.61,286,159,2730.31,-198.02,True,on_dome_path_labels_24_to_1_start_side_pentagon_end_top_centre,286,159,0,286,159,0
1085,2,85,2553.65,286,158,2731.66,-174.08,True,on_dome_path_labels_24_to_1_start_side_pentagon_end_top_centre,286,158,0,286,158,0
1086,2,86,2583.69,286,157,2733.02,-150.14,True,on_dome_path_labels_24_to_1_start_side_pentagon_end_top_centre,286,157,0,286,157,0
1087,2,87,2613.73,286,156,2734.37,-126.2,True,on_dome_path_labels_24_to_1_start_side_pentagon_end_top_centre,286,156,0,286,156,0
1088,2,88,2643.78,286,155,2735.72,-102.26,True,on_dome_path_labels_24_to_1_start_side_pentagon_end_top_centre,286,155,0,286,155,0
1089,2,89,2673.82,286,153,2737.08,-78.32,True,on_dome_path_labels_24_to_1_start_side_pentagon_end_top_centre,286,153,0,286,153,0
1090,2,90,2703.86,286,152,2738.43,-54.38,True,on_dome_path_labels_24_to_1_start_side_pentagon_end_top_centre,286,152,0,286,152,0
1091,2,91,2733.91,286,151,2739.79,-30.45,True,on_dome_path_labels_24_to_1_start_side_pentagon_end_top_centre,286,151,0,286,151,0
1092,2,92,2763.95,286,150,2741.14,-6.51,True,on_dome_path_labels_24_to_1_start_side_pentagon_end_top_centre,286,150,0,286,150,0
1093,2,93,2793.99,286,149,2742.5,17.43,True,on_dome_path_labels_24_to_1_start_side_pentagon_end_top_centre,286,149,0,286,149,0
1094,2,94,2824.03,286,147,2743.85,41.37,True,on_dome_path_labels_24_to_1_start_side_pentagon_end_top_centre,286,147,0,286,147,0
1095,2,95,2854.08,286,146,2745.21,65.31,True,on_dome_path_labels_24_to_1_start_side_pentagon_end_top_centre,286,146,0,286,146,0
1096,2,96,2884.12,286,145,2746.56,89.25,True,on_dome_path_labels_24_to_1_start_side_pentagon_end_top_centre,286,145,0,286,145,0
1097,2,97,2914.16,286,144,2747.92,113.19,True,on_dome_path_labels_24_to_1_start_side_pentagon_end_top_centre,286,144,0,286,144,0
1098,2,98,2944.21,287,143,2749.27,137.13,True,on_dome_path_labels_24_to_1_start_side_pentagon_end_top_centre,287,143,0,287,143,0
1099,2,99,2974.25,287,141,2750.63,161.07,True,on_dome_path_labels_24_to_1_start_side_pentagon_end_top_centre,287,141,0,287,141,0
1100,2,100,3004.29,287,140,2751.98,185.01,True,on_dome_path_labels_24_to_1_start_side_pentagon_end_top_centre,287,140,0,287,140,0
1101,2,101,3034.33,287,139,2753.34,208.95,True,on_dome_path_labels_24_to_1_start_side_pentagon_end_top_centre,287,139,0,287,139,0
1102,2,102,3064.38,287,138,2754.69,232.89,True,on_dome_path_labels_24_to_1_start_side_pentagon_end_top_centre,287,138,0,287,138,0
1103,2,103,3094.42,287,137,2756.05,256.83,True,on_dome_path_labels_24_to_1_start_side_pentagon_end_top_centre,287,137,0,287,137,0
1104,2,104,3124.46,287,136,2757.4,280.77,True,on_dome_path_labels_24_to_1_start_side_pentagon_end_top_centre,287,136,0,287,136,0
1105,2,105,3154.51,287,134,2758.76,304.71,True,on_dome_path_labels_24_to_1_start_side_pentagon_end_top_centre,287,134,0,287,134,0
1106,2,106,3184.55,287,133,2760.11,328.65,True,on_dome_path_labels_24_to_1_start_side_pentagon_end_top_centre,287,133,0,287,133,0
1107,2,107,3214.59,287,132,2761.47,352.59,True,on_dome_path_labels_24_to_1_start_side_pentagon_end_top_centre,287,132,0,287,132,0
1108,2,108,3244.64,287,131,2762.82,376.53,True,on_dome_path_labels_24_to_1_start_side_pentagon_end_top_centre,287,131,0,287,131,0
1109,2,109,3274.68,287,130,2764.17,400.47,True,on_dome_path_labels_24_to_1_start_side_pentagon_end_top_centre,287,130,0,287,130,0
1110,2,110,3304.72,287,128,2765.53,424.41,True,on_dome_path_labels_24_to_1_start_side_pentagon_end_top_centre,287,128,0,287,128,0
1111,2,111,3334.76,287,127,2766.88,448.35,True,on_dome_path_labels_24_to_1_start_side_pentagon_end_top_centre,287,127,0,287,127,0
1112,2,112,3364.81,287,126,2768.24,472.29,True,on_dome_path_labels_24_to_1_start_side_pentagon_end_top_centre,287,126,0,287,126,0
1113,2,113,3394.85,288,125,2769.59,496.23,True,on_dome_path_labels_24_to_1_start_side_pentagon_end_top_centre,288,125,0,288,125,0
1114,2,114,3424.89,288,124,2770.95,520.17,True,on_dome_path_labels_24_to_1_start_side_pentagon_end_top_centre,288,124,0,288,124,0
1115,2,115,3454.94,288,122,2771.96,543.07,True,on_dome_path_labels_24_to_1_start_side_pentagon_end_top_centre,288,122,0,288,122,0
1116,2,116,3484.98,288,122,2771.23,560.68,True,on_dome_path_labels_24_to_1_start_side_pentagon_end_top_centre,288,121,1,288,121,1
1117,2,117,3515.02,288,121,2770.5,578.28,True,on_dome_path_labels_24_to_1_start_side_pentagon_end_top_centre,288,120,1,288,120,1
1118,2,118,3545.06,288,120,2769.77,595.89,True,on_dome_path_labels_24_to_1_start_side_pentagon_end_top_centre,288,119,1,288,119,1
1119,2,119,3575.11,287,119,2769.04,613.5,True,on_dome_path_labels_24_to_1_start_side_pentagon_end_top_centre,287,119,0,287,119,0
1120,2,120,3605.15,287,118,2768.31,631.11,True,on_dome_path_labels_24_to_1_start_side_pentagon_end_top_centre,287,118,0,287,118,0
1121,2,121,3635.19,287,117,2767.58,648.71,True,on_dome_path_labels_24_to_1_start_side_pentagon_end_top_centre,287,117,0,287,117,0
1122,2,122,3665.24,287,116,2766.85,666.32,True,on_dome_path_labels_24_to_1_start_side_pentagon_end_top_centre,287,116,0,287,116,0
1123,2,123,3695.28,287,115,2766.12,683.93,True,on_dome_path_labels_24_to_1_start_side_pentagon_end_top_centre,287,115,0,287,115,0
1124,2,124,3725.32,287,115,2765.39,701.53,True,on_dome_path_labels_24_to_1_start_side_pentagon_end_top_centre,287,114,1,287,114,1
1125,2,125,3755.36,287,114,2764.66,719.14,True,on_dome_path_labels_24_to_1_start_side_pentagon_end_top_centre,287,113,1,287,113,1
1126,2,126,3785.41,287,113,2763.93,736.75,True,on_dome_path_labels_24_to_1_start_side_pentagon_end_top_centre,287,112,1,287,112,1
1127,2,127,3815.45,287,112,2763.2,754.35,True,on_dome_path_labels_24_to_1_start_side_pentagon_end_top_centre,287,111,1,287,111,1
1128,2,128,3845.49,287,111,2762.47,771.96,True,on_dome_path_labels_24_to_1_start_side_pentagon_end_top_centre,287,110,1,287,110,1
1129,2,129,3875.54,287,110,2761.74,789.57,True,on_dome_path_labels_24_to_1_start_side_pentagon_end_top_centre,287,109,1,287,109,1
1130,2,130,3905.58,287,109,2761.01,807.18,True,on_dome_path_labels_24_to_1_start_side_pentagon_end_top_centre,287,108,1,287,108,1
1131,2,131,3935.62,287,108,2760.28,824.78,True,on_dome_path_labels_24_to_1_start_side_pentagon_end_top_centre,287,107,1,287,107,1
1132,2,132,3965.67,287,108,2759.55,842.39,True,on_dome_path_labels_24_to_1_start_side_pentagon_end_top_centre,286,108,1,286,108,1
1133,2,133,3995.71,287,107,2758.82,860.0,True,on_dome_path_labels_24_to_1_start_side_pentagon_end_top_centre,287,106,1,287,106,1
1134,2,134,4025.75,287,106,2758.09,877.6,True,on_dome_path_labels_24_to_1_start_side_pentagon_end_top_centre,287,105,1,287,105,1
1135,2,135,4055.79,287,105,2757.36,895.21,True,on_dome_path_labels_24_to_1_start_side_pentagon_end_top_centre,287,104,1,287,104,1
1136,2,136,4085.84,287,104,2756.63,912.82,True,on_dome_path_labels_24_to_1_start_side_pentagon_end_top_centre,287,103,1,287,103,1
1137,2,137,4115.88,287,103,2755.9,930.43,True,on_dome_path_labels_24_to_1_start_side_pentagon_end_top_centre,287,102,1,287,102,1
1138,2,138,4145.92,287,102,2755.17,948.03,True,on_dome_path_labels_24_to_1_start_side_pentagon_end_top_centre,287,101,1,287,101,1
1139,2,139,4175.97,287,101,2754.44,965.64,True,on_dome_path_labels_24_to_1_start_side_pentagon_end_top_centre,287,100,1,287,100,1
1140,2,140,4206.01,287,101,2753.71,983.25,True,on_dome_path_labels_24_to_1_start_side_pentagon_end_top_centre,286,101,1,286,101,1
1141,2,141,4236.05,287,100,2752.98,1000.85,True,on_dome_path_labels_24_to_1_start_side_pentagon_end_top_centre,287,99,1,287,99,1
1142,2,142,4266.09,287,99,2752.25,1018.46,True,on_dome_path_labels_24_to_1_start_side_pentagon_end_top_centre,287,98,1,287,98,1
1143,2,143,4296.14,287,98,2751.52,1036.07,True,on_dome_path_labels_24_to_1_start_side_pentagon_end_top_centre,287,97,1,287,97,1
1144,2,144,4326.18,287,97,2750.79,1053.67,True,on_dome_path_labels_24_to_1_start_side_pentagon_end_top_centre,287,96,1,287,96,1
1145,2,145,4356.22,287,96,2750.06,1071.28,True,on_dome_path_labels_24_to_1_start_side_pentagon_end_top_centre,287,95,1,287,95,1
1146,2,146,4386.27,287,95,2749.33,1088.89,True,on_dome_path_labels_24_to_1_start_side_pentagon_end_top_centre,287,94,1,287,94,1
1147,2,147,4416.31,286,94,2748.6,1106.5,True,on_dome_path_labels_24_to_1_start_side_pentagon_end_top_centre,286,94,0,286,94,0
1148,2,148,4446.35,286,93,2747.87,1124.1,True,on_dome_path_labels_24_to_1_start_side_pentagon_end_top_centre,286,93,0,286,93,0
1149,2,149,4476.39,286,93,2747.14,1141.71,True,on_dome_path_labels_24_to_1_start_side_pentagon_end_top_centre,286,92,1,286,92,1
1150,2,150,4506.44,286,92,2746.41,1159.32,True,on_dome_path_labels_24_to_1_start_side_pentagon_end_top_centre,286,91,1,286,91,1
1151,2,151,4536.48,286,91,2745.68,1176.92,True,on_dome_path_labels_24_to_1_start_side_pentagon_end_top_centre,286,90,1,286,90,1
1152,2,152,4566.52,286,90,2744.95,1194.53,True,on_dome_path_labels_24_to_1_start_side_pentagon_end_top_centre,286,89,1,286,89,1
1153,2,153,4596.57,286,89,2744.22,1212.14,True,on_dome_path_labels_24_to_1_start_side_pentagon_end_top_centre,286,88,1,286,88,1
1154,2,154,4626.61,285,89,2725.95,1208.29,True,on_dome_path_labels_24_to_1_start_side_pentagon_end_top_centre,285,89,0,285,89,0
1155,2,155,4656.65,284,90,2705.43,1201.67,True,on_dome_path_labels_24_to_1_start_side_pentagon_end_top_centre,284,90,0,284,90,0
1156,2,156,4686.7,283,90,2684.9,1195.04,True,on_dome_path_labels_24_to_1_start_side_pentagon_end_top_centre,283,90,0,283,90,0
1157,2,157,4716.74,282,90,2664.38,1188.42,True,on_dome_path_labels_24_to_1_start_side_pentagon_end_top_centre,282,90,0,282,90,0
1158,2,158,4746.78,281,91,2643.85,1181.8,True,on_dome_path_labels_24_to_1_start_side_pentagon_end_top_centre,281,91,0,281,91,0
1159,2,159,4776.82,280,91,2623.32,1175.18,True,on_dome_path_labels_24_to_1_start_side_pentagon_end_top_centre,280,91,0,280,91,0
1160,2,160,4806.87,279,91,2602.8,1168.56,True,on_dome_path_labels_24_to_1_start_side_pentagon_end_top_centre,279,91,0,279,91,0
1161,2,161,4836.91,278,92,2582.27,1161.94,True,on_dome_path_labels_24_to_1_start_side_pentagon_end_top_centre,278,92,0,278,92,0
1162,2,162,4866.95,277,92,2561.75,1155.32,True,on_dome_path_labels_24_to_1_start_side_pentagon_end_top_centre,277,92,0,277,92,0
1163,2,163,4897.0,276,92,2541.22,1148.7,True,on_dome_path_labels_24_to_1_start_side_pentagon_end_top_centre,276,92,0,276,92,0
1164,2,164,4927.04,275,93,2520.69,1142.08,True,on_dome_path_labels_24_to_1_start_side_pentagon_end_top_centre,275,93,0,275,93,0
1165,2,165,4957.08,274,93,2500.17,1135.46,True,on_dome_path_labels_24_to_1_start_side_pentagon_end_top_centre,274,93,0,274,93,0
1166,2,166,4987.12,273,93,2479.64,1128.84,True,on_dome_path_labels_24_to_1_start_side_pentagon_end_top_centre,273,93,0,273,93,0
1167,2,167,5017.17,272,94,2459.12,1122.22,True,on_dome_path_labels_24_to_1_start_side_pentagon_end_top_centre,272,94,0,272,94,0
1168,2,168,5047.21,271,94,2438.59,1115.6,True,on_dome_path_labels_24_to_1_start_side_pentagon_end_top_centre,271,94,0,271,94,0
1169,2,169,5077.25,270,94,2418.06,1108.98,True,on_dome_path_labels_24_to_1_start_side_pentagon_end_top_centre,270,94,0,270,94,0
1170,2,170,5107.3,269,95,2397.54,1102.36,True,on_dome_path_labels_24_to_1_start_side_pentagon_end_top_centre,269,95,0,269,95,0
1171,2,171,5137.34,268,95,2377.01,1095.74,True,on_dome_path_labels_24_to_1_start_side_pentagon_end_top_centre,268,95,0,268,95,0
1172,2,172,5167.38,267,95,2356.49,1089.12,True,on_dome_path_labels_24_to_1_start_side_pentagon_end_top_centre,267,95,0,267,95,0
1173,2,173,5197.42,266,96,2335.96,1082.49,True,on_dome_path_labels_24_to_1_start_side_pentagon_end_top_centre,266,96,0,266,96,0
1174,2,174,5227.47,265,96,2315.44,1075.87,True,on_dome_path_labels_24_to_1_start_side_pentagon_end_top_centre,265,96,0,265,96,0
1175,2,175,5257.51,264,96,2294.91,1069.25,True,on_dome_path_labels_24_to_1_start_side_pentagon_end_top_centre,264,96,0,264,96,0
1176,2,176,5287.55,263,97,2274.38,1062.63,True,on_dome_path_labels_24_to_1_start_side_pentagon_end_top_centre,263,97,0,263,97,0
1177,2,177,5317.6,262,97,2253.86,1056.01,True,on_dome_path_labels_24_to_1_start_side_pentagon_end_top_centre,262,97,0,262,97,0
1178,2,178,5347.64,261,97,2233.33,1049.39,True,on_dome_path_labels_24_to_1_start_side_pentagon_end_top_centre,261,97,0,261,97,0
1179,2,179,5377.68,260,98,2212.81,1042.77,True,on_dome_path_labels_24_to_1_start_side_pentagon_end_top_centre,260,98,0,260,98,0
1180,2,180,5407.73,259,98,2192.28,1036.15,True,on_dome_path_labels_24_to_1_start_side_pentagon_end_top_centre,259,98,0,259,98,0
1181,2,181,5437.77,258,98,2171.75,1029.53,True,on_dome_path_labels_24_to_1_start_side_pentagon_end_top_centre,258,98,0,258,98,0
1182,2,182,5467.81,257,99,2151.23,1022.91,True,on_dome_path_labels_24_to_1_start_side_pentagon_end_top_centre,257,99,0,257,99,0
1183,2,183,5497.85,256,99,2130.7,1016.29,True,on_dome_path_labels_24_to_1_start_side_pentagon_end_top_centre,256,99,0,256,99,0
1184,2,184,5527.9,255,99,2110.18,1009.67,True,on_dome_path_labels_24_to_1_start_side_pentagon_end_top_centre,255,99,0,255,99,0
1185,2,185,5557.94,254,100,2089.65,1003.05,True,on_dome_path_labels_24_to_1_start_side_pentagon_end_top_centre,254,100,0,254,100,0
1186,2,186,5587.98,253,100,2069.13,996.43,True,on_dome_path_labels_24_to_1_start_side_pentagon_end_top_centre,253,100,0,253,100,0
1187,2,187,5618.03,252,100,2048.6,989.81,True,on_dome_path_labels_24_to_1_start_side_pentagon_end_top_centre,252,100,0,252,100,0
1188,2,188,5648.07,251,101,2028.07,983.19,True,on_dome_path_labels_24_to_1_start_side_pentagon_end_top_centre,251,101,0,251,101,0
1189,2,189,5678.11,250,101,2007.55,976.56,True,on_dome_path_labels_24_to_1_start_side_pentagon_end_top_centre,250,101,0,250,101,0
1190,2,190,5708.15,249,101,1987.02,969.94,True,on_dome_path_labels_24_to_1_start_side_pentagon_end_top_centre,249,101,0,249,101,0
1191,2,191,5738.2,247,101,1966.5,963.32,True,on_dome_path_labels_24_to_1_start_side_pentagon_end_top_centre,247,101,0,247,101,0
1192,2,192,5768.24,248,102,1971.15,954.22,True,on_dome_path_labels_24_to_1_start_side_pentagon_end_top_centre,248,102,0,248,102,0
1193,2,193,5798.28,249,102,1992.11,943.52,True,on_dome_path_labels_24_to_1_start_side_pentagon_end_top_centre,249,102,0,249,102,0
1194,2,194,5828.33,250,103,2013.06,932.82,True,on_dome_path_labels_24_to_1_start_side_pentagon_end_top_centre,250,103,0,250,103,0
1195,2,195,5858.37,251,104,2034.02,922.11,True,on_dome_path_labels_24_to_1_start_side_pentagon_end_top_centre,251,104,0,251,104,0
1196,2,196,5888.41,252,104,2054.97,911.41,True,on_dome_path_labels_24_to_1_start_side_pentagon_end_top_centre,252,104,0,252,104,0
1197,2,197,5918.45,253,105,2075.93,900.71,True,on_dome_path_labels_24_to_1_start_side_pentagon_end_top_centre,253,105,0,253,105,0
1198,2,198,5948.5,254,105,2096.88,890.01,True,on_dome_path_labels_24_to_1_start_side_pentagon_end_top_centre,254,105,0,254,105,0
1199,2,199,5978.54,255,106,2117.83,879.3,True,on_dome_path_labels_24_to_1_start_side_pentagon_end_top_centre,255,106,0,255,106,0
1200,2,200,6008.58,256,106,2138.79,868.6,True,on_dome_path_labels_24_to_1_start_side_pentagon_end_top_centre,256,106,0,256,106,0
1201,2,201,6038.63,257,107,2159.74,857.9,True,on_dome_path_labels_24_to_1_start_side_pentagon_end_top_centre,257,107,0,257,107,0
1202,2,202,6068.67,258,107,2180.7,847.19,True,on_dome_path_labels_24_to_1_start_side_pentagon_end_top_centre,258,107,0,258,107,0
1203,2,203,6098.71,259,108,2201.65,836.49,True,on_dome_path_labels_24_to_1_start_side_pentagon_end_top_centre,259,108,0,259,108,0
1204,2,204,6128.76,260,108,2222.61,825.79,True,on_dome_path_labels_24_to_1_start_side_pentagon_end_top_centre,260,108,0,260,108,0
1205,2,205,6158.8,261,109,2243.56,815.08,True,on_dome_path_labels_24_to_1_start_side_pentagon_end_top_centre,261,109,0,261,109,0
1206,2,206,6188.84,262,109,2264.51,804.38,True,on_dome_path_labels_24_to_1_start_side_pentagon_end_top_centre,262,109,0,262,109,0
1207,2,207,6218.88,263,110,2285.47,793.68,True,on_dome_path_labels_24_to_1_start_side_pentagon_end_top_centre,263,110,0,263,110,0
1208,2,208,6248.93,264,110,2306.42,782.98,True,on_dome_path_labels_24_to_1_start_side_pentagon_end_top_centre,264,110,0,264,110,0
1209,2,209,6278.97,265,111,2327.38,772.27,True,on_dome_path_labels_24_to_1_start_side_pentagon_end_top_centre,265,111,0,265,111,0
1210,2,210,6309.01,267,112,2348.33,761.57,True,on_dome_path_labels_24_to_1_start_side_pentagon_end_top_centre,267,112,0,267,112,0
1211,2,211,6339.06,268,112,2369.28,750.87,True,on_dome_path_labels_24_to_1_start_side_pentagon_end_top_centre,268,112,0,268,112,0
1212,2,212,6369.1,269,113,2390.24,740.16,True,on_dome_path_labels_24_to_1_start_side_pentagon_end_top_centre,269,113,0,269,113,0
1213,2,213,6399.14,270,113,2411.19,729.46,True,on_dome_path_labels_24_to_1_start_side_pentagon_end_top_centre,270,113,0,270,113,0
1214,2,214,6429.18,271,114,2432.15,718.76,True,on_dome_path_labels_24_to_1_start_side_pentagon_end_top_centre,271,114,0,271,114,0
1215,2,215,6459.23,272,114,2453.1,708.05,True,on_dome_path_labels_24_to_1_start_side_pentagon_end_top_centre,272,114,0,272,114,0
1216,2,216,6489.27,273,115,2474.06,697.35,True,on_dome_path_labels_24_to_1_start_side_pentagon_end_top_centre,273,115,0,273,115,0
1217,2,217,6519.31,274,115,2495.01,686.65,True,on_dome_path_labels_24_to_1_start_side_pentagon_end_top_centre,274,115,0,274,115,0
1218,2,218,6549.36,275,116,2515.96,675.94,True,on_dome_path_labels_24_to_1_start_side_pentagon_end_top_centre,275,116,0,275,116,0
1219,2,219,6579.4,276,116,2536.92,665.24,True,on_dome_path_labels_24_to_1_start_side_pentagon_end_top_centre,276,116,0,276,116,0
1220,2,220,6609.44,277,117,2557.87,654.54,True,on_dome_path_labels_24_to_1_start_side_pentagon_end_top_centre,277,117,0,277,117,0
1221,2,221,6639.48,278,117,2578.83,643.84,True,on_dome_path_labels_24_to_1_start_side_pentagon_end_top_centre,278,117,0,278,117,0
1222,2,222,6669.53,279,118,2599.78,633.13,True,on_dome_path_labels_24_to_1_start_side_pentagon_end_top_centre,279,118,0,279,118,0
1223,2,223,6699.57,280,118,2620.73,622.43,True,on_dome_path_labels_24_to_1_start_side_pentagon_end_top_centre,280,118,0,280,118,0
1224,2,224,6729.61,281,119,2641.69,611.73,True,on_dome_path_labels_24_to_1_start_side_pentagon_end_top_centre,281,119,0,281,119,0
1225,2,225,6759.66,282,120,2662.64,601.02,True,on_dome_path_labels_24_to_1_start_side_pentagon_end_top_centre,282,120,0,282,120,0
1226,2,226,6789.7,283,120,2683.6,590.32,True,on_dome_path_labels_24_to_1_start_side_pentagon_end_top_centre,283,120,0,283,120,0
1227,2,227,6819.74,284,121,2704.55,579.62,True,on_dome_path_labels_24_to_1_start_side_pentagon_end_top_centre,284,121,0,284,121,0
1228,2,228,6849.79,285,121,2725.51,568.91,True,on_dome_path_labels_24_to_1_start_side_pentagon_end_top_centre,285,121,0,285,121,0
1229,2,229,6879.83,286,122,2746.46,558.21,True,on_dome_path_labels_24_to_1_start_side_pentagon_end_top_centre,286,122,0,286,122,0
1230,2,230,6909.87,287,122,2753.78,547.77,True,on_dome_path_labels_24_to_1_start_side_pentagon_end_top_centre,287,122,0,287,122,0
1231,2,231,6939.91,286,123,2733.24,537.87,True,on_dome_path_labels_24_to_1_start_side_pentagon_end_top_centre,286,123,0,286,123,0
1232,2,232,6969.96,285,123,2712.7,527.97,True,on_dome_path_labels_24_to_1_start_side_pentagon_end_top_centre,285,123,0,285,123,0
1233,2,233,7000.0,284,124,2692.16,518.07,True,on_dome_path_labels_24_to_1_start_side_pentagon_end_top_centre,284,124,0,284,124,0
1234,2,234,7030.04,283,124,2671.62,508.17,True,on_dome_path_labels_24_to_1_start_side_pentagon_end_top_centre,283,124,0,283,124,0
1235,2,235,7060.09,282,125,2651.08,498.27,True,on_dome_path_labels_24_to_1_start_side_pentagon_end_top_centre,282,125,0,282,125,0
1236,2,236,7090.13,281,125,2630.54,488.36,True,on_dome_path_labels_24_to_1_start_side_pentagon_end_top_centre,281,125,0,281,125,0
1237,2,237,7120.17,280,126,2610.0,478.46,True,on_dome_path_labels_24_to_1_start_side_pentagon_end_top_centre,280,126,0,280,126,0
1238,2,238,7150.21,279,126,2589.46,468.56,True,on_dome_path_labels_24_to_1_start_side_pentagon_end_top_centre,279,126,0,279,126,0
1239,2,239,7180.26,278,127,2568.92,458.66,True,on_dome_path_labels_24_to_1_start_side_pentagon_end_top_centre,278,127,0,278,127,0
1240,2,240,7210.3,276,127,2548.38,448.76,True,on_dome_path_labels_24_to_1_start_side_pentagon_end_top_centre,276,127,0,276,127,0
1241,2,241,7240.34,275,128,2527.84,438.86,True,on_dome_path_labels_24_to_1_start_side_pentagon_end_top_centre,275,128,0,275,128,0
1242,2,242,7270.39,274,128,2507.3,428.96,True,on_dome_path_labels_24_to_1_start_side_pentagon_end_top_centre,274,128,0,274,128,0
1243,2,243,7300.43,273,129,2486.76,419.06,True,on_dome_path_labels_24_to_1_start_side_pentagon_end_top_centre,273,129,0,273,129,0
1244,2,244,7330.47,272,129,2466.22,409.16,True,on_dome_path_labels_24_to_1_start_side_pentagon_end_top_centre,272,129,0,272,129,0
1245,2,245,7360.52,271,130,2445.68,399.26,True,on_dome_path_labels_24_to_1_start_side_pentagon_end_top_centre,271,130,0,271,130,0
1246,2,246,7390.56,270,130,2425.15,389.35,True,on_dome_path_labels_24_to_1_start_side_pentagon_end_top_centre,270,130,0,270,130,0
1247,2,247,7420.6,269,131,2404.61,379.45,True,on_dome_path_labels_24_to_1_start_side_pentagon_end_top_centre,269,131,0,269,131,0
1248,2,248,7450.64,268,131,2384.07,369.55,True,on_dome_path_labels_24_to_1_start_side_pentagon_end_top_centre,268,131,0,268,131,0
1249,2,249,7480.69,267,132,2363.53,359.65,True,on_dome_path_labels_24_to_1_start_side_pentagon_end_top_centre,267,132,0,267,132,0
1250,2,250,7510.73,266,132,2342.99,349.75,True,on_dome_path_labels_24_to_1_start_side_pentagon_end_top_centre,266,132,0,266,132,0
1251,2,251,7540.77,265,133,2322.45,339.85,True,on_dome_path_labels_24_to_1_start_side_pentagon_end_top_centre,265,133,0,265,133,0
1252,2,252,7570.82,264,133,2301.91,329.95,True,on_dome_path_labels_24_to_1_start_side_pentagon_end_top_centre,264,133,0,264,133,0
1253,2,253,7600.86,263,134,2281.37,320.05,True,on_dome_path_labels_24_to_1_start_side_pentagon_end_top_centre,263,134,0,263,134,0
1254,2,254,7630.9,262,134,2260.83,310.15,True,on_dome_path_labels_24_to_1_start_side_pentagon_end_top_centre,262,134,0,262,134,0
1255,2,255,7660.94,261,135,2240.29,300.24,True,on_dome_path_labels_24_to_1_start_side_pentagon_end_top_centre,261,135,0,261,135,0
1256,2,256,7690.99,260,135,2219.75,290.34,True,on_dome_path_labels_24_to_1_start_side_pentagon_end_top_centre,260,135,0,260,135,0
1257,2,257,7721.03,259,136,2199.21,280.44,True,on_dome_path_labels_24_to_1_start_side_pentagon_end_top_centre,259,136,0,259,136,0
1258,2,258,7751.07,258,136,2178.67,270.54,True,on_dome_path_labels_24_to_1_start_side_pentagon_end_top_centre,258,136,0,258,136,0
1259,2,259,7781.12,257,137,2158.13,260.64,True,on_dome_path_labels_24_to_1_start_side_pentagon_end_top_centre,257,137,0,257,137,0
1260,2,260,7811.16,256,137,2137.59,250.74,True,on_dome_path_labels_24_to_1_start_side_pentagon_end_top_centre,256,137,0,256,137,0
1261,2,261,7841.2,255,137,2117.05,240.84,True,on_dome_path_labels_24_to_1_start_side_pentagon_end_top_centre,255,137,0,255,137,0
1262,2,262,7871.24,254,138,2096.51,230.94,True,on_dome_path_labels_24_to_1_start_side_pentagon_end_top_centre,254,138,0,254,138,0
1263,2,263,7901.29,253,138,2075.97,221.04,True,on_dome_path_labels_24_to_1_start_side_pentagon_end_top_centre,253,138,0,253,138,0
1264,2,264,7931.33,252,139,2055.43,211.14,True,on_dome_path_labels_24_to_1_start_side_pentagon_end_top_centre,252,139,0,252,139,0
1265,2,265,7961.37,251,139,2034.89,201.23,True,on_dome_path_labels_24_to_1_start_side_pentagon_end_top_centre,251,139,0,251,139,0
1266,2,266,7991.42,250,140,2014.35,191.33,True,on_dome_path_labels_24_to_1_start_side_pentagon_end_top_centre,250,140,0,250,140,0
1267,2,267,8021.46,249,140,1993.81,181.43,True,on_dome_path_labels_24_to_1_start_side_pentagon_end_top_centre,249,140,0,249,140,0
1268,2,268,8051.5,248,141,1975.26,171.32,True,on_dome_path_labels_24_to_1_start_side_pentagon_end_top_centre,248,141,0,248,141,0
1269,2,269,8081.55,249,142,1994.44,157.29,True,on_dome_path_labels_24_to_1_start_side_pentagon_end_top_centre,249,142,0,249,142,0
1270,2,270,8111.59,250,142,2013.63,143.25,True,on_dome_path_labels_24_to_1_start_side_pentagon_end_top_centre,250,142,0,250,142,0
1271,2,271,8141.63,251,143,2032.81,129.21,True,on_dome_path_labels_24_to_1_start_side_pentagon_end_top_centre,251,143,0,251,143,0
1272,2,272,8171.67,252,144,2052.0,115.17,True,on_dome_path_labels_24_to_1_start_side_pentagon_end_top_centre,252,144,0,252,144,0
1273,2,273,8201.72,253,144,2071.18,101.13,True,on_dome_path_labels_24_to_1_start_side_pentagon_end_top_centre,253,144,0,253,144,0
1274,2,274,8231.76,254,145,2090.37,87.09,True,on_dome_path_labels_24_to_1_start_side_pentagon_end_top_centre,254,145,0,254,145,0
1275,2,275,8261.8,255,146,2109.55,73.05,True,on_dome_path_labels_24_to_1_start_side_pentagon_end_top_centre,255,146,0,255,146,0
1276,2,276,8291.85,256,147,2128.74,59.01,True,on_dome_path_labels_24_to_1_start_side_pentagon_end_top_centre,256,147,0,256,147,0
1277,2,277,8321.89,257,147,2147.92,44.98,True,on_dome_path_labels_24_to_1_start_side_pentagon_end_top_centre,257,147,0,257,147,0
1278,2,278,8351.93,257,148,2167.11,30.94,True,on_dome_path_labels_24_to_1_start_side_pentagon_end_top_centre,257,148,0,257,148,0
1279,2,279,8381.97,258,149,2186.29,16.9,True,on_dome_path_labels_24_to_1_start_side_pentagon_end_top_centre,258,149,0,258,149,0
1280,2,280,8412.02,259,149,2205.48,2.86,True,on_dome_path_labels_24_to_1_start_side_pentagon_end_top_centre,259,149,0,259,149,0
1281,2,281,8442.06,260,150,2224.66,-11.18,True,on_dome_path_labels_24_to_1_start_side_pentagon_end_top_centre,260,150,0,260,150,0
1282,2,282,8472.1,261,151,2243.85,-25.22,True,on_dome_path_labels_24_to_1_start_side_pentagon_end_top_centre,261,151,0,261,151,0
1283,2,283,8502.15,262,151,2263.03,-39.26,True,on_dome_path_labels_24_to_1_start_side_pentagon_end_top_centre,262,151,0,262,151,0
1284,2,284,8532.19,263,152,2282.22,-53.3,True,on_dome_path_labels_24_to_1_start_side_pentagon_end_top_centre,263,152,0,263,152,0
1285,2,285,8562.23,264,153,2301.4,-67.34,True,on_dome_path_labels_24_to_1_start_side_pentagon_end_top_centre,264,153,0,264,153,0
1286,2,286,8592.27,265,154,2320.59,-81.37,True,on_dome_path_labels_24_to_1_start_side_pentagon_end_top_centre,265,154,0,265,154,0
1287,2,287,8622.32,266,154,2339.77,-95.41,True,on_dome_path_labels_24_to_1_start_side_pentagon_end_top_centre,266,154,0,266,154,0
1288,2,288,8652.36,267,155,2358.96,-109.45,True,on_dome_path_labels_24_to_1_start_side_pentagon_end_top_centre,267,155,0,267,155,0
1289,2,289,8682.4,268,156,2378.14,-123.49,True,on_dome_path_labels_24_to_1_start_side_pentagon_end_top_centre,268,156,0,268,156,0
1290,2,290,8712.45,269,156,2397.33,-137.53,True,on_dome_path_labels_24_to_1_start_side_pentagon_end_top_centre,269,156,0,269,156,0
1291,2,291,8742.49,270,157,2416.51,-151.57,True,on_dome_path_labels_24_to_1_start_side_pentagon_end_top_centre,270,157,0,270,157,0
1292,2,292,8772.53,271,158,2435.7,-165.61,True,on_dome_path_labels_24_to_1_start_side_pentagon_end_top_centre,271,158,0,271,158,0
1293,2,293,8802.58,272,158,2454.88,-179.65,True,on_dome_path_labels_24_to_1_start_side_pentagon_end_top_centre,272,158,0,272,158,0
1294,2,294,8832.62,273,159,2474.07,-193.68,True,on_dome_path_labels_24_to_1_start_side_pentagon_end_top_centre,273,159,0,273,159,0
1295,2,295,8862.66,274,160,2493.25,-207.72,True,on_dome_path_labels_24_to_1_start_side_pentagon_end_top_centre,274,160,0,274,160,0
1296,2,296,8892.7,275,161,2512.44,-221.76,True,on_dome_path_labels_24_to_1_start_side_pentagon_end_top_centre,275,161,0,275,161,0
1297,2,297,8922.75,276,161,2531.62,-235.8,True,on_dome_path_labels_24_to_1_start_side_pentagon_end_top_centre,276,161,0,276,161,0
1298,2,298,8952.79,277,162,2550.81,-249.84,True,on_dome_path_labels_24_to_1_start_side_pentagon_end_top_centre,277,162,0,277,162,0
1299,2,299,8982.83,278,163,2569.99,-263.88,True,on_dome_path_labels_24_to_1_start_side_pentagon_end_top_centre,278,163,0,278,163,0
1300,2,300,9012.88,279,163,2589.18,-277.92,True,on_dome_path_labels_24_to_1_start_side_pentagon_end_top_centre,279,163,0,279,163,0
1301,2,301,9042.92,279,164,2608.36,-291.96,True,on_dome_path_labels_24_to_1_start_side_pentagon_end_top_centre,279,164,0,279,164,0
1302,2,302,9072.96,280,165,2627.55,-305.99,True,on_dome_path_labels_24_to_1_start_side_pentagon_end_top_centre,280,165,0,280,165,0
1303,2,303,9103.0,281,165,2646.73,-320.03,True,on_dome_path_labels_24_to_1_start_side_pentagon_end_top_centre,281,165,0,281,165,0
1304,2,304,9133.05,282,166,2665.92,-334.07,True,on_dome_path_labels_24_to_1_start_side_pentagon_end_top_centre,282,166,0,282,166,0
1305,2,305,9163.09,283,167,2685.1,-348.11,True,on_dome_path_labels_24_to_1_start_side_pentagon_end_top_centre,283,167,0,283,167,0
1306,2,306,9193.13,284,168,2704.29,-362.15,True,on_dome_path_labels_24_to_1_start_side_pentagon_end_top_centre,284,168,0,284,168,0
1307,2,307,9223.18,284,168,2693.97,-370.66,True,on_dome_path_labels_24_to_1_start_side_pentagon_end_top_centre,284,167,1,284,167,1
1308,2,308,9253.22,283,168,2674.92,-377.52,True,on_dome_path_labels_24_to_1_start_side_pentagon_end_top_centre,283,168,0,283,168,0
1309,2,309,9283.26,282,169,2655.86,-384.39,True,on_dome_path_labels_24_to_1_start_side_pentagon_end_top_centre,282,169,0,282,169,0
1310,2,310,9313.3,281,169,2636.81,-391.26,True,on_dome_path_labels_24_to_1_start_side_pentagon_end_top_centre,281,169,0,281,169,0
1311,2,311,9343.35,280,169,2617.76,-398.12,True,on_dome_path_labels_24_to_1_start_side_pentagon_end_top_centre,280,169,0,280,169,0
1312,2,312,9373.39,279,170,2598.7,-404.99,True,on_dome_path_labels_24_to_1_start_side_pentagon_end_top_centre,279,170,0,279,170,0
1313,2,313,9403.43,278,170,2579.65,-411.86,True,on_dome_path_labels_24_to_1_start_side_pentagon_end_top_centre,278,170,0,278,170,0
1314,2,314,9433.48,277,170,2560.6,-418.73,True,on_dome_path_labels_24_to_1_start_side_pentagon_end_top_centre,277,170,0,277,170,0
1315,2,315,9463.52,276,171,2541.54,-425.59,True,on_dome_path_labels_24_to_1_start_side_pentagon_end_top_centre,276,171,0,276,171,0
1316,2,316,9493.56,275,171,2522.49,-432.46,True,on_dome_path_labels_24_to_1_start_side_pentagon_end_top_centre,275,171,0,275,171,0
1317,2,317,9523.61,274,171,2503.43,-439.33,True,on_dome_path_labels_24_to_1_start_side_pentagon_end_top_centre,274,171,0,274,171,0
1318,2,318,9553.65,273,172,2484.38,-446.19,True,on_dome_path_labels_24_to_1_start_side_pentagon_end_top_centre,273,172,0,273,172,0
1319,2,319,9583.69,272,172,2465.33,-453.06,True,on_dome_path_labels_24_to_1_start_side_pentagon_end_top_centre,272,172,0,272,172,0
1320,2,320,9613.73,271,172,2446.27,-459.93,True,on_dome_path_labels_24_to_1_start_side_pentagon_end_top_centre,271,172,0,271,172,0
1321,2,321,9643.78,270,173,2427.22,-466.8,True,on_dome_path_labels_24_to_1_start_side_pentagon_end_top_centre,270,173,0,270,173,0
1322,2,322,9673.82,270,173,2408.17,-473.66,True,on_dome_path_labels_24_to_1_start_side_pentagon_end_top_centre,270,172,1,270,172,1
1323,2,323,9703.86,269,173,2389.11,-480.53,True,on_dome_path_labels_24_to_1_start_side_pentagon_end_top_centre,269,173,0,269,173,0
1324,2,324,9733.91,268,174,2370.06,-487.4,True,on_dome_path_labels_24_to_1_start_side_pentagon_end_top_centre,268,174,0,268,174,0
1325,2,325,9763.95,267,174,2351.0,-494.26,True,on_dome_path_labels_24_to_1_start_side_pentagon_end_top_centre,267,174,0,267,174,0
1326,2,326,9793.99,266,174,2331.95,-501.13,True,on_dome_path_labels_24_to_1_start_side_pentagon_end_top_centre,266,174,0,266,174,0
1327,2,327,9824.03,265,175,2312.9,-508.0,True,on_dome_path_labels_24_to_1_start_side_pentagon_end_top_centre,265,175,0,265,175,0
1328,2,328,9854.08,264,175,2293.84,-514.87,True,on_dome_path_labels_24_to_1_start_side_pentagon_end_top_centre,264,175,0,264,175,0
1329,2,329,9884.12,263,175,2274.79,-521.73,True,on_dome_path_labels_24_to_1_start_side_pentagon_end_top_centre,263,175,0,263,175,0
1330,2,330,9914.16,262,176,2255.73,-528.6,True,on_dome_path_labels_24_to_1_start_side_pentagon_end_top_centre,262,176,0,262,176,0
1331,2,331,9944.21,261,176,2236.68,-535.47,True,on_dome_path_labels_24_to_1_start_side_pentagon_end_top_centre,261,176,0,261,176,0
1332,2,332,9974.25,260,177,2217.63,-542.33,True,on_dome_path_labels_24_to_1_start_side_pentagon_end_top_centre,260,177,0,260,177,0
1333,2,333,10004.29,259,177,2198.57,-549.2,True,on_dome_path_labels_24_to_1_start_side_pentagon_end_top_centre,259,177,0,259,177,0
1334,2,334,10034.33,258,177,2179.52,-556.07,True,on_dome_path_labels_24_to_1_start_side_pentagon_end_top_centre,258,177,0,258,177,0
1335,2,335,10064.38,257,178,2160.47,-562.94,True,on_dome_path_labels_24_to_1_start_side_pentagon_end_top_centre,257,178,0,257,178,0
1336,2,336,10094.42,256,178,2141.41,-569.8,True,on_dome_path_labels_24_to_1_start_side_pentagon_end_top_centre,256,178,0,256,178,0
1337,2,337,10124.46,255,178,2122.36,-576.67,True,on_dome_path_labels_24_to_1_start_side_pentagon_end_top_centre,255,178,0,255,178,0
1338,2,338,10154.51,254,179,2103.3,-583.54,True,on_dome_path_labels_24_to_1_start_side_pentagon_end_top_centre,254,179,0,254,179,0
1339,2,339,10184.55,253,179,2084.25,-590.4,True,on_dome_path_labels_24_to_1_start_side_pentagon_end_top_centre,253,179,0,253,179,0
1340,2,340,10214.59,252,179,2065.2,-597.27,True,on_dome_path_labels_24_to_1_start_side_pentagon_end_top_centre,252,179,0,252,179,0
1341,2,341,10244.64,251,180,2046.14,-604.14,True,on_dome_path_labels_24_to_1_start_side_pentagon_end_top_centre,251,180,0,251,180,0
1342,2,342,10274.68,251,180,2027.09,-611.0,True,on_dome_path_labels_24_to_1_start_side_pentagon_end_top_centre,251,179,1,251,179,1
1343,2,343,10304.72,250,180,2008.04,-617.87,True,on_dome_path_labels_24_to_1_start_side_pentagon_end_top_centre,250,180,0,250,180,0
1344,2,344,10334.76,249,181,1988.98,-624.74,True,on_dome_path_labels_24_to_1_start_side_pentagon_end_top_centre,249,181,0,249,181,0
1345,2,345,10364.81,248,181,1973.26,-636.7,True,on_dome_path_labels_24_to_1_start_side_pentagon_end_top_centre,248,180,1,248,180,1
1346,2,346,10394.85,247,182,1960.98,-653.89,True,on_dome_path_labels_24_to_1_start_side_pentagon_end_top_centre,247,182,0,247,182,0
1347,2,347,10424.89,247,183,1948.69,-671.09,True,on_dome_path_labels_24_to_1_start_side_pentagon_end_top_centre,247,183,0,247,183,0
1348,2,348,10454.94,246,184,1936.41,-688.29,True,on_dome_path_labels_24_to_1_start_side_pentagon_end_top_centre,246,184,0,246,184,0
1349,2,349,10484.98,245,185,1924.12,-705.48,True,on_dome_path_labels_24_to_1_start_side_pentagon_end_top_centre,245,185,0,245,185,0
1350,2,350,10515.02,245,186,1911.84,-722.68,True,on_dome_path_labels_24_to_1_start_side_pentagon_end_top_centre,245,186,0,245,186,0
1351,2,351,10545.06,244,186,1899.55,-739.88,True,on_dome_path_labels_24_to_1_start_side_pentagon_end_top_centre,244,186,0,244,186,0
1352,2,352,10575.11,244,187,1887.26,-757.08,True,on_dome_path_labels_24_to_1_start_side_pentagon_end_top_centre,244,187,0,244,187,0
1353,2,353,10605.15,243,188,1874.98,-774.27,True,on_dome_path_labels_24_to_1_start_side_pentagon_end_top_centre,243,188,0,243,188,0
1354,2,354,10635.19,242,189,1862.69,-791.47,True,on_dome_path_labels_24_to_1_start_side_pentagon_end_top_centre,242,189,0,242,189,0
1355,2,355,10665.24,242,190,1850.41,-808.67,True,on_dome_path_labels_24_to_1_start_side_pentagon_end_top_centre,242,190,0,242,190,0
1356,2,356,10695.28,241,191,1838.12,-825.86,True,on_dome_path_labels_24_to_1_start_side_pentagon_end_top_centre,241,191,0,241,191,0
1357,2,357,10725.32,240,192,1825.84,-843.06,True,on_dome_path_labels_24_to_1_start_side_pentagon_end_top_centre,240,192,0,240,192,0
1358,2,358,10755.36,240,192,1813.55,-860.26,True,on_dome_path_labels_24_to_1_start_side_pentagon_end_top_centre,240,191,1,240,191,1
1359,2,359,10785.41,239,193,1801.26,-877.45,True,on_dome_path_labels_24_to_1_start_side_pentagon_end_top_centre,239,193,0,239,193,0
1360,2,360,10815.45,239,194,1788.98,-894.65,True,on_dome_path_labels_24_to_1_start_side_pentagon_end_top_centre,239,194,0,239,194,0
1361,2,361,10845.49,238,195,1776.69,-911.85,True,on_dome_path_labels_24_to_1_start_side_pentagon_end_top_centre,238,195,0,238,195,0
1362,2,362,10875.54,237,196,1764.41,-929.04,True,on_dome_path_labels_24_to_1_start_side_pentagon_end_top_centre,237,196,0,237,196,0
1363,2,363,10905.58,237,197,1752.12,-946.24,True,on_dome_path_labels_24_to_1_start_side_pentagon_end_top_centre,237,197,0,237,197,0
1364,2,364,10935.62,236,198,1739.84,-963.44,True,on_dome_path_labels_24_to_1_start_side_pentagon_end_top_centre,236,198,0,236,198,0
1365,2,365,10965.67,236,198,1727.55,-980.63,True,on_dome_path_labels_24_to_1_start_side_pentagon_end_top_centre,236,197,1,236,197,1
1366,2,366,10995.71,235,199,1715.26,-997.83,True,on_dome_path_labels_24_to_1_start_side_pentagon_end_top_centre,235,199,0,235,199,0
1367,2,367,11025.75,234,200,1702.98,-1015.03,True,on_dome_path_labels_24_to_1_start_side_pentagon_end_top_centre,234,200,0,234,200,0
1368,2,368,11055.79,234,201,1690.69,-1032.23,True,on_dome_path_labels_24_to_1_start_side_pentagon_end_top_centre,234,201,0,234,201,0
1369,2,369,11085.84,233,202,1678.41,-1049.42,True,on_dome_path_labels_24_to_1_start_side_pentagon_end_top_centre,233,202,0,233,202,0
1370,2,370,11115.88,233,203,1666.12,-1066.62,True,on_dome_path_labels_24_to_1_start_side_pentagon_end_top_centre,233,203,0,233,203,0
1371,2,371,11145.92,232,204,1653.84,-1083.82,True,on_dome_path_labels_24_to_1_start_side_pentagon_end_top_centre,232,204,0,232,204,0
1372,2,372,11175.97,231,204,1641.55,-1101.01,True,on_dome_path_labels_24_to_1_start_side_pentagon_end_top_centre,231,204,0,231,204,0
1373,2,373,11206.01,231,205,1629.27,-1118.21,True,on_dome_path_labels_24_to_1_start_side_pentagon_end_top_centre,231,205,0,231,205,0
1374,2,374,11236.05,230,206,1616.98,-1135.41,True,on_dome_path_labels_24_to_1_start_side_pentagon_end_top_centre,230,206,0,230,206,0
1375,2,375,11266.09,229,207,1604.69,-1152.6,True,on_dome_path_labels_24_to_1_start_side_pentagon_end_top_centre,229,207,0,229,207,0
1376,2,376,11296.14,229,208,1592.41,-1169.8,True,on_dome_path_labels_24_to_1_start_side_pentagon_end_top_centre,229,208,0,229,208,0
1377,2,377,11326.18,228,209,1580.12,-1187.0,True,on_dome_path_labels_24_to_1_start_side_pentagon_end_top_centre,228,209,0,228,209,0
1378,2,378,11356.22,228,210,1567.84,-1204.19,True,on_dome_path_labels_24_to_1_start_side_pentagon_end_top_centre,228,210,0,228,210,0
1379,2,379,11386.27,227,210,1555.55,-1221.39,True,on_dome_path_labels_24_to_1_start_side_pentagon_end_top_centre,227,210,0,227,210,0
1380,2,380,11416.31,226,211,1543.27,-1238.59,True,on_dome_path_labels_24_to_1_start_side_pentagon_end_top_centre,226,211,0,226,211,0
1381,2,381,11446.35,226,212,1530.98,-1255.78,True,on_dome_path_labels_24_to_1_start_side_pentagon_end_top_centre,226,212,0,226,212,0
1382,2,382,11476.39,225,213,1518.69,-1272.98,True,on_dome_path_labels_24_to_1_start_side_pentagon_end_top_centre,225,213,0,225,213,0
1383,2,383,11506.44,225,213,1507.34,-1281.51,True,on_dome_path_labels_24_to_1_start_side_pentagon_end_top_centre,225,212,1,225,212,1
1384,2,384,11536.48,224,212,1499.4,-1258.28,True,on_dome_path_labels_24_to_1_start_side_pentagon_end_top_centre,224,212,0,224,212,0
1385,2,385,11566.52,224,211,1491.47,-1235.04,True,on_dome_path_labels_24_to_1_start_side_pentagon_end_top_centre,224,211,0,224,211,0
1386,2,386,11596.57,223,210,1483.53,-1211.8,True,on_dome_path_labels_24_to_1_start_side_pentagon_end_top_centre,223,210,0,223,210,0
1387,2,387,11626.61,223,209,1475.6,-1188.56,True,on_dome_path_labels_24_to_1_start_side_pentagon_end_top_centre,223,209,0,223,209,0
1388,2,388,11656.65,223,208,1467.66,-1165.33,True,on_dome_path_labels_24_to_1_start_side_pentagon_end_top_centre,223,208,0,223,208,0
1389,2,389,11686.7,222,206,1459.72,-1142.09,True,on_dome_path_labels_24_to_1_start_side_pentagon_end_top_centre,222,206,0,222,206,0
1390,2,390,11716.74,222,205,1451.79,-1118.85,True,on_dome_path_labels_24_to_1_start_side_pentagon_end_top_centre,222,205,0,222,205,0
1391,2,391,11746.78,221,204,1443.85,-1095.62,True,on_dome_path_labels_24_to_1_start_side_pentagon_end_top_centre,221,204,0,221,204,0
1392,2,392,11776.82,221,203,1435.92,-1072.38,True,on_dome_path_labels_24_to_1_start_side_pentagon_end_top_centre,221,203,0,221,203,0
1393,2,393,11806.87,221,202,1427.98,-1049.14,True,on_dome_path_labels_24_to_1_start_side_pentagon_end_top_centre,221,202,0,221,202,0
1394,2,394,11836.91,220,201,1420.04,-1025.9,True,on_dome_path_labels_24_to_1_start_side_pentagon_end_top_centre,220,201,0,220,201,0
1395,2,395,11866.95,220,199,1412.11,-1002.67,True,on_dome_path_labels_24_to_1_start_side_pentagon_end_top_centre,220,199,0,220,199,0
1396,2,396,11897.0,219,198,1404.17,-979.43,True,on_dome_path_labels_24_to_1_start_side_pentagon_end_top_centre,219,198,0,219,198,0
1397,2,397,11927.04,219,197,1396.24,-956.19,True,on_dome_path_labels_24_to_1_start_side_pentagon_end_top_centre,219,197,0,219,197,0
1398,2,398,11957.08,219,196,1388.3,-932.95,True,on_dome_path_labels_24_to_1_start_side_pentagon_end_top_centre,219,196,0,219,196,0
1399,2,399,11987.12,218,195,1380.36,-909.72,True,on_dome_path_labels_24_to_1_start_side_pentagon_end_top_centre,218,195,0,218,195,0
1400,2,400,12017.17,218,194,1372.43,-886.48,True,on_dome_path_labels_24_to_1_start_side_pentagon_end_top_centre,218,194,0,218,194,0
1401,2,401,12047.21,217,193,1364.49,-863.24,True,on_dome_path_labels_24_to_1_start_side_pentagon_end_top_centre,217,193,0,217,193,0
1402,2,402,12077.25,217,191,1356.56,-840.01,True,on_dome_path_labels_24_to_1_start_side_pentagon_end_top_centre,217,191,0,217,191,0
1403,2,403,12107.3,217,190,1348.62,-816.77,True,on_dome_path_labels_24_to_1_start_side_pentagon_end_top_centre,217,190,0,217,190,0
1404,2,404,12137.34,216,189,1340.68,-793.53,True,on_dome_path_labels_24_to_1_start_side_pentagon_end_top_centre,216,189,0,216,189,0
1405,2,405,12167.38,216,188,1332.75,-770.29,True,on_dome_path_labels_24_to_1_start_side_pentagon_end_top_centre,216,188,0,216,188,0
1406,2,406,12197.42,216,187,1324.81,-747.06,True,on_dome_path_labels_24_to_1_start_side_pentagon_end_top_centre,216,187,0,216,187,0
1407,2,407,12227.47,215,186,1316.88,-723.82,True,on_dome_path_labels_24_to_1_start_side_pentagon_end_top_centre,215,186,0,215,186,0
1408,2,408,12257.51,215,184,1308.94,-700.58,True,on_dome_path_labels_24_to_1_start_side_pentagon_end_top_centre,215,184,0,215,184,0
1409,2,409,12287.55,214,183,1301.0,-677.34,True,on_dome_path_labels_24_to_1_start_side_pentagon_end_top_centre,214,183,0,214,183,0
1410,2,410,12317.6,214,182,1293.07,-654.11,True,on_dome_path_labels_24_to_1_start_side_pentagon_end_top_centre,214,182,0,214,182,0
1411,2,411,12347.64,214,181,1285.13,-630.87,True,on_dome_path_labels_24_to_1_start_side_pentagon_end_top_centre,214,181,0,214,181,0
1412,2,412,12377.68,213,180,1277.2,-607.63,True,on_dome_path_labels_24_to_1_start_side_pentagon_end_top_centre,213,180,0,213,180,0
1413,2,413,12407.73,213,179,1269.26,-584.4,True,on_dome_path_labels_24_to_1_start_side_pentagon_end_top_centre,213,179,0,213,179,0
1414,2,414,12437.77,212,177,1261.32,-561.16,True,on_dome_path_labels_24_to_1_start_side_pentagon_end_top_centre,212,177,0,212,177,0
1415,2,415,12467.81,212,176,1253.39,-537.92,True,on_dome_path_labels_24_to_1_start_side_pentagon_end_top_centre,212,176,0,212,176,0
1416,2,416,12497.85,212,175,1245.45,-514.68,True,on_dome_path_labels_24_to_1_start_side_pentagon_end_top_centre,212,175,0,212,175,0
1417,2,417,12527.9,211,174,1237.52,-491.45,True,on_dome_path_labels_24_to_1_start_side_pentagon_end_top_centre,211,174,0,211,174,0
1418,2,418,12557.94,211,173,1229.58,-468.21,True,on_dome_path_labels_24_to_1_start_side_pentagon_end_top_centre,211,173,0,211,173,0
1419,2,419,12587.98,210,172,1221.64,-444.97,True,on_dome_path_labels_24_to_1_start_side_pentagon_end_top_centre,210,172,0,210,172,0
1420,2,420,12618.03,210,171,1213.71,-421.73,True,on_dome_path_labels_24_to_1_start_side_pentagon_end_top_centre,210,171,0,210,171,0
1421,2,421,12648.07,210,169,1205.77,-398.5,True,on_dome_path_labels_24_to_1_start_side_pentagon_end_top_centre,210,169,0,210,169,0
1422,2,422,12678.11,210,170,1223.64,-402.67,True,on_dome_path_labels_24_to_1_start_side_pentagon_end_top_centre,210,170,0,210,170,0
1423,2,423,12708.15,211,170,1243.27,-408.73,True,on_dome_path_labels_24_to_1_start_side_pentagon_end_top_centre,211,170,0,211,170,0
1424,2,424,12738.2,212,170,1262.91,-414.79,True,on_dome_path_labels_24_to_1_start_side_pentagon_end_top_centre,212,170,0,212,170,0
1425,2,425,12768.24,213,170,1282.55,-420.85,True,on_dome_path_labels_24_to_1_start_side_pentagon_end_top_centre,213,170,0,213,170,0
1426,2,426,12798.28,214,171,1302.18,-426.91,True,on_dome_path_labels_24_to_1_start_side_pentagon_end_top_centre,214,171,0,214,171,0
1427,2,427,12828.33,215,171,1321.82,-432.97,True,on_dome_path_labels_24_to_1_start_side_pentagon_end_top_centre,215,171,0,215,171,0
1428,2,428,12858.37,216,171,1341.46,-439.03,True,on_dome_path_labels_24_to_1_start_side_pentagon_end_top_centre,216,171,0,216,171,0
1429,2,429,12888.41,217,172,1361.09,-445.08,True,on_dome_path_labels_24_to_1_start_side_pentagon_end_top_centre,217,172,0,217,172,0
1430,2,430,12918.45,218,172,1380.73,-451.14,True,on_dome_path_labels_24_to_1_start_side_pentagon_end_top_centre,218,172,0,218,172,0
1431,2,431,12948.5,219,172,1400.37,-457.2,True,on_dome_path_labels_24_to_1_start_side_pentagon_end_top_centre,219,172,0,219,172,0
1432,2,432,12978.54,220,173,1420.0,-463.26,True,on_dome_path_labels_24_to_1_start_side_pentagon_end_top_centre,220,173,0,220,173,0
1433,2,433,13008.58,221,173,1439.64,-469.32,True,on_dome_path_labels_24_to_1_start_side_pentagon_end_top_centre,221,173,0,221,173,0
1434,2,434,13038.63,222,173,1459.28,-475.38,True,on_dome_path_labels_24_to_1_start_side_pentagon_end_top_centre,222,173,0,222,173,0
1435,2,435,13068.67,223,173,1478.91,-481.44,True,on_dome_path_labels_24_to_1_start_side_pentagon_end_top_centre,223,173,0,223,173,0
1436,2,436,13098.71,224,174,1498.55,-487.5,True,on_dome_path_labels_24_to_1_start_side_pentagon_end_top_centre,224,174,0,224,174,0
1437,2,437,13128.76,225,174,1518.18,-493.56,True,on_dome_path_labels_24_to_1_start_side_pentagon_end_top_centre,225,174,0,225,174,0
1438,2,438,13158.8,226,174,1537.82,-499.61,True,on_dome_path_labels_24_to_1_start_side_pentagon_end_top_centre,226,174,0,226,174,0
1439,2,439,13188.84,227,175,1557.46,-505.67,True,on_dome_path_labels_24_to_1_start_side_pentagon_end_top_centre,227,175,0,227,175,0
1440,2,440,13218.88,228,175,1577.09,-511.73,True,on_dome_path_labels_24_to_1_start_side_pentagon_end_top_centre,228,175,0,228,175,0
1441,2,441,13248.93,229,175,1596.73,-517.79,True,on_dome_path_labels_24_to_1_start_side_pentagon_end_top_centre,229,175,0,229,175,0
1442,2,442,13278.97,230,176,1616.37,-523.85,True,on_dome_path_labels_24_to_1_start_side_pentagon_end_top_centre,230,176,0,230,176,0
1443,2,443,13309.01,231,176,1636.0,-529.91,True,on_dome_path_labels_24_to_1_start_side_pentagon_end_top_centre,231,176,0,231,176,0
1444,2,444,13339.06,232,176,1655.64,-535.97,True,on_dome_path_labels_24_to_1_start_side_pentagon_end_top_centre,232,176,0,232,176,0
1445,2,445,13369.1,233,177,1675.28,-542.03,True,on_dome_path_labels_24_to_1_start_side_pentagon_end_top_centre,233,177,0,233,177,0
1446,2,446,13399.14,234,177,1694.91,-548.08,True,on_dome_path_labels_24_to_1_start_side_pentagon_end_top_centre,234,177,0,234,177,0
1447,2,447,13429.18,235,177,1714.55,-554.14,True,on_dome_path_labels_24_to_1_start_side_pentagon_end_top_centre,235,177,0,235,177,0
1448,2,448,13459.23,236,177,1734.19,-560.2,True,on_dome_path_labels_24_to_1_start_side_pentagon_end_top_centre,236,177,0,236,177,0
1449,2,449,13489.27,237,178,1753.82,-566.26,True,on_dome_path_labels_24_to_1_start_side_pentagon_end_top_centre,237,178,0,237,178,0
1450,2,450,13519.31,238,178,1773.46,-572.32,True,on_dome_path_labels_24_to_1_start_side_pentagon_end_top_centre,238,178,0,238,178,0
1451,2,451,13549.36,239,178,1793.1,-578.38,True,on_dome_path_labels_24_to_1_start_side_pentagon_end_top_centre,239,178,0,239,178,0
1452,2,452,13579.4,240,179,1812.73,-584.44,True,on_dome_path_labels_24_to_1_start_side_pentagon_end_top_centre,240,179,0,240,179,0
1453,2,453,13609.44,241,179,1832.37,-590.5,True,on_dome_path_labels_24_to_1_start_side_pentagon_end_top_centre,241,179,0,241,179,0
1454,2,454,13639.48,242,179,1852.01,-596.56,True,on_dome_path_labels_24_to_1_start_side_pentagon_end_top_centre,242,179,0,242,179,0
1455,2,455,13669.53,243,180,1871.64,-602.61,True,on_dome_path_labels_24_to_1_start_side_pentagon_end_top_centre,243,180,0,243,180,0
1456,2,456,13699.57,244,180,1891.28,-608.67,True,on_dome_path_labels_24_to_1_start_side_pentagon_end_top_centre,244,180,0,244,180,0
1457,2,457,13729.61,245,180,1910.92,-614.73,True,on_dome_path_labels_24_to_1_start_side_pentagon_end_top_centre,245,180,0,245,180,0
1458,2,458,13759.66,246,180,1930.55,-620.79,True,on_dome_path_labels_24_to_1_start_side_pentagon_end_top_centre,246,180,0,246,180,0
1459,2,459,13789.7,247,181,1950.19,-626.85,True,on_dome_path_labels_24_to_1_start_side_pentagon_end_top_centre,247,181,0,247,181,0
1460,2,460,13819.74,247,180,1957.05,-615.27,True,on_dome_path_labels_24_to_1_start_side_pentagon_end_top_centre,247,180,0,247,180,0
1461,2,461,13849.79,247,179,1957.25,-594.49,True,on_dome_path_labels_24_to_1_start_side_pentagon_end_top_centre,247,179,0,247,179,0
1462,2,462,13879.83,247,178,1957.45,-573.7,True,on_dome_path_labels_24_to_1_start_side_pentagon_end_top_centre,247,178,0,247,178,0
1463,2,463,13909.87,247,177,1957.65,-552.92,True,on_dome_path_labels_24_to_1_start_side_pentagon_end_top_centre,247,177,0,247,177,0
1464,2,464,13939.91,247,176,1957.85,-532.14,True,on_dome_path_labels_24_to_1_start_side_pentagon_end_top_centre,247,176,0,247,176,0
1465,2,465,13969.96,247,175,1958.05,-511.36,True,on_dome_path_labels_24_to_1_start_side_pentagon_end_top_centre,247,175,0,247,175,0
1466,2,466,14000.0,247,174,1958.25,-490.57,True,on_dome_path_labels_24_to_1_start_side_pentagon_end_top_centre,247,174,0,247,174,0
1467,2,467,14030.04,247,173,1958.45,-469.79,True,on_dome_path_labels_24_to_1_start_side_pentagon_end_top_centre,247,173,0,247,173,0
1468,2,468,14060.09,247,172,1958.65,-449.01,True,on_dome_path_labels_24_to_1_start_side_pentagon_end_top_centre,247,172,0,247,172,0
1469,2,469,14090.13,247,171,1958.85,-428.23,True,on_dome_path_labels_24_to_1_start_side_pentagon_end_top_centre,247,171,0,247,171,0
1470,2,470,14120.17,247,170,1959.05,-407.44,True,on_dome_path_labels_24_to_1_start_side_pentagon_end_top_centre,247,170,0,247,170,0
1471,2,471,14150.21,247,169,1959.25,-386.66,True,on_dome_path_labels_24_to_1_start_side_pentagon_end_top_centre,247,169,0,247,169,0
1472,2,472,14180.26,247,168,1959.44,-365.88,True,on_dome_path_labels_24_to_1_start_side_pentagon_end_top_centre,247,168,0,247,168,0
1473,2,473,14210.3,247,167,1959.64,-345.1,True,on_dome_path_labels_24_to_1_start_side_pentagon_end_top_centre,247,167,0,247,167,0
1474,2,474,14240.34,247,166,1959.84,-324.31,True,on_dome_path_labels_24_to_1_start_side_pentagon_end_top_centre,247,166,0,247,166,0
1475,2,475,14270.39,247,165,1960.04,-303.53,True,on_dome_path_labels_24_to_1_start_side_pentagon_end_top_centre,247,165,0,247,165,0
1476,2,476,14300.43,247,164,1960.24,-282.75,True,on_dome_path_labels_24_to_1_start_side_pentagon_end_top_centre,247,164,0,247,164,0
1477,2,477,14330.47,247,163,1960.44,-261.96,True,on_dome_path_labels_24_to_1_start_side_pentagon_end_top_centre,247,163,0,247,163,0
1478,2,478,14360.52,247,162,1960.64,-241.18,True,on_dome_path_labels_24_to_1_start_side_pentagon_end_top_centre,247,162,0,247,162,0
1479,2,479,14390.56,247,160,1960.84,-220.4,True,on_dome_path_labels_24_to_1_start_side_pentagon_end_top_centre,247,160,0,247,160,0
1480,2,480,14420.6,247,159,1961.04,-199.62,True,on_dome_path_labels_24_to_1_start_side_pentagon_end_top_centre,247,159,0,247,159,0
1481,2,481,14450.64,247,158,1961.24,-178.83,True,on_dome_path_labels_24_to_1_start_side_pentagon_end_top_centre,247,158,0,247,158,0
1482,2,482,14480.69,247,157,1961.44,-158.05,True,on_dome_path_labels_24_to_1_start_side_pentagon_end_top_centre,247,157,0,247,157,0
1483,2,483,14510.73,247,156,1961.64,-137.27,True,on_dome_path_labels_24_to_1_start_side_pentagon_end_top_centre,247,156,0,247,156,0
1484,2,484,14540.77,247,155,1961.84,-116.49,True,on_dome_path_labels_24_to_1_start_side_pentagon_end_top_centre,247,155,0,247,155,0
1485,2,485,14570.82,247,154,1962.04,-95.7,True,on_dome_path_labels_24_to_1_start_side_pentagon_end_top_centre,247,154,0,247,154,0
1486,2,486,14600.86,247,153,1962.24,-74.92,True,on_dome_path_labels_24_to_1_start_side_pentagon_end_top_centre,247,153,0,247,153,0
1487,2,487,14630.9,247,152,1962.44,-54.14,True,on_dome_path_labels_24_to_1_start_side_pentagon_end_top_centre,247,152,0,247,152,0
1488,2,488,14660.94,247,151,1962.64,-33.36,True,on_dome_path_labels_24_to_1_start_side_pentagon_end_top_centre,247,151,0,247,151,0
1489,2,489,14690.99,247,150,1962.83,-12.57,True,on_dome_path_labels_24_to_1_start_side_pentagon_end_top_centre,247,150,0,247,150,0
1490,2,490,14721.03,247,149,1963.03,8.21,True,on_dome_path_labels_24_to_1_start_side_pentagon_end_top_centre,247,149,0,247,149,0
1491,2,491,14751.07,247,148,1963.23,28.99,True,on_dome_path_labels_24_to_1_start_side_pentagon_end_top_centre,247,148,0,247,148,0
1492,2,492,14781.12,247,147,1963.43,49.78,True,on_dome_path_labels_24_to_1_start_side_pentagon_end_top_centre,247,147,0,247,147,0
1493,2,493,14811.16,247,146,1963.63,70.56,True,on_dome_path_labels_24_to_1_start_side_pentagon_end_top_centre,247,146,0,247,146,0
1494,2,494,14841.2,247,145,1963.83,91.34,True,on_dome_path_labels_24_to_1_start_side_pentagon_end_top_centre,247,145,0,247,145,0
1495,2,495,14871.24,247,144,1964.03,112.12,True,on_dome_path_labels_24_to_1_start_side_pentagon_end_top_centre,247,144,0,247,144,0
1496,2,496,14901.29,247,143,1964.23,132.91,True,on_dome_path_labels_24_to_1_start_side_pentagon_end_top_centre,247,143,0,247,143,0
1497,2,497,14931.33,247,142,1964.43,153.69,True,on_dome_path_labels_24_to_1_start_side_pentagon_end_top_centre,247,142,0,247,142,0
1498,2,498,14961.37,247,141,1964.63,174.47,True,on_dome_path_labels_24_to_1_start_side_pentagon_end_top_centre,247,141,0,247,141,0
1499,2,499,14991.42,247,140,1964.7,194.84,True,on_dome_path_labels_24_to_1_start_side_pentagon_end_top_centre,247,140,0,247,140,0
1500,2,500,15021.46,247,139,1964.44,214.07,True,on_dome_path_labels_24_to_1_start_side_pentagon_end_top_centre,247,139,0,247,139,0
1501,2,501,15051.5,247,138,1964.18,233.3,True,on_dome_path_labels_24_to_1_start_side_pentagon_end_top_centre,247,138,0,247,138,0
1502,2,502,15081.55,247,137,1963.91,252.53,True,on_dome_path_labels_24_to_1_start_side_pentagon_end_top_centre,247,137,0,247,137,0
1503,2,503,15111.59,247,136,1963.65,271.76,True,on_dome_path_labels_24_to_1_start_side_pentagon_end_top_centre,247,136,0,247,136,0
1504,2,504,15141.63,247,135,1963.38,290.99,True,on_dome_path_labels_24_to_1_start_side_pentagon_end_top_centre,247,135,0,247,135,0
1505,2,505,15171.67,247,134,1963.12,310.22,True,on_dome_path_labels_24_to_1_start_side_pentagon_end_top_centre,247,134,0,247,134,0
1506,2,506,15201.72,247,133,1962.86,329.46,True,on_dome_path_labels_24_to_1_start_side_pentagon_end_top_centre,247,133,0,247,133,0
1507,2,507,15231.76,247,132,1962.59,348.69,True,on_dome_path_labels_24_to_1_start_side_pentagon_end_top_centre,247,132,0,247,132,0
1508,2,508,15261.8,247,131,1962.33,367.92,True,on_dome_path_labels_24_to_1_start_side_pentagon_end_top_centre,247,131,0,247,131,0
1509,2,509,15291.85,247,130,1962.06,387.15,True,on_dome_path_labels_24_to_1_start_side_pentagon_end_top_centre,247,130,0,247,130,0
1510,2,510,15321.89,247,129,1961.8,406.38,True,on_dome_path_labels_24_to_1_start_side_pentagon_end_top_centre,247,129,0,247,129,0
1511,2,511,15351.93,247,128,1961.54,425.61,True,on_dome_path_labels_24_to_1_start_side_pentagon_end_top_centre,247,128,0,247,128,0
1512,2,512,15381.97,247,127,1961.27,444.84,True,on_dome_path_labels_24_to_1_start_side_pentagon_end_top_centre,247,127,0,247,127,0
1513,2,513,15412.02,247,126,1961.01,464.07,True,on_dome_path_labels_24_to_1_start_side_pentagon_end_top_centre,247,126,0,247,126,0
1514,2,514,15442.06,247,125,1960.74,483.3,True,on_dome_path_labels_24_to_1_start_side_pentagon_end_top_centre,247,125,0,247,125,0
1515,2,515,15472.1,247,124,1960.48,502.54,True,on_dome_path_labels_24_to_1_start_side_pentagon_end_top_centre,247,124,0,247,124,0
1516,2,516,15502.15,247,123,1960.22,521.77,True,on_dome_path_labels_24_to_1_start_side_pentagon_end_top_centre,247,123,0,247,123,0
1517,2,517,15532.19,247,123,1959.95,541.0,True,on_dome_path_labels_24_to_1_start_side_pentagon_end_top_centre,247,122,1,247,122,1
1518,2,518,15562.23,247,122,1959.69,560.23,True,on_dome_path_labels_24_to_1_start_side_pentagon_end_top_centre,247,121,1,247,121,1
1519,2,519,15592.27,247,121,1959.42,579.46,True,on_dome_path_labels_24_to_1_start_side_pentagon_end_top_centre,247,120,1,247,120,1
1520,2,520,15622.32,247,120,1959.16,598.69,True,on_dome_path_labels_24_to_1_start_side_pentagon_end_top_centre,247,119,1,247,119,1
1521,2,521,15652.36,247,119,1958.9,617.92,True,on_dome_path_labels_24_to_1_start_side_pentagon_end_top_centre,247,118,1,247,118,1
1522,2,522,15682.4,247,118,1958.63,637.15,True,on_dome_path_labels_24_to_1_start_side_pentagon_end_top_centre,247,117,1,247,117,1
1523,2,523,15712.45,247,117,1958.37,656.39,True,on_dome_path_labels_24_to_1_start_side_pentagon_end_top_centre,247,116,1,247,116,1
1524,2,524,15742.49,247,116,1958.1,675.62,True,on_dome_path_labels_24_to_1_start_side_pentagon_end_top_centre,247,115,1,247,115,1
1525,2,525,15772.53,247,115,1957.84,694.85,True,on_dome_path_labels_24_to_1_start_side_pentagon_end_top_centre,247,114,1,247,114,1
1526,2,526,15802.58,247,114,1957.58,714.08,True,on_dome_path_labels_24_to_1_start_side_pentagon_end_top_centre,247,113,1,247,113,1
1527,2,527,15832.62,247,113,1957.31,733.31,True,on_dome_path_labels_24_to_1_start_side_pentagon_end_top_centre,247,112,1,247,112,1
1528,2,528,15862.66,247,112,1957.05,752.54,True,on_dome_path_labels_24_to_1_start_side_pentagon_end_top_centre,247,111,1,247,111,1
1529,2,529,15892.7,247,111,1956.78,771.77,True,on_dome_path_labels_24_to_1_start_side_pentagon_end_top_centre,247,110,1,247,110,1
1530,2,530,15922.75,247,110,1956.52,791.0,True,on_dome_path_labels_24_to_1_start_side_pentagon_end_top_centre,247,109,1,247,109,1
1531,2,531,15952.79,247,109,1956.26,810.23,True,on_dome_path_labels_24_to_1_start_side_pentagon_end_top_centre,247,108,1,247,108,1
1532,2,532,15982.83,247,108,1955.99,829.47,True,on_dome_path_labels_24_to_1_start_side_pentagon_end_top_centre,247,107,1,247,107,1
1533,2,533,16012.88,247,107,1955.73,848.7,True,on_dome_path_labels_24_to_1_start_side_pentagon_end_top_centre,247,106,1,247,106,1
1534,2,534,16042.92,247,106,1955.46,867.93,True,on_dome_path_labels_24_to_1_start_side_pentagon_end_top_centre,247,105,1,247,105,1
1535,2,535,16072.96,247,105,1955.2,887.16,True,on_dome_path_labels_24_to_1_start_side_pentagon_end_top_centre,247,104,1,247,104,1
1536,2,536,16103.0,247,104,1954.94,906.39,True,on_dome_path_labels_24_to_1_start_side_pentagon_end_top_centre,247,103,1,247,103,1
1537,2,537,16133.05,247,103,1954.67,925.62,True,on_dome_path_labels_24_to_1_start_side_pentagon_end_top_centre,247,102,1,247,102,1
1538,2,538,16163.09,247,102,1954.41,944.85,True,on_dome_path_labels_24_to_1_start_side_pentagon_end_top_centre,246,102,1,246,102,1
1539,2,539,16193.13,246,103,1935.41,937.92,True,on_dome_path_labels_24_to_1_start_side_pentagon_end_top_centre,246,103,0,246,103,0
1540,2,540,16223.18,245,103,1913.88,927.45,True,on_dome_path_labels_24_to_1_start_side_pentagon_end_top_centre,245,103,0,245,103,0
1541,2,541,16253.22,244,104,1892.35,916.98,True,on_dome_path_labels_24_to_1_start_side_pentagon_end_top_centre,244,104,0,244,104,0
1542,2,542,16283.26,243,104,1870.83,906.52,True,on_dome_path_labels_24_to_1_start_side_pentagon_end_top_centre,243,104,0,243,104,0
1543,2,543,16313.3,242,105,1849.3,896.05,True,on_dome_path_labels_24_to_1_start_side_pentagon_end_top_centre,242,105,0,242,105,0
1544,2,544,16343.35,241,105,1827.77,885.58,True,on_dome_path_labels_24_to_1_start_side_pentagon_end_top_centre,241,105,0,241,105,0
1545,2,545,16373.39,240,106,1806.24,875.11,True,on_dome_path_labels_24_to_1_start_side_pentagon_end_top_centre,240,106,0,240,106,0
1546,2,546,16403.43,238,106,1784.71,864.64,True,on_dome_path_labels_24_to_1_start_side_pentagon_end_top_centre,238,106,0,238,106,0
1547,2,547,16433.48,237,107,1763.18,854.17,True,on_dome_path_labels_24_to_1_start_side_pentagon_end_top_centre,237,107,0,237,107,0
1548,2,548,16463.52,236,107,1741.66,843.7,True,on_dome_path_labels_24_to_1_start_side_pentagon_end_top_centre,236,107,0,236,107,0
1549,2,549,16493.56,235,108,1720.13,833.24,True,on_dome_path_labels_24_to_1_start_side_pentagon_end_top_centre,235,108,0,235,108,0
1550,2,550,16523.61,234,108,1698.6,822.77,True,on_dome_path_labels_24_to_1_start_side_pentagon_end_top_centre,234,108,0,234,108,0
1551,2,551,16553.65,233,109,1677.07,812.3,True,on_dome_path_labels_24_to_1_start_side_pentagon_end_top_centre,233,109,0,233,109,0
1552,2,552,16583.69,232,110,1655.54,801.83,True,on_dome_path_labels_24_to_1_start_side_pentagon_end_top_centre,232,110,0,232,110,0
1553,2,553,16613.73,231,110,1634.02,791.36,True,on_dome_path_labels_24_to_1_start_side_pentagon_end_top_centre,231,110,0,231,110,0
1554,2,554,16643.78,230,111,1612.49,780.89,True,on_dome_path_labels_24_to_1_start_side_pentagon_end_top_centre,230,111,0,230,111,0
1555,2,555,16673.82,229,111,1590.96,770.43,True,on_dome_path_labels_24_to_1_start_side_pentagon_end_top_centre,229,111,0,229,111,0
1556,2,556,16703.86,228,112,1569.43,759.96,True,on_dome_path_labels_24_to_1_start_side_pentagon_end_top_centre,228,112,0,228,112,0
1557,2,557,16733.91,227,112,1547.9,749.49,True,on_dome_path_labels_24_to_1_start_side_pentagon_end_top_centre,227,112,0,227,112,0
1558,2,558,16763.95,226,113,1526.37,739.02,True,on_dome_path_labels_24_to_1_start_side_pentagon_end_top_centre,226,113,0,226,113,0
1559,2,559,16793.99,224,113,1504.85,728.55,True,on_dome_path_labels_24_to_1_start_side_pentagon_end_top_centre,224,113,0,224,113,0
1560,2,560,16824.03,223,114,1483.32,718.08,True,on_dome_path_labels_24_to_1_start_side_pentagon_end_top_centre,223,114,0,223,114,0
1561,2,561,16854.08,222,114,1461.79,707.62,True,on_dome_path_labels_24_to_1_start_side_pentagon_end_top_centre,222,114,0,222,114,0
1562,2,562,16884.12,221,115,1440.26,697.15,True,on_dome_path_labels_24_to_1_start_side_pentagon_end_top_centre,221,115,0,221,115,0
1563,2,563,16914.16,220,115,1418.73,686.68,True,on_dome_path_labels_24_to_1_start_side_pentagon_end_top_centre,220,115,0,220,115,0
1564,2,564,16944.21,219,116,1397.2,676.21,True,on_dome_path_labels_24_to_1_start_side_pentagon_end_top_centre,219,116,0,219,116,0
1565,2,565,16974.25,218,116,1375.68,665.74,True,on_dome_path_labels_24_to_1_start_side_pentagon_end_top_centre,218,116,0,218,116,0
1566,2,566,17004.29,217,117,1354.15,655.27,True,on_dome_path_labels_24_to_1_start_side_pentagon_end_top_centre,217,117,0,217,117,0
1567,2,567,17034.33,216,117,1332.62,644.81,True,on_dome_path_labels_24_to_1_start_side_pentagon_end_top_centre,216,117,0,216,117,0
1568,2,568,17064.38,215,118,1311.09,634.34,True,on_dome_path_labels_24_to_1_start_side_pentagon_end_top_centre,215,118,0,215,118,0
1569,2,569,17094.42,214,118,1289.56,623.87,True,on_dome_path_labels_24_to_1_start_side_pentagon_end_top_centre,214,118,0,214,118,0
1570,2,570,17124.46,213,119,1268.03,613.4,True,on_dome_path_labels_24_to_1_start_side_pentagon_end_top_centre,213,119,0,213,119,0
1571,2,571,17154.51,212,119,1246.51,602.93,True,on_dome_path_labels_24_to_1_start_side_pentagon_end_top_centre,212,119,0,212,119,0
1572,2,572,17184.55,211,120,1224.98,592.46,True,on_dome_path_labels_24_to_1_start_side_pentagon_end_top_centre,211,120,0,211,120,0
1573,2,573,17214.59,209,120,1203.45,581.99,True,on_dome_path_labels_24_to_1_start_side_pentagon_end_top_centre,209,120,0,209,120,0
1574,2,574,17244.64,208,121,1181.92,571.53,True,on_dome_path_labels_24_to_1_start_side_pentagon_end_top_centre,208,121,0,208,121,0
1575,2,575,17274.68,207,122,1160.39,561.06,True,on_dome_path_labels_24_to_1_start_side_pentagon_end_top_centre,207,122,0,207,122,0
1576,2,576,17304.72,206,122,1138.86,550.59,True,on_dome_path_labels_24_to_1_start_side_pentagon_end_top_centre,206,122,0,206,122,0
1577,2,577,17334.76,205,123,1117.34,540.12,True,on_dome_path_labels_24_to_1_start_side_pentagon_end_top_centre,205,123,0,205,123,0
1578,2,578,17364.81,205,123,1117.45,530.22,True,on_dome_path_labels_24_to_1_start_side_pentagon_end_top_centre,205,122,1,205,122,1
1579,2,579,17394.85,206,124,1139.83,520.91,True,on_dome_path_labels_24_to_1_start_side_pentagon_end_top_centre,206,124,0,206,124,0
1580,2,580,17424.89,207,124,1162.21,511.6,True,on_dome_path_labels_24_to_1_start_side_pentagon_end_top_centre,207,124,0,207,124,0
1581,2,581,17454.94,209,124,1184.58,502.28,True,on_dome_path_labels_24_to_1_start_side_pentagon_end_top_centre,209,124,0,209,124,0
1582,2,582,17484.98,210,125,1206.96,492.97,True,on_dome_path_labels_24_to_1_start_side_pentagon_end_top_centre,210,125,0,210,125,0
1583,2,583,17515.02,211,125,1229.34,483.65,True,on_dome_path_labels_24_to_1_start_side_pentagon_end_top_centre,211,125,0,211,125,0
1584,2,584,17545.06,212,126,1251.72,474.34,True,on_dome_path_labels_24_to_1_start_side_pentagon_end_top_centre,212,126,0,212,126,0
1585,2,585,17575.11,213,126,1274.1,465.03,True,on_dome_path_labels_24_to_1_start_side_pentagon_end_top_centre,213,126,0,213,126,0
1586,2,586,17605.15,214,127,1296.48,455.71,True,on_dome_path_labels_24_to_1_start_side_pentagon_end_top_centre,214,127,0,214,127,0
1587,2,587,17635.19,215,127,1318.86,446.4,True,on_dome_path_labels_24_to_1_start_side_pentagon_end_top_centre,215,127,0,215,127,0
1588,2,588,17665.24,216,128,1341.24,437.09,True,on_dome_path_labels_24_to_1_start_side_pentagon_end_top_centre,216,128,0,216,128,0
1589,2,589,17695.28,217,128,1363.62,427.77,True,on_dome_path_labels_24_to_1_start_side_pentagon_end_top_centre,217,128,0,217,128,0
1590,2,590,17725.32,219,129,1385.99,418.46,True,on_dome_path_labels_24_to_1_start_side_pentagon_end_top_centre,219,129,0,219,129,0
1591,2,591,17755.36,220,129,1408.37,409.15,True,on_dome_path_labels_24_to_1_start_side_pentagon_end_top_centre,220,129,0,220,129,0
1592,2,592,17785.41,221,130,1430.75,399.83,True,on_dome_path_labels_24_to_1_start_side_pentagon_end_top_centre,221,130,0,221,130,0
1593,2,593,17815.45,222,130,1453.13,390.52,True,on_dome_path_labels_24_to_1_start_side_pentagon_end_top_centre,222,130,0,222,130,0
1594,2,594,17845.49,223,131,1475.51,381.21,True,on_dome_path_labels_24_to_1_start_side_pentagon_end_top_centre,223,131,0,223,131,0
1595,2,595,17875.54,224,131,1497.89,371.89,True,on_dome_path_labels_24_to_1_start_side_pentagon_end_top_centre,224,131,0,224,131,0
1596,2,596,17905.58,225,131,1520.27,362.58,True,on_dome_path_labels_24_to_1_start_side_pentagon_end_top_centre,225,131,0,225,131,0
1597,2,597,17935.62,226,132,1542.65,353.26,True,on_dome_path_labels_24_to_1_start_side_pentagon_end_top_centre,226,132,0,226,132,0
1598,2,598,17965.67,227,132,1565.03,343.95,True,on_dome_path_labels_24_to_1_start_side_pentagon_end_top_centre,227,132,0,227,132,0
1599,2,599,17995.71,229,133,1587.4,334.64,True,on_dome_path_labels_24_to_1_start_side_pentagon_end_top_centre,229,133,0,229,133,0
1600,2,600,18025.75,230,133,1609.78,325.32,True,on_dome_path_labels_24_to_1_start_side_pentagon_end_top_centre,230,133,0,230,133,0
1601,2,601,18055.79,231,134,1632.16,316.01,True,on_dome_path_labels_24_to_1_start_side_pentagon_end_top_centre,231,134,0,231,134,0
1602,2,602,18085.84,232,134,1654.54,306.7,True,on_dome_path_labels_24_to_1_start_side_pentagon_end_top_centre,232,134,0,232,134,0
1603,2,603,18115.88,233,135,1676.92,297.38,True,on_dome_path_labels_24_to_1_start_side_pentagon_end_top_centre,233,135,0,233,135,0
1604,2,604,18145.92,234,135,1699.3,288.07,True,on_dome_path_labels_24_to_1_start_side_pentagon_end_top_centre,234,135,0,234,135,0
1605,2,605,18175.97,235,136,1721.68,278.76,True,on_dome_path_labels_24_to_1_start_side_pentagon_end_top_centre,235,136,0,235,136,0
1606,2,606,18206.01,236,136,1744.06,269.44,True,on_dome_path_labels_24_to_1_start_side_pentagon_end_top_centre,236,136,0,236,136,0
1607,2,607,18236.05,238,137,1766.43,260.13,True,on_dome_path_labels_24_to_1_start_side_pentagon_end_top_centre,238,137,0,238,137,0
1608,2,608,18266.09,239,137,1788.81,250.82,True,on_dome_path_labels_24_to_1_start_side_pentagon_end_top_centre,239,137,0,239,137,0
1609,2,609,18296.14,240,137,1811.19,241.5,True,on_dome_path_labels_24_to_1_start_side_pentagon_end_top_centre,240,137,0,240,137,0
1610,2,610,18326.18,241,138,1833.57,232.19,True,on_dome_path_labels_24_to_1_start_side_pentagon_end_top_centre,241,138,0,241,138,0
1611,2,611,18356.22,242,138,1855.95,222.88,True,on_dome_path_labels_24_to_1_start_side_pentagon_end_top_centre,242,138,0,242,138,0
1612,2,612,18386.27,243,139,1878.33,213.56,True,on_dome_path_labels_24_to_1_start_side_pentagon_end_top_centre,243,139,0,243,139,0
1613,2,613,18416.31,244,139,1900.71,204.25,True,on_dome_path_labels_24_to_1_start_side_pentagon_end_top_centre,244,139,0,244,139,0
1614,2,614,18446.35,245,140,1923.09,194.93,True,on_dome_path_labels_24_to_1_start_side_pentagon_end_top_centre,245,140,0,245,140,0
1615,2,615,18476.39,246,140,1945.47,185.62,True,on_dome_path_labels_24_to_1_start_side_pentagon_end_top_centre,246,140,0,246,140,0
1616,2,616,18506.44,248,141,1967.84,176.31,True,on_dome_path_labels_24_to_1_start_side_pentagon_end_top_centre,248,140,1,248,140,1
1617,2,617,18536.48,248,141,1985.81,166.5,True,on_dome_path_labels_24_to_1_start_side_pentagon_end_top_centre,249,141,1,249,141,1
1618,2,618,18566.52,247,142,1966.04,152.5,True,on_dome_path_labels_24_to_1_start_side_pentagon_end_top_centre,246,142,1,246,142,1
1619,2,619,18596.57,246,143,1946.28,138.51,True,on_dome_path_labels_24_to_1_start_side_pentagon_end_top_centre,246,143,0,246,143,0
1620,2,620,18626.61,246,143,1926.51,124.51,True,on_dome_path_labels_24_to_1_start_side_pentagon_end_top_centre,245,143,1,245,143,1
1621,2,621,18656.65,245,144,1906.74,110.51,True,on_dome_path_labels_24_to_1_start_side_pentagon_end_top_centre,245,144,0,245,144,0
1622,2,622,18686.7,244,145,1886.98,96.51,True,on_dome_path_labels_24_to_1_start_side_pentagon_end_top_centre,244,145,0,244,145,0
1623,2,623,18716.74,243,145,1867.21,82.51,True,on_dome_path_labels_24_to_1_start_side_pentagon_end_top_centre,243,145,0,243,145,0
1624,2,624,18746.78,242,146,1847.44,68.51,True,on_dome_path_labels_24_to_1_start_side_pentagon_end_top_centre,242,146,0,242,146,0
1625,2,625,18776.82,241,147,1827.68,54.51,True,on_dome_path_labels_24_to_1_start_side_pentagon_end_top_centre,241,147,0,241,147,0
1626,2,626,18806.87,240,147,1807.91,40.51,True,on_dome_path_labels_24_to_1_start_side_pentagon_end_top_centre,240,147,0,240,147,0
1627,2,627,18836.91,239,148,1788.14,26.51,True,on_dome_path_labels_24_to_1_start_side_pentagon_end_top_centre,239,148,0,239,148,0
1628,2,628,18866.95,238,149,1768.38,12.51,True,on_dome_path_labels_24_to_1_start_side_pentagon_end_top_centre,238,149,0,238,149,0
1629,2,629,18897.0,237,150,1748.61,-1.48,True,on_dome_path_labels_24_to_1_start_side_pentagon_end_top_centre,237,150,0,237,150,0
1630,2,630,18927.04,236,150,1728.85,-15.48,True,on_dome_path_labels_24_to_1_start_side_pentagon_end_top_centre,236,150,0,236,150,0
1631,2,631,18957.08,235,151,1709.08,-29.48,True,on_dome_path_labels_24_to_1_start_side_pentagon_end_top_centre,235,151,0,235,151,0
1632,2,632,18987.12,234,152,1689.31,-43.48,True,on_dome_path_labels_24_to_1_start_side_pentagon_end_top_centre,234,152,0,234,152,0
1633,2,633,19017.17,233,152,1669.55,-57.48,True,on_dome_path_labels_24_to_1_start_side_pentagon_end_top_centre,233,152,0,233,152,0
1634,2,634,19047.21,232,153,1649.78,-71.48,True,on_dome_path_labels_24_to_1_start_side_pentagon_end_top_centre,232,153,0,232,153,0
1635,2,635,19077.25,231,154,1630.01,-85.48,True,on_dome_path_labels_24_to_1_start_side_pentagon_end_top_centre,231,154,0,231,154,0
1636,2,636,19107.3,230,154,1610.25,-99.48,True,on_dome_path_labels_24_to_1_start_side_pentagon_end_top_centre,230,154,0,230,154,0
1637,2,637,19137.34,229,155,1590.48,-113.48,True,on_dome_path_labels_24_to_1_start_side_pentagon_end_top_centre,229,155,0,229,155,0
1638,2,638,19167.38,228,156,1570.71,-127.48,True,on_dome_path_labels_24_to_1_start_side_pentagon_end_top_centre,228,156,0,228,156,0
1639,2,639,19197.42,227,157,1550.95,-141.47,True,on_dome_path_labels_24_to_1_start_side_pentagon_end_top_centre,227,157,0,227,157,0
1640,2,640,19227.47,226,157,1531.18,-155.47,True,on_dome_path_labels_24_to_1_start_side_pentagon_end_top_centre,226,157,0,226,157,0
1641,2,641,19257.51,225,158,1511.42,-169.47,True,on_dome_path_labels_24_to_1_start_side_pentagon_end_top_centre,225,158,0,225,158,0
1642,2,642,19287.55,224,159,1491.65,-183.47,True,on_dome_path_labels_24_to_1_start_side_pentagon_end_top_centre,224,159,0,224,159,0
1643,2,643,19317.6,223,159,1471.88,-197.47,True,on_dome_path_labels_24_to_1_start_side_pentagon_end_top_centre,223,159,0,223,159,0
1644,2,644,19347.64,222,160,1452.12,-211.47,True,on_dome_path_labels_24_to_1_start_side_pentagon_end_top_centre,222,160,0,222,160,0
1645,2,645,19377.68,221,161,1432.35,-225.47,True,on_dome_path_labels_24_to_1_start_side_pentagon_end_top_centre,221,161,0,221,161,0
1646,2,646,19407.73,220,161,1412.58,-239.47,True,on_dome_path_labels_24_to_1_start_side_pentagon_end_top_centre,220,161,0,220,161,0
1647,2,647,19437.77,219,162,1392.82,-253.47,True,on_dome_path_labels_24_to_1_start_side_pentagon_end_top_centre,219,162,0,219,162,0
1648,2,648,19467.81,218,163,1373.05,-267.47,True,on_dome_path_labels_24_to_1_start_side_pentagon_end_top_centre,218,163,0,218,163,0
1649,2,649,19497.85,217,164,1353.28,-281.46,True,on_dome_path_labels_24_to_1_start_side_pentagon_end_top_centre,217,164,0,217,164,0
1650,2,650,19527.9,216,164,1333.52,-295.46,True,on_dome_path_labels_24_to_1_start_side_pentagon_end_top_centre,216,164,0,216,164,0
1651,2,651,19557.94,215,165,1313.75,-309.46,True,on_dome_path_labels_24_to_1_start_side_pentagon_end_top_centre,215,165,0,215,165,0
1652,2,652,19587.98,214,166,1293.99,-323.46,True,on_dome_path_labels_24_to_1_start_side_pentagon_end_top_centre,214,166,0,214,166,0
1653,2,653,19618.03,213,166,1274.22,-337.46,True,on_dome_path_labels_24_to_1_start_side_pentagon_end_top_centre,213,166,0,213,166,0
1654,2,654,19648.07,212,167,1254.45,-351.46,True,on_dome_path_labels_24_to_1_start_side_pentagon_end_top_centre,212,167,0,212,167,0
1655,2,655,19678.11,211,168,1234.69,-365.46,True,on_dome_path_labels_24_to_1_start_side_pentagon_end_top_centre,211,168,0,211,168,0
1656,2,656,19708.15,210,168,1214.92,-379.46,True,on_dome_path_labels_24_to_1_start_side_pentagon_end_top_centre,210,168,0,210,168,0
1657,2,657,19738.2,210,168,1207.58,-367.16,True,on_dome_path_labels_24_to_1_start_side_pentagon_end_top_centre,210,167,1,210,167,1
1658,2,658,19768.24,210,167,1205.16,-344.47,True,on_dome_path_labels_24_to_1_start_side_pentagon_end_top_centre,210,166,1,210,166,1
1659,2,659,19798.28,209,166,1202.74,-321.78,True,on_dome_path_labels_24_to_1_start_side_pentagon_end_top_centre,209,166,0,209,166,0
1660,2,660,19828.33,209,164,1200.32,-299.08,True,on_dome_path_labels_24_to_1_start_side_pentagon_end_top_centre,209,164,0,209,164,0
1661,2,661,19858.37,209,163,1197.89,-276.39,True,on_dome_path_labels_24_to_1_start_side_pentagon_end_top_centre,209,163,0,209,163,0
1662,2,662,19888.41,209,162,1195.47,-253.7,True,on_dome_path_labels_24_to_1_start_side_pentagon_end_top_centre,209,162,0,209,162,0
1663,2,663,19918.45,209,161,1193.05,-231.01,True,on_dome_path_labels_24_to_1_start_side_pentagon_end_top_centre,209,161,0,209,161,0
1664,2,664,19948.5,209,160,1190.63,-208.31,True,on_dome_path_labels_24_to_1_start_side_pentagon_end_top_centre,209,160,0,209,160,0
1665,2,665,19978.54,209,159,1188.21,-185.62,True,on_dome_path_labels_24_to_1_start_side_pentagon_end_top_centre,209,159,0,209,159,0
1666,2,666,20008.58,209,158,1185.78,-162.93,True,on_dome_path_labels_24_to_1_start_side_pentagon_end_top_centre,209,158,0,209,158,0
1667,2,667,20038.63,208,156,1183.36,-140.24,True,on_dome_path_labels_24_to_1_start_side_pentagon_end_top_centre,208,156,0,208,156,0
1668,2,668,20068.67,208,155,1180.94,-117.54,True,on_dome_path_labels_24_to_1_start_side_pentagon_end_top_centre,208,155,0,208,155,0
1669,2,669,20098.71,208,154,1178.52,-94.85,True,on_dome_path_labels_24_to_1_start_side_pentagon_end_top_centre,208,154,0,208,154,0
1670,2,670,20128.76,208,153,1176.09,-72.16,True,on_dome_path_labels_24_to_1_start_side_pentagon_end_top_centre,208,153,0,208,153,0
1671,2,671,20158.8,208,152,1173.67,-49.47,True,on_dome_path_labels_24_to_1_start_side_pentagon_end_top_centre,208,152,0,208,152,0
1672,2,672,20188.84,208,151,1171.25,-26.77,True,on_dome_path_labels_24_to_1_start_side_pentagon_end_top_centre,208,151,0,208,151,0
1673,2,673,20218.88,208,150,1168.83,-4.08,True,on_dome_path_labels_24_to_1_start_side_pentagon_end_top_centre,208,150,0,208,150,0
1674,2,674,20248.93,208,149,1166.41,18.61,True,on_dome_path_labels_24_to_1_start_side_pentagon_end_top_centre,208,149,0,208,149,0
1675,2,675,20278.97,208,147,1163.98,41.3,True,on_dome_path_labels_24_to_1_start_side_pentagon_end_top_centre,208,147,0,208,147,0
1676,2,676,20309.01,207,146,1161.56,63.99,True,on_dome_path_labels_24_to_1_start_side_pentagon_end_top_centre,207,146,0,207,146,0
1677,2,677,20339.06,207,145,1159.14,86.69,True,on_dome_path_labels_24_to_1_start_side_pentagon_end_top_centre,207,145,0,207,145,0
1678,2,678,20369.1,207,144,1156.72,109.38,True,on_dome_path_labels_24_to_1_start_side_pentagon_end_top_centre,207,144,0,207,144,0
1679,2,679,20399.14,207,143,1154.3,132.07,True,on_dome_path_labels_24_to_1_start_side_pentagon_end_top_centre,207,143,0,207,143,0
1680,2,680,20429.18,207,142,1151.87,154.76,True,on_dome_path_labels_24_to_1_start_side_pentagon_end_top_centre,207,142,0,207,142,0
1681,2,681,20459.23,207,141,1149.45,177.46,True,on_dome_path_labels_24_to_1_start_side_pentagon_end_top_centre,207,141,0,207,141,0
1682,2,682,20489.27,207,140,1147.03,200.15,True,on_dome_path_labels_24_to_1_start_side_pentagon_end_top_centre,207,140,0,207,140,0
1683,2,683,20519.31,207,138,1144.61,222.84,True,on_dome_path_labels_24_to_1_start_side_pentagon_end_top_centre,207,138,0,207,138,0
1684,2,684,20549.36,206,137,1142.18,245.53,True,on_dome_path_labels_24_to_1_start_side_pentagon_end_top_centre,206,137,0,206,137,0
1685,2,685,20579.4,206,136,1139.76,268.23,True,on_dome_path_labels_24_to_1_start_side_pentagon_end_top_centre,206,136,0,206,136,0
1686,2,686,20609.44,206,135,1137.34,290.92,True,on_dome_path_labels_24_to_1_start_side_pentagon_end_top_centre,206,135,0,206,135,0
1687,2,687,20639.48,206,134,1134.92,313.61,True,on_dome_path_labels_24_to_1_start_side_pentagon_end_top_centre,206,134,0,206,134,0
1688,2,688,20669.53,206,133,1132.5,336.3,True,on_dome_path_labels_24_to_1_start_side_pentagon_end_top_centre,206,133,0,206,133,0
1689,2,689,20699.57,206,132,1130.07,359.0,True,on_dome_path_labels_24_to_1_start_side_pentagon_end_top_centre,206,132,0,206,132,0
1690,2,690,20729.61,206,130,1127.65,381.69,True,on_dome_path_labels_24_to_1_start_side_pentagon_end_top_centre,206,130,0,206,130,0
1691,2,691,20759.66,206,129,1125.23,404.38,True,on_dome_path_labels_24_to_1_start_side_pentagon_end_top_centre,206,129,0,206,129,0
1692,2,692,20789.7,205,128,1122.81,427.07,True,on_dome_path_labels_24_to_1_start_side_pentagon_end_top_centre,205,128,0,205,128,0
1693,2,693,20819.74,205,127,1120.38,449.76,True,on_dome_path_labels_24_to_1_start_side_pentagon_end_top_centre,205,127,0,205,127,0
1694,2,694,20849.79,205,126,1117.96,472.46,True,on_dome_path_labels_24_to_1_start_side_pentagon_end_top_centre,205,126,0,205,126,0
1695,2,695,20879.83,205,125,1115.54,495.15,True,on_dome_path_labels_24_to_1_start_side_pentagon_end_top_centre,205,125,0,205,125,0
1696,2,696,20909.87,205,124,1108.27,504.92,True,on_dome_path_labels_24_to_1_start_side_pentagon_end_top_centre,205,124,0,205,124,0
1697,2,697,20939.91,204,125,1091.09,488.27,True,on_dome_path_labels_24_to_1_start_side_pentagon_end_top_centre,204,125,0,204,125,0
1698,2,698,20969.96,203,126,1073.91,471.62,True,on_dome_path_labels_24_to_1_start_side_pentagon_end_top_centre,203,126,0,203,126,0
1699,2,699,21000.0,202,127,1056.73,454.97,True,on_dome_path_labels_24_to_1_start_side_pentagon_end_top_centre,202,127,0,202,127,0
1700,2,700,21030.04,201,128,1039.56,438.32,True,on_dome_path_labels_24_to_1_start_side_pentagon_end_top_centre,201,128,0,201,128,0
1701,2,701,21060.09,200,128,1022.38,421.67,True,on_dome_path_labels_24_to_1_start_side_pentagon_end_top_centre,200,128,0,200,128,0
1702,2,702,21090.13,200,129,1005.2,405.02,True,on_dome_path_labels_24_to_1_start_side_pentagon_end_top_centre,200,129,0,200,129,0
1703,2,703,21120.17,199,130,988.02,388.37,True,on_dome_path_labels_24_to_1_start_side_pentagon_end_top_centre,199,130,0,199,130,0
1704,2,704,21150.21,198,131,970.84,371.72,True,on_dome_path_labels_24_to_1_start_side_pentagon_end_top_centre,198,131,0,198,131,0
1705,2,705,21180.26,197,132,953.66,355.07,True,on_dome_path_labels_24_to_1_start_side_pentagon_end_top_centre,197,132,0,197,132,0
1706,2,706,21210.3,196,133,936.49,338.42,True,on_dome_path_labels_24_to_1_start_side_pentagon_end_top_centre,196,133,0,196,133,0
1707,2,707,21240.34,195,133,919.31,321.77,True,on_dome_path_labels_24_to_1_start_side_pentagon_end_top_centre,195,133,0,195,133,0
1708,2,708,21270.39,194,134,902.13,305.12,True,on_dome_path_labels_24_to_1_start_side_pentagon_end_top_centre,194,134,0,194,134,0
1709,2,709,21300.43,194,135,884.95,288.47,True,on_dome_path_labels_24_to_1_start_side_pentagon_end_top_centre,194,135,0,194,135,0
1710,2,710,21330.47,193,136,867.77,271.82,True,on_dome_path_labels_24_to_1_start_side_pentagon_end_top_centre,193,136,0,193,136,0
1711,2,711,21360.52,192,137,850.59,255.17,True,on_dome_path_labels_24_to_1_start_side_pentagon_end_top_centre,192,137,0,192,137,0
1712,2,712,21390.56,191,138,833.42,238.52,True,on_dome_path_labels_24_to_1_start_side_pentagon_end_top_centre,191,138,0,191,138,0
1713,2,713,21420.6,190,138,816.24,221.87,True,on_dome_path_labels_24_to_1_start_side_pentagon_end_top_centre,190,138,0,190,138,0
1714,2,714,21450.64,189,139,799.06,205.22,True,on_dome_path_labels_24_to_1_start_side_pentagon_end_top_centre,189,139,0,189,139,0
1715,2,715,21480.69,188,140,781.88,188.57,True,on_dome_path_labels_24_to_1_start_side_pentagon_end_top_centre,188,140,0,188,140,0
1716,2,716,21510.73,188,141,764.7,171.92,True,on_dome_path_labels_24_to_1_start_side_pentagon_end_top_centre,188,141,0,188,141,0
1717,2,717,21540.77,187,142,747.52,155.27,True,on_dome_path_labels_24_to_1_start_side_pentagon_end_top_centre,187,142,0,187,142,0
1718,2,718,21570.82,186,143,730.35,138.62,True,on_dome_path_labels_24_to_1_start_side_pentagon_end_top_centre,186,143,0,186,143,0
1719,2,719,21600.86,185,143,713.17,121.97,True,on_dome_path_labels_24_to_1_start_side_pentagon_end_top_centre,185,143,0,185,143,0
1720,2,720,21630.9,184,144,695.99,105.32,True,on_dome_path_labels_24_to_1_start_side_pentagon_end_top_centre,184,144,0,184,144,0
1721,2,721,21660.94,183,145,678.81,88.67,True,on_dome_path_labels_24_to_1_start_side_pentagon_end_top_centre,183,145,0,183,145,0
1722,2,722,21690.99,182,146,661.63,72.02,True,on_dome_path_labels_24_to_1_start_side_pentagon_end_top_centre,182,146,0,182,146,0
1723,2,723,21721.03,182,147,644.45,55.37,True,on_dome_path_labels_24_to_1_start_side_pentagon_end_top_centre,182,147,0,182,147,0
1724,2,724,21751.07,181,148,627.28,38.72,True,on_dome_path_labels_24_to_1_start_side_pentagon_end_top_centre,181,148,0,181,148,0
1725,2,725,21781.12,180,148,610.1,22.07,True,on_dome_path_labels_24_to_1_start_side_pentagon_end_top_centre,180,148,0,180,148,0
1726,2,726,21811.16,179,149,592.92,5.42,True,on_dome_path_labels_24_to_1_start_side_pentagon_end_top_centre,179,149,0,179,149,0
1727,2,727,21841.2,178,150,575.74,-11.23,True,on_dome_path_labels_24_to_1_start_side_pentagon_end_top_centre,178,150,0,178,150,0
1728,2,728,21871.24,177,151,558.56,-27.88,True,on_dome_path_labels_24_to_1_start_side_pentagon_end_top_centre,177,151,0,177,151,0
1729,2,729,21901.29,176,152,541.38,-44.53,True,on_dome_path_labels_24_to_1_start_side_pentagon_end_top_centre,176,152,0,176,152,0
1730,2,730,21931.33,176,153,524.21,-61.18,True,on_dome_path_labels_24_to_1_start_side_pentagon_end_top_centre,176,153,0,176,153,0
1731,2,731,21961.37,175,153,507.03,-77.83,True,on_dome_path_labels_24_to_1_start_side_pentagon_end_top_centre,175,153,0,175,153,0
1732,2,732,21991.42,174,154,489.85,-94.47,True,on_dome_path_labels_24_to_1_start_side_pentagon_end_top_centre,174,154,0,174,154,0
1733,2,733,22021.46,173,155,472.67,-111.12,True,on_dome_path_labels_24_to_1_start_side_pentagon_end_top_centre,173,155,0,173,155,0
1734,2,734,22051.5,172,156,455.49,-127.77,True,on_dome_path_labels_24_to_1_start_side_pentagon_end_top_centre,172,156,0,172,156,0
1735,2,735,22081.55,171,157,438.31,-144.42,True,on_dome_path_labels_24_to_1_start_side_pentagon_end_top_centre,171,157,0,171,157,0
1736,2,736,22111.59,172,157,455.35,-151.16,True,on_dome_path_labels_24_to_1_start_side_pentagon_end_top_centre,172,157,0,172,157,0
1737,2,737,22141.63,173,157,474.56,-157.28,True,on_dome_path_labels_24_to_1_start_side_pentagon_end_top_centre,173,157,0,173,157,0
1738,2,738,22171.67,174,158,493.76,-163.39,True,on_dome_path_labels_24_to_1_start_side_pentagon_end_top_centre,174,158,0,174,158,0
1739,2,739,22201.72,175,158,512.97,-169.5,True,on_dome_path_labels_24_to_1_start_side_pentagon_end_top_centre,175,158,0,175,158,0
1740,2,740,22231.76,176,158,532.17,-175.61,True,on_dome_path_labels_24_to_1_start_side_pentagon_end_top_centre,176,158,0,176,158,0
1741,2,741,22261.8,177,159,551.37,-181.72,True,on_dome_path_labels_24_to_1_start_side_pentagon_end_top_centre,177,159,0,177,159,0
1742,2,742,22291.85,178,159,570.58,-187.84,True,on_dome_path_labels_24_to_1_start_side_pentagon_end_top_centre,178,159,0,178,159,0
1743,2,743,22321.89,179,159,589.78,-193.95,True,on_dome_path_labels_24_to_1_start_side_pentagon_end_top_centre,179,159,0,179,159,0
1744,2,744,22351.93,180,159,608.99,-200.06,True,on_dome_path_labels_24_to_1_start_side_pentagon_end_top_centre,180,159,0,180,159,0
1745,2,745,22381.97,181,160,628.19,-206.17,True,on_dome_path_labels_24_to_1_start_side_pentagon_end_top_centre,181,160,0,181,160,0
1746,2,746,22412.02,182,160,647.4,-212.28,True,on_dome_path_labels_24_to_1_start_side_pentagon_end_top_centre,182,160,0,182,160,0
1747,2,747,22442.06,183,160,666.6,-218.4,True,on_dome_path_labels_24_to_1_start_side_pentagon_end_top_centre,183,160,0,183,160,0
1748,2,748,22472.1,184,161,685.8,-224.51,True,on_dome_path_labels_24_to_1_start_side_pentagon_end_top_centre,184,161,0,184,161,0
1749,2,749,22502.15,185,161,705.01,-230.62,True,on_dome_path_labels_24_to_1_start_side_pentagon_end_top_centre,185,161,0,185,161,0
1750,2,750,22532.19,186,161,724.21,-236.73,True,on_dome_path_labels_24_to_1_start_side_pentagon_end_top_centre,186,161,0,186,161,0
1751,2,751,22562.23,187,162,743.42,-242.84,True,on_dome_path_labels_24_to_1_start_side_pentagon_end_top_centre,187,162,0,187,162,0
1752,2,752,22592.27,188,162,762.62,-248.96,True,on_dome_path_labels_24_to_1_start_side_pentagon_end_top_centre,188,162,0,188,162,0
1753,2,753,22622.32,188,162,781.83,-255.07,True,on_dome_path_labels_24_to_1_start_side_pentagon_end_top_centre,188,161,1,188,161,1
1754,2,754,22652.36,189,163,801.03,-261.18,True,on_dome_path_labels_24_to_1_start_side_pentagon_end_top_centre,189,163,0,189,163,0
1755,2,755,22682.4,190,163,820.23,-267.29,True,on_dome_path_labels_24_to_1_start_side_pentagon_end_top_centre,190,163,0,190,163,0
1756,2,756,22712.45,191,163,839.44,-273.4,True,on_dome_path_labels_24_to_1_start_side_pentagon_end_top_centre,191,163,0,191,163,0
1757,2,757,22742.49,192,163,858.64,-279.52,True,on_dome_path_labels_24_to_1_start_side_pentagon_end_top_centre,192,163,0,192,163,0
1758,2,758,22772.53,193,164,877.85,-285.63,True,on_dome_path_labels_24_to_1_start_side_pentagon_end_top_centre,193,164,0,193,164,0
1759,2,759,22802.58,194,164,897.05,-291.74,True,on_dome_path_labels_24_to_1_start_side_pentagon_end_top_centre,194,164,0,194,164,0
1760,2,760,22832.62,195,164,916.25,-297.85,True,on_dome_path_labels_24_to_1_start_side_pentagon_end_top_centre,195,164,0,195,164,0
1761,2,761,22862.66,196,165,935.46,-303.96,True,on_dome_path_labels_24_to_1_start_side_pentagon_end_top_centre,196,165,0,196,165,0
1762,2,762,22892.7,197,165,954.66,-310.08,True,on_dome_path_labels_24_to_1_start_side_pentagon_end_top_centre,197,165,0,197,165,0
1763,2,763,22922.75,198,165,973.87,-316.19,True,on_dome_path_labels_24_to_1_start_side_pentagon_end_top_centre,198,165,0,198,165,0
1764,2,764,22952.79,199,166,993.07,-322.3,True,on_dome_path_labels_24_to_1_start_side_pentagon_end_top_centre,199,166,0,199,166,0
1765,2,765,22982.83,200,166,1012.28,-328.41,True,on_dome_path_labels_24_to_1_start_side_pentagon_end_top_centre,200,166,0,200,166,0
1766,2,766,23012.88,201,166,1031.48,-334.52,True,on_dome_path_labels_24_to_1_start_side_pentagon_end_top_centre,201,166,0,201,166,0
1767,2,767,23042.92,202,166,1050.68,-340.64,True,on_dome_path_labels_24_to_1_start_side_pentagon_end_top_centre,202,166,0,202,166,0
1768,2,768,23072.96,203,167,1069.89,-346.75,True,on_dome_path_labels_24_to_1_start_side_pentagon_end_top_centre,203,167,0,203,167,0
1769,2,769,23103.0,204,167,1089.09,-352.86,True,on_dome_path_labels_24_to_1_start_side_pentagon_end_top_centre,204,167,0,204,167,0
1770,2,770,23133.05,205,167,1108.3,-358.97,True,on_dome_path_labels_24_to_1_start_side_pentagon_end_top_centre,205,167,0,205,167,0
1771,2,771,23163.09,206,168,1127.5,-365.08,True,on_dome_path_labels_24_to_1_start_side_pentagon_end_top_centre,206,168,0,206,168,0
1772,2,772,23193.13,207,168,1146.71,-371.2,True,on_dome_path_labels_24_to_1_start_side_pentagon_end_top_centre,207,168,0,207,168,0
1773,2,773,23223.18,208,168,1165.91,-377.31,True,on_dome_path_labels_24_to_1_start_side_pentagon_end_top_centre,208,168,0,208,168,0
1774,2,774,23253.22,209,169,1185.11,-383.42,True,on_dome_path_labels_24_to_1_start_side_pentagon_end_top_centre,209,169,0,209,169,0
1775,2,775,23283.26,209,169,1185.49,-395.63,True,on_dome_path_labels_24_to_1_start_side_pentagon_end_top_centre,209,168,1,209,168,1
1776,2,776,23313.3,208,170,1170.6,-412.78,True,on_dome_path_labels_24_to_1_start_side_pentagon_end_top_centre,208,170,0,208,170,0
1777,2,777,23343.35,207,171,1155.72,-429.92,True,on_dome_path_labels_24_to_1_start_side_pentagon_end_top_centre,207,171,0,207,171,0
1778,2,778,23373.39,206,172,1140.83,-447.07,True,on_dome_path_labels_24_to_1_start_side_pentagon_end_top_centre,206,172,0,206,172,0
1779,2,779,23403.43,206,173,1125.94,-464.22,True,on_dome_path_labels_24_to_1_start_side_pentagon_end_top_centre,206,173,0,206,173,0
1780,2,780,23433.48,205,173,1111.06,-481.36,True,on_dome_path_labels_24_to_1_start_side_pentagon_end_top_centre,205,173,0,205,173,0
1781,2,781,23463.52,204,174,1096.17,-498.51,True,on_dome_path_labels_24_to_1_start_side_pentagon_end_top_centre,204,174,0,204,174,0
1782,2,782,23493.56,203,175,1081.29,-515.66,True,on_dome_path_labels_24_to_1_start_side_pentagon_end_top_centre,203,175,0,203,175,0
1783,2,783,23523.61,203,176,1066.4,-532.8,True,on_dome_path_labels_24_to_1_start_side_pentagon_end_top_centre,203,176,0,203,176,0
1784,2,784,23553.65,202,177,1051.52,-549.95,True,on_dome_path_labels_24_to_1_start_side_pentagon_end_top_centre,202,177,0,202,177,0
1785,2,785,23583.69,201,178,1036.63,-567.1,True,on_dome_path_labels_24_to_1_start_side_pentagon_end_top_centre,201,178,0,201,178,0
1786,2,786,23613.73,200,179,1021.74,-584.24,True,on_dome_path_labels_24_to_1_start_side_pentagon_end_top_centre,200,179,0,200,179,0
1787,2,787,23643.78,200,179,1006.86,-601.39,True,on_dome_path_labels_24_to_1_start_side_pentagon_end_top_centre,200,178,1,200,178,1
1788,2,788,23673.82,199,180,991.97,-618.54,True,on_dome_path_labels_24_to_1_start_side_pentagon_end_top_centre,199,180,0,199,180,0
1789,2,789,23703.86,198,181,977.09,-635.68,True,on_dome_path_labels_24_to_1_start_side_pentagon_end_top_centre,198,181,0,198,181,0
1790,2,790,23733.91,197,182,962.2,-652.83,True,on_dome_path_labels_24_to_1_start_side_pentagon_end_top_centre,197,182,0,197,182,0
1791,2,791,23763.95,197,183,947.31,-669.98,True,on_dome_path_labels_24_to_1_start_side_pentagon_end_top_centre,197,183,0,197,183,0
1792,2,792,23793.99,196,184,932.43,-687.12,True,on_dome_path_labels_24_to_1_start_side_pentagon_end_top_centre,196,184,0,196,184,0
1793,2,793,23824.03,195,185,917.54,-704.27,True,on_dome_path_labels_24_to_1_start_side_pentagon_end_top_centre,195,185,0,195,185,0
1794,2,794,23854.08,194,185,902.66,-721.42,True,on_dome_path_labels_24_to_1_start_side_pentagon_end_top_centre,194,185,0,194,185,0
1795,2,795,23884.12,194,186,887.77,-738.56,True,on_dome_path_labels_24_to_1_start_side_pentagon_end_top_centre,194,186,0,194,186,0
1796,2,796,23914.16,193,187,872.89,-755.71,True,on_dome_path_labels_24_to_1_start_side_pentagon_end_top_centre,193,187,0,193,187,0
1797,2,797,23944.21,192,188,858.0,-772.86,True,on_dome_path_labels_24_to_1_start_side_pentagon_end_top_centre,192,188,0,192,188,0
1798,2,798,23974.25,192,189,843.11,-790.0,True,on_dome_path_labels_24_to_1_start_side_pentagon_end_top_centre,192,189,0,192,189,0
1799,2,799,24004.29,191,190,828.23,-807.15,True,on_dome_path_labels_24_to_1_start_side_pentagon_end_top_centre,191,190,0,191,190,0
1800,2,800,24034.33,190,191,813.34,-824.3,True,on_dome_path_labels_24_to_1_start_side_pentagon_end_top_centre,190,191,0,190,191,0
1801,2,801,24064.38,189,191,798.46,-841.44,True,on_dome_path_labels_24_to_1_start_side_pentagon_end_top_centre,189,191,0,189,191,0
1802,2,802,24094.42,189,192,783.57,-858.59,True,on_dome_path_labels_24_to_1_start_side_pentagon_end_top_centre,189,192,0,189,192,0
1803,2,803,24124.46,188,193,768.68,-875.74,True,on_dome_path_labels_24_to_1_start_side_pentagon_end_top_centre,188,192,1,188,192,1
1804,2,804,24154.51,187,194,753.8,-892.88,True,on_dome_path_labels_24_to_1_start_side_pentagon_end_top_centre,187,194,0,187,194,0
1805,2,805,24184.55,186,195,738.91,-910.03,True,on_dome_path_labels_24_to_1_start_side_pentagon_end_top_centre,186,195,0,186,195,0
1806,2,806,24214.59,186,196,724.03,-927.18,True,on_dome_path_labels_24_to_1_start_side_pentagon_end_top_centre,186,196,0,186,196,0
1807,2,807,24244.64,185,197,709.14,-944.32,True,on_dome_path_labels_24_to_1_start_side_pentagon_end_top_centre,185,196,1,185,196,1
1808,2,808,24274.68,184,197,694.26,-961.47,True,on_dome_path_labels_24_to_1_start_side_pentagon_end_top_centre,184,197,0,184,197,0
1809,2,809,24304.72,183,198,679.37,-978.62,True,on_dome_path_labels_24_to_1_start_side_pentagon_end_top_centre,183,197,1,183,197,1
1810,2,810,24334.76,183,199,664.48,-995.76,True,on_dome_path_labels_24_to_1_start_side_pentagon_end_top_centre,183,199,0,183,199,0
1811,2,811,24364.81,182,200,649.6,-1012.91,True,on_dome_path_labels_24_to_1_start_side_pentagon_end_top_centre,182,200,0,182,200,0
1812,2,812,24394.85,181,201,634.71,-1030.06,True,on_dome_path_labels_24_to_1_start_side_pentagon_end_top_centre,181,201,0,181,201,0
1813,2,813,24424.89,180,202,619.83,-1047.21,True,on_dome_path_labels_24_to_1_start_side_pentagon_end_top_centre,180,202,0,180,202,0
1814,2,814,24454.94,180,202,606.66,-1057.77,True,on_dome_path_labels_24_to_1_start_side_pentagon_end_top_centre,180,201,1,180,201,1
1815,2,815,24484.98,180,201,602.24,-1034.86,True,on_dome_path_labels_24_to_1_start_side_pentagon_end_top_centre,180,200,1,180,200,1
1816,2,816,24515.02,179,200,597.82,-1011.94,True,on_dome_path_labels_24_to_1_start_side_pentagon_end_top_centre,179,199,1,179,199,1
1817,2,817,24545.06,179,199,593.4,-989.03,True,on_dome_path_labels_24_to_1_start_side_pentagon_end_top_centre,179,198,1,179,198,1
1818,2,818,24575.11,179,198,588.97,-966.11,True,on_dome_path_labels_24_to_1_start_side_pentagon_end_top_centre,179,197,1,179,197,1
1819,2,819,24605.15,179,197,584.55,-943.2,True,on_dome_path_labels_24_to_1_start_side_pentagon_end_top_centre,179,196,1,179,196,1
1820,2,820,24635.19,178,195,580.13,-920.29,True,on_dome_path_labels_24_to_1_start_side_pentagon_end_top_centre,178,195,0,178,195,0
1821,2,821,24665.24,178,194,575.71,-897.37,True,on_dome_path_labels_24_to_1_start_side_pentagon_end_top_centre,178,194,0,178,194,0
1822,2,822,24695.28,178,193,571.29,-874.46,True,on_dome_path_labels_24_to_1_start_side_pentagon_end_top_centre,178,193,0,178,193,0
1823,2,823,24725.32,178,192,566.87,-851.54,True,on_dome_path_labels_24_to_1_start_side_pentagon_end_top_centre,178,192,0,178,192,0
1824,2,824,24755.36,178,191,562.45,-828.63,True,on_dome_path_labels_24_to_1_start_side_pentagon_end_top_centre,178,191,0,178,191,0
1825,2,825,24785.41,177,190,558.02,-805.72,True,on_dome_path_labels_24_to_1_start_side_pentagon_end_top_centre,177,190,0,177,190,0
1826,2,826,24815.45,177,189,553.6,-782.8,True,on_dome_path_labels_24_to_1_start_side_pentagon_end_top_centre,177,189,0,177,189,0
1827,2,827,24845.49,177,187,549.18,-759.89,True,on_dome_path_labels_24_to_1_start_side_pentagon_end_top_centre,177,186,1,177,186,1
1828,2,828,24875.54,177,186,544.76,-736.97,True,on_dome_path_labels_24_to_1_start_side_pentagon_end_top_centre,177,185,1,177,185,1
1829,2,829,24905.58,176,185,540.34,-714.06,True,on_dome_path_labels_24_to_1_start_side_pentagon_end_top_centre,176,185,0,176,185,0
1830,2,830,24935.62,176,184,535.92,-691.15,True,on_dome_path_labels_24_to_1_start_side_pentagon_end_top_centre,176,184,0,176,184,0
1831,2,831,24965.67,176,183,531.5,-668.23,True,on_dome_path_labels_24_to_1_start_side_pentagon_end_top_centre,176,183,0,176,183,0
1832,2,832,24995.71,176,182,527.07,-645.32,True,on_dome_path_labels_24_to_1_start_side_pentagon_end_top_centre,176,182,0,176,182,0
1833,2,833,25025.75,176,181,522.65,-622.4,True,on_dome_path_labels_24_to_1_start_side_pentagon_end_top_centre,176,181,0,176,181,0
1834,2,834,25055.79,175,179,518.23,-599.49,True,on_dome_path_labels_24_to_1_start_side_pentagon_end_top_centre,175,179,0,175,179,0
1835,2,835,25085.84,175,178,513.81,-576.58,True,on_dome_path_labels_24_to_1_start_side_pentagon_end_top_centre,175,178,0,175,178,0
1836,2,836,25115.88,175,177,509.39,-553.66,True,on_dome_path_labels_24_to_1_start_side_pentagon_end_top_centre,175,177,0,175,177,0
1837,2,837,25145.92,175,176,504.97,-530.75,True,on_dome_path_labels_24_to_1_start_side_pentagon_end_top_centre,175,176,0,175,176,0
1838,2,838,25175.97,174,175,500.55,-507.83,True,on_dome_path_labels_24_to_1_start_side_pentagon_end_top_centre,174,175,0,174,175,0
1839,2,839,25206.01,174,174,496.12,-484.92,True,on_dome_path_labels_24_to_1_start_side_pentagon_end_top_centre,174,174,0,174,174,0
1840,2,840,25236.05,174,173,491.7,-462.01,True,on_dome_path_labels_24_to_1_start_side_pentagon_end_top_centre,174,173,0,174,173,0
1841,2,841,25266.09,174,171,487.28,-439.09,True,on_dome_path_labels_24_to_1_start_side_pentagon_end_top_centre,174,171,0,174,171,0
1842,2,842,25296.14,174,170,482.86,-416.18,True,on_dome_path_labels_24_to_1_start_side_pentagon_end_top_centre,174,170,0,174,170,0
1843,2,843,25326.18,173,169,478.44,-393.26,True,on_dome_path_labels_24_to_1_start_side_pentagon_end_top_centre,173,169,0,173,169,0
1844,2,844,25356.22,173,168,474.02,-370.35,True,on_dome_path_labels_24_to_1_start_side_pentagon_end_top_centre,173,168,0,173,168,0
1845,2,845,25386.27,173,167,469.6,-347.44,True,on_dome_path_labels_24_to_1_start_side_pentagon_end_top_centre,173,167,0,173,167,0
1846,2,846,25416.31,173,166,465.17,-324.52,True,on_dome_path_labels_24_to_1_start_side_pentagon_end_top_centre,173,166,0,173,166,0
1847,2,847,25446.35,172,165,460.75,-301.61,True,on_dome_path_labels_24_to_1_start_side_pentagon_end_top_centre,172,165,0,172,165,0
1848,2,848,25476.39,172,163,456.33,-278.69,True,on_dome_path_labels_24_to_1_start_side_pentagon_end_top_centre,172,163,0,172,163,0
1849,2,849,25506.44,172,162,451.91,-255.78,True,on_dome_path_labels_24_to_1_start_side_pentagon_end_top_centre,172,162,0,172,162,0
1850,2,850,25536.48,172,161,447.49,-232.87,True,on_dome_path_labels_24_to_1_start_side_pentagon_end_top_centre,172,161,0,172,161,0
1851,2,851,25566.52,172,160,443.07,-209.95,True,on_dome_path_labels_24_to_1_start_side_pentagon_end_top_centre,172,160,0,172,160,0
1852,2,852,25596.57,171,159,438.65,-187.04,True,on_dome_path_labels_24_to_1_start_side_pentagon_end_top_centre,171,159,0,171,159,0
1853,2,853,25626.61,171,158,434.22,-164.12,True,on_dome_path_labels_24_to_1_start_side_pentagon_end_top_centre,171,158,0,171,158,0
1854,2,854,25656.65,171,158,424.06,-172.14,True,on_dome_path_labels_24_to_1_start_side_pentagon_end_top_centre,170,158,1,170,158,1
1855,2,855,25686.7,170,159,412.24,-189.08,True,on_dome_path_labels_24_to_1_start_side_pentagon_end_top_centre,170,159,0,170,159,0
1856,2,856,25716.74,169,160,400.42,-206.01,True,on_dome_path_labels_24_to_1_start_side_pentagon_end_top_centre,169,160,0,169,160,0
1857,2,857,25746.78,169,161,388.61,-222.95,True,on_dome_path_labels_24_to_1_start_side_pentagon_end_top_centre,169,161,0,169,161,0
1858,2,858,25776.82,168,161,376.79,-239.89,True,on_dome_path_labels_24_to_1_start_side_pentagon_end_top_centre,168,161,0,168,161,0
1859,2,859,25806.87,168,162,364.97,-256.82,True,on_dome_path_labels_24_to_1_start_side_pentagon_end_top_centre,168,162,0,168,162,0
1860,2,860,25836.91,167,163,353.15,-273.76,True,on_dome_path_labels_24_to_1_start_side_pentagon_end_top_centre,167,163,0,167,163,0
1861,2,861,25866.95,167,164,341.33,-290.7,True,on_dome_path_labels_24_to_1_start_side_pentagon_end_top_centre,167,164,0,167,164,0
1862,2,862,25897.0,166,165,329.51,-307.63,True,on_dome_path_labels_24_to_1_start_side_pentagon_end_top_centre,166,165,0,166,165,0
1863,2,863,25927.04,165,166,317.69,-324.57,True,on_dome_path_labels_24_to_1_start_side_pentagon_end_top_centre,165,166,0,165,166,0
1864,2,864,25957.08,165,167,305.87,-341.5,True,on_dome_path_labels_24_to_1_start_side_pentagon_end_top_centre,165,167,0,165,167,0
1865,2,865,25987.12,164,167,294.06,-358.44,True,on_dome_path_labels_24_to_1_start_side_pentagon_end_top_centre,164,167,0,164,167,0
1866,2,866,26017.17,164,168,282.24,-375.38,True,on_dome_path_labels_24_to_1_start_side_pentagon_end_top_centre,164,168,0,164,168,0
1867,2,867,26047.21,163,169,270.42,-392.31,True,on_dome_path_labels_24_to_1_start_side_pentagon_end_top_centre,163,169,0,163,169,0
1868,2,868,26077.25,162,170,258.6,-409.25,True,on_dome_path_labels_24_to_1_start_side_pentagon_end_top_centre,162,170,0,162,170,0
1869,2,869,26107.3,162,171,246.78,-426.19,True,on_dome_path_labels_24_to_1_start_side_pentagon_end_top_centre,162,171,0,162,171,0
1870,2,870,26137.34,161,172,234.96,-443.12,True,on_dome_path_labels_24_to_1_start_side_pentagon_end_top_centre,161,172,0,161,172,0
1871,2,871,26167.38,161,172,223.14,-460.06,True,on_dome_path_labels_24_to_1_start_side_pentagon_end_top_centre,161,171,1,161,171,1
1872,2,872,26197.42,160,173,211.32,-476.99,True,on_dome_path_labels_24_to_1_start_side_pentagon_end_top_centre,160,173,0,160,173,0
1873,2,873,26227.47,159,174,199.51,-493.93,True,on_dome_path_labels_24_to_1_start_side_pentagon_end_top_centre,159,174,0,159,174,0
1874,2,874,26257.51,159,175,187.69,-510.87,True,on_dome_path_labels_24_to_1_start_side_pentagon_end_top_centre,159,175,0,159,175,0
1875,2,875,26287.55,158,176,175.87,-527.8,True,on_dome_path_labels_24_to_1_start_side_pentagon_end_top_centre,158,176,0,158,176,0
1876,2,876,26317.6,158,177,164.05,-544.74,True,on_dome_path_labels_24_to_1_start_side_pentagon_end_top_centre,157,177,1,157,177,1
1877,2,877,26347.64,157,177,152.23,-561.68,True,on_dome_path_labels_24_to_1_start_side_pentagon_end_top_centre,156,177,1,156,177,1
1878,2,878,26377.68,156,178,140.41,-578.61,True,on_dome_path_labels_24_to_1_start_side_pentagon_end_top_centre,156,178,0,156,178,0
1879,2,879,26407.73,156,179,128.59,-595.55,True,on_dome_path_labels_24_to_1_start_side_pentagon_end_top_centre,156,179,0,156,179,0
1880,2,880,26437.77,155,180,116.78,-612.49,True,on_dome_path_labels_24_to_1_start_side_pentagon_end_top_centre,155,180,0,155,180,0
1881,2,881,26467.81,155,181,104.96,-629.42,True,on_dome_path_labels_24_to_1_start_side_pentagon_end_top_centre,155,181,0,155,181,0
1882,2,882,26497.85,154,182,93.14,-646.36,True,on_dome_path_labels_24_to_1_start_side_pentagon_end_top_centre,154,182,0,154,182,0
1883,2,883,26527.9,154,183,81.32,-663.29,True,on_dome_path_labels_24_to_1_start_side_pentagon_end_top_centre,154,183,0,154,183,0
1884,2,884,26557.94,153,183,69.5,-680.23,True,on_dome_path_labels_24_to_1_start_side_pentagon_end_top_centre,153,183,0,153,183,0
1885,2,885,26587.98,152,184,57.68,-697.17,True,on_dome_path_labels_24_to_1_start_side_pentagon_end_top_centre,152,184,0,152,184,0
1886,2,886,26618.03,152,185,45.86,-714.1,True,on_dome_path_labels_24_to_1_start_side_pentagon_end_top_centre,152,185,0,152,185,0
1887,2,887,26648.07,151,186,34.04,-731.04,True,on_dome_path_labels_24_to_1_start_side_pentagon_end_top_centre,151,186,0,151,186,0
1888,2,888,26678.11,151,187,22.23,-747.98,True,on_dome_path_labels_24_to_1_start_side_pentagon_end_top_centre,151,187,0,151,187,0
1889,2,889,26708.15,150,188,10.41,-764.91,True,on_dome_path_labels_24_to_1_start_side_pentagon_end_top_centre,150,188,0,150,188,0
1890,2,890,26738.2,149,188,-1.41,-781.85,True,on_dome_path_labels_24_to_1_start_side_pentagon_end_top_centre,148,188,1,148,188,1
1891,2,891,26768.24,149,189,-13.23,-798.79,True,on_dome_path_labels_24_to_1_start_side_pentagon_end_top_centre,148,189,1,148,189,1
1892,2,892,26798.28,148,190,-25.05,-815.72,True,on_dome_path_labels_24_to_1_start_side_pentagon_end_top_centre,148,190,0,148,190,0
1893,2,893,26828.33,148,190,-31.96,-817.95,True,on_dome_path_labels_24_to_1_start_side_pentagon_end_top_centre,147,190,1,147,190,1
1894,2,894,26858.37,148,189,-31.14,-796.97,True,on_dome_path_labels_24_to_1_start_side_pentagon_end_top_centre,147,189,1,147,189,1
1895,2,895,26888.41,148,188,-30.32,-776.0,True,on_dome_path_labels_24_to_1_start_side_pentagon_end_top_centre,148,187,1,148,187,1
1896,2,896,26918.45,148,187,-29.5,-755.03,True,on_dome_path_labels_24_to_1_start_side_pentagon_end_top_centre,148,186,1,148,186,1
1897,2,897,26948.5,148,186,-28.68,-734.05,True,on_dome_path_labels_24_to_1_start_side_pentagon_end_top_centre,148,185,1,148,185,1
1898,2,898,26978.54,148,185,-27.87,-713.08,True,on_dome_path_labels_24_to_1_start_side_pentagon_end_top_centre,148,184,1,148,184,1
1899,2,899,27008.58,148,184,-27.05,-692.11,True,on_dome_path_labels_24_to_1_start_side_pentagon_end_top_centre,148,183,1,148,183,1
1900,2,900,27038.63,148,183,-26.23,-671.13,True,on_dome_path_labels_24_to_1_start_side_pentagon_end_top_centre,148,182,1,148,182,1
1901,2,901,27068.67,148,182,-25.41,-650.16,True,on_dome_path_labels_24_to_1_start_side_pentagon_end_top_centre,148,181,1,148,181,1
1902,2,902,27098.71,148,181,-24.59,-629.19,True,on_dome_path_labels_24_to_1_start_side_pentagon_end_top_centre,148,180,1,148,180,1
1903,2,903,27128.76,148,180,-23.77,-608.22,True,on_dome_path_labels_24_to_1_start_side_pentagon_end_top_centre,148,179,1,148,179,1
1904,2,904,27158.8,148,179,-22.95,-587.24,True,on_dome_path_labels_24_to_1_start_side_pentagon_end_top_centre,148,178,1,148,178,1
1905,2,905,27188.84,148,178,-22.13,-566.27,True,on_dome_path_labels_24_to_1_start_side_pentagon_end_top_centre,148,177,1,148,177,1
1906,2,906,27218.88,148,177,-21.31,-545.3,True,on_dome_path_labels_24_to_1_start_side_pentagon_end_top_centre,148,176,1,148,176,1
1907,2,907,27248.93,148,176,-20.49,-524.32,True,on_dome_path_labels_24_to_1_start_side_pentagon_end_top_centre,148,175,1,148,175,1
1908,2,908,27278.97,149,175,-19.67,-503.35,True,on_dome_path_labels_24_to_1_start_side_pentagon_end_top_centre,150,175,1,150,175,1
1909,2,909,27309.01,149,174,-18.85,-482.38,True,on_dome_path_labels_24_to_1_start_side_pentagon_end_top_centre,148,174,1,148,174,1
1910,2,910,27339.06,149,172,-18.03,-461.41,True,on_dome_path_labels_24_to_1_start_side_pentagon_end_top_centre,149,171,1,149,171,1
1911,2,911,27369.1,149,171,-17.21,-440.43,True,on_dome_path_labels_24_to_1_start_side_pentagon_end_top_centre,149,170,1,149,170,1
1912,2,912,27399.14,149,170,-16.39,-419.46,True,on_dome_path_labels_24_to_1_start_side_pentagon_end_top_centre,149,169,1,149,169,1
1913,2,913,27429.18,149,169,-15.57,-398.49,True,on_dome_path_labels_24_to_1_start_side_pentagon_end_top_centre,149,168,1,149,168,1
1914,2,914,27459.23,149,168,-14.75,-377.51,True,on_dome_path_labels_24_to_1_start_side_pentagon_end_top_centre,149,167,1,149,167,1
1915,2,915,27489.27,149,167,-13.93,-356.54,True,on_dome_path_labels_24_to_1_start_side_pentagon_end_top_centre,149,166,1,149,166,1
1916,2,916,27519.31,149,166,-13.11,-335.57,True,on_dome_path_labels_24_to_1_start_side_pentagon_end_top_centre,149,165,1,149,165,1
1917,2,917,27549.36,149,165,-12.29,-314.59,True,on_dome_path_labels_24_to_1_start_side_pentagon_end_top_centre,149,164,1,149,164,1
1918,2,918,27579.4,149,164,-11.47,-293.62,True,on_dome_path_labels_24_to_1_start_side_pentagon_end_top_centre,149,163,1,149,163,1
1919,2,919,27609.44,149,163,-10.65,-272.65,True,on_dome_path_labels_24_to_1_start_side_pentagon_end_top_centre,149,162,1,149,162,1
1920,2,920,27639.48,149,162,-9.83,-251.68,True,on_dome_path_labels_24_to_1_start_side_pentagon_end_top_centre,149,161,1,149,161,1
1921,2,921,27669.53,149,161,-9.02,-230.7,True,on_dome_path_labels_24_to_1_start_side_pentagon_end_top_centre,149,160,1,149,160,1
1922,2,922,27699.57,149,160,-8.2,-209.73,True,on_dome_path_labels_24_to_1_start_side_pentagon_end_top_centre,149,159,1,149,159,1
1923,2,923,27729.61,149,159,-7.38,-188.76,True,on_dome_path_labels_24_to_1_start_side_pentagon_end_top_centre,149,158,1,149,158,1
1924,2,924,27759.66,149,158,-6.56,-167.78,True,on_dome_path_labels_24_to_1_start_side_pentagon_end_top_centre,149,157,1,149,157,1
1925,2,925,27789.7,149,157,-5.74,-146.81,True,on_dome_path_labels_24_to_1_start_side_pentagon_end_top_centre,149,156,1,149,156,1
1926,2,926,27819.74,149,156,-4.92,-125.84,True,on_dome_path_labels_24_to_1_start_side_pentagon_end_top_centre,149,155,1,149,155,1
1927,2,927,27849.79,149,155,-4.1,-104.86,True,on_dome_path_labels_24_to_1_start_side_pentagon_end_top_centre,149,154,1,148,155,1
1928,2,928,27879.83,149,154,-3.28,-83.89,True,on_dome_path_labels_24_to_1_start_side_pentagon_end_top_centre,149,153,1,150,155,1
1929,2,929,27909.87,149,153,-2.46,-62.92,True,on_dome_path_labels_24_to_1_start_side_pentagon_end_top_centre,149,152,1,147,154,2
1930,2,930,27939.91,149,152,-1.64,-41.95,True,on_dome_path_labels_24_to_1_start_side_pentagon_end_top_centre,149,151,1,146,153,3
1931,2,931,27969.96,149,151,-0.82,-20.97,True,on_dome_path_labels_24_to_1_start_side_pentagon_end_top_centre,149,150,1,146,154,3
1932,2,932,28000.0,150,150,0.0,0.0,True,on_dome_path_labels_24_to_1_start_side_pentagon_end_top_centre,150,149,1,146,147,4
1933,2,933,28000.0,150,150,0.0,0.0,False,tail_hangs_down_from_top_centre_raw_xy_overlap,,,,154,147,4
1934,2,934,28030.0,150,150,0.0,0.0,False,tail_hangs_down_from_top_centre_raw_xy_overlap,,,,154,153,4
1935,2,935,28060.0,150,150,0.0,0.0,False,tail_hangs_down_from_top_centre_raw_xy_overlap,,,,153,154,4
1936,2,936,28090.0,150,150,0.0,0.0,False,tail_hangs_down_from_top_centre_raw_xy_overlap,,,,146,146,4
1937,2,937,28120.0,150,150,0.0,0.0,False,tail_hangs_down_from_top_centre_raw_xy_overlap,,,,154,146,4
1938,2,938,28150.0,150,150,0.0,0.0,False,tail_hangs_down_from_top_centre_raw_xy_overlap,,,,154,154,4
1939,2,939,28180.0,150,150,0.0,0.0,False,tail_hangs_down_from_top_centre_raw_xy_overlap,,,,150,145,5
1940,2,940,28210.0,150,150,0.0,0.0,False,tail_hangs_down_from_top_centre_raw_xy_overlap,,,,145,150,5
1941,2,941,28240.0,150,150,0.0,0.0,False,tail_hangs_down_from_top_centre_raw_xy_overlap,,,,155,150,5
1942,2,942,28270.0,150,150,0.0,0.0,False,tail_hangs_down_from_top_centre_raw_xy_overlap,,,,149,145,5
1943,2,943,28300.0,150,150,0.0,0.0,False,tail_hangs_down_from_top_centre_raw_xy_overlap,,,,151,145,5
1944,2,944,28330.0,150,150,0.0,0.0,False,tail_hangs_down_from_top_centre_raw_xy_overlap,,,,145,149,5
1945,2,945,28360.0,150,150,0.0,0.0,False,tail_hangs_down_from_top_centre_raw_xy_overlap,,,,155,149,5
1946,2,946,28390.0,150,150,0.0,0.0,False,tail_hangs_down_from_top_centre_raw_xy_overlap,,,,155,151,5
1947,2,947,28420.0,150,150,0.0,0.0,False,tail_hangs_down_from_top_centre_raw_xy_overlap,,,,151,155,5
1948,2,948,28450.0,150,150,0.0,0.0,False,tail_hangs_down_from_top_centre_raw_xy_overlap,,,,148,145,5
1949,2,949,28480.0,150,150,0.0,0.0,False,tail_hangs_down_from_top_centre_raw_xy_overlap,,,,152,145,5
1950,2,950,28510.0,150,150,0.0,0.0,False,tail_hangs_down_from_top_centre_raw_xy_overlap,,,,145,148,5
1951,2,951,28540.0,150,150,0.0,0.0,False,tail_hangs_down_from_top_centre_raw_xy_overlap,,,,155,148,5
1952,2,952,28570.0,150,150,0.0,0.0,False,tail_hangs_down_from_top_centre_raw_xy_overlap,,,,145,152,5
1953,2,953,28600.0,150,150,0.0,0.0,False,tail_hangs_down_from_top_centre_raw_xy_overlap,,,,155,152,5
1954,2,954,28630.0,150,150,0.0,0.0,False,tail_hangs_down_from_top_centre_raw_xy_overlap,,,,152,155,5
1955,2,955,28660.0,150,150,0.0,0.0,False,tail_hangs_down_from_top_centre_raw_xy_overlap,,,,147,145,5
1956,2,956,28690.0,150,150,0.0,0.0,False,tail_hangs_down_from_top_centre_raw_xy_overlap,,,,153,145,5
1957,2,957,28720.0,150,150,0.0,0.0,False,tail_hangs_down_from_top_centre_raw_xy_overlap,,,,145,147,5
1958,2,958,28750.0,150,150,0.0,0.0,False,tail_hangs_down_from_top_centre_raw_xy_overlap,,,,155,147,5
1959,2,959,28780.0,150,150,0.0,0.0,False,tail_hangs_down_from_top_centre_raw_xy_overlap,,,,145,153,5
1960,2,960,28810.0,150,150,0.0,0.0,False,tail_hangs_down_from_top_centre_raw_xy_overlap,,,,155,153,5
1961,2,961,28840.0,150,150,0.0,0.0,False,tail_hangs_down_from_top_centre_raw_xy_overlap,,,,147,155,5
1962,2,962,28870.0,150,150,0.0,0.0,False,tail_hangs_down_from_top_centre_raw_xy_overlap,,,,153,155,5
1963,2,963,28900.0,150,150,0.0,0.0,False,tail_hangs_down_from_top_centre_raw_xy_overlap,,,,146,145,5
1964,2,964,28930.0,150,150,0.0,0.0,False,tail_hangs_down_from_top_centre_raw_xy_overlap,,,,154,145,5
1965,2,965,28960.0,150,150,0.0,0.0,False,tail_hangs_down_from_top_centre_raw_xy_overlap,,,,145,146,5
1966,2,966,28990.0,150,150,0.0,0.0,False,tail_hangs_down_from_top_centre_raw_xy_overlap,,,,155,146,5
1967,2,967,29020.0,150,150,0.0,0.0,False,tail_hangs_down_from_top_centre_raw_xy_overlap,,,,145,154,5
1968,2,968,29050.0,150,150,0.0,0.0,False,tail_hangs_down_from_top_centre_raw_xy_overlap,,,,155,154,5
1969,2,969,29080.0,150,150,0.0,0.0,False,tail_hangs_down_from_top_centre_raw_xy_overlap,,,,146,155,5
1970,2,970,29110.0,150,150,0.0,0.0,False,tail_hangs_down_from_top_centre_raw_xy_overlap,,,,154,155,5
1971,2,971,29140.0,150,150,0.0,0.0,False,tail_hangs_down_from_top_centre_raw_xy_overlap,,,,145,145,5
1972,2,972,29170.0,150,150,0.0,0.0,False,tail_hangs_down_from_top_centre_raw_xy_overlap,,,,155,145,5
1973,2,973,29200.0,150,150,0.0,0.0,False,tail_hangs_down_from_top_centre_raw_xy_overlap,,,,145,155,5
1974,2,974,29230.0,150,150,0.0,0.0,False,tail_hangs_down_from_top_centre_raw_xy_overlap,,,,155,155,5
1975,2,975,29260.0,150,150,0.0,0.0,False,tail_hangs_down_from_top_centre_raw_xy_overlap,,,,150,144,6
1976,2,976,29290.0,150,150,0.0,0.0,False,tail_hangs_down_from_top_centre_raw_xy_overlap,,,,144,150,6
1977,2,977,29320.0,150,150,0.0,0.0,False,tail_hangs_down_from_top_centre_raw_xy_overlap,,,,156,150,6
1978,2,978,29350.0,150,150,0.0,0.0,False,tail_hangs_down_from_top_centre_raw_xy_overlap,,,,150,156,6
1979,2,979,29380.0,150,150,0.0,0.0,False,tail_hangs_down_from_top_centre_raw_xy_overlap,,,,149,144,6
1980,2,980,29410.0,150,150,0.0,0.0,False,tail_hangs_down_from_top_centre_raw_xy_overlap,,,,151,144,6
1981,2,981,29440.0,150,150,0.0,0.0,False,tail_hangs_down_from_top_centre_raw_xy_overlap,,,,144,149,6
1982,2,982,29470.0,150,150,0.0,0.0,False,tail_hangs_down_from_top_centre_raw_xy_overlap,,,,156,149,6
1983,2,983,29500.0,150,150,0.0,0.0,False,tail_hangs_down_from_top_centre_raw_xy_overlap,,,,156,151,6
1984,2,984,29530.0,150,150,0.0,0.0,False,tail_hangs_down_from_top_centre_raw_xy_overlap,,,,151,156,6
1985,2,985,29560.0,150,150,0.0,0.0,False,tail_hangs_down_from_top_centre_raw_xy_overlap,,,,148,144,6
1986,2,986,29590.0,150,150,0.0,0.0,False,tail_hangs_down_from_top_centre_raw_xy_overlap,,,,152,144,6
1987,2,987,29620.0,150,150,0.0,0.0,False,tail_hangs_down_from_top_centre_raw_xy_overlap,,,,144,148,6
1988,2,988,29650.0,150,150,0.0,0.0,False,tail_hangs_down_from_top_centre_raw_xy_overlap,,,,156,148,6
1989,2,989,29680.0,150,150,0.0,0.0,False,tail_hangs_down_from_top_centre_raw_xy_overlap,,,,144,152,6
1990,2,990,29710.0,150,150,0.0,0.0,False,tail_hangs_down_from_top_centre_raw_xy_overlap,,,,156,152,6
1991,2,991,29740.0,150,150,0.0,0.0,False,tail_hangs_down_from_top_centre_raw_xy_overlap,,,,148,156,6
1992,2,992,29770.0,150,150,0.0,0.0,False,tail_hangs_down_from_top_centre_raw_xy_overlap,,,,152,156,6
1993,2,993,29800.0,150,150,0.0,0.0,False,tail_hangs_down_from_top_centre_raw_xy_overlap,,,,147,144,6
1994,2,994,29830.0,150,150,0.0,0.0,False,tail_hangs_down_from_top_centre_raw_xy_overlap,,,,153,144,6
1995,2,995,29860.0,150,150,0.0,0.0,False,tail_hangs_down_from_top_centre_raw_xy_overlap,,,,144,147,6
1996,2,996,29890.0,150,150,0.0,0.0,False,tail_hangs_down_from_top_centre_raw_xy_overlap,,,,156,147,6
1997,2,997,29920.0,150,150,0.0,0.0,False,tail_hangs_down_from_top_centre_raw_xy_overlap,,,,144,153,6
1998,2,998,29950.0,150,150,0.0,0.0,False,tail_hangs_down_from_top_centre_raw_xy_overlap,,,,156,153,6
1999,2,999,29980.0,150,150,0.0,0.0,False,tail_hangs_down_from_top_centre_raw_xy_overlap,,,,147,156,6
2000,3,0,0.0,210,66,1220.78,1680.26,True,on_dome_path_labels_24_to_1_start_side_pentagon_end_top_centre,210,66,0,210,66,0
2001,3,1,30.04,211,65,1239.32,1686.58,True,on_dome_path_labels_24_to_1_start_side_pentagon_end_top_centre,211,65,0,211,65,0
2002,3,2,60.09,212,65,1257.86,1692.9,True,on_dome_path_labels_24_to_1_start_side_pentagon_end_top_centre,212,65,0,212,65,0
2003,3,3,90.13,213,65,1276.4,1699.22,True,on_dome_path_labels_24_to_1_start_side_pentagon_end_top_centre,213,65,0,213,65,0
2004,3,4,120.17,214,65,1294.94,1705.54,True,on_dome_path_labels_24_to_1_start_side_pentagon_end_top_centre,214,65,0,214,65,0
2005,3,5,150.21,215,64,1313.48,1711.86,True,on_dome_path_labels_24_to_1_start_side_pentagon_end_top_centre,215,64,0,215,64,0
2006,3,6,180.26,216,64,1332.01,1718.18,True,on_dome_path_labels_24_to_1_start_side_pentagon_end_top_centre,216,64,0,216,64,0
2007,3,7,210.3,217,64,1350.55,1724.5,True,on_dome_path_labels_24_to_1_start_side_pentagon_end_top_centre,217,64,0,217,64,0
2008,3,8,240.34,218,63,1369.09,1730.82,True,on_dome_path_labels_24_to_1_start_side_pentagon_end_top_centre,218,63,0,218,63,0
2009,3,9,270.39,219,63,1387.63,1737.14,True,on_dome_path_labels_24_to_1_start_side_pentagon_end_top_centre,219,63,0,219,63,0
2010,3,10,300.43,220,63,1406.17,1743.46,True,on_dome_path_labels_24_to_1_start_side_pentagon_end_top_centre,220,63,0,220,63,0
2011,3,11,330.47,220,62,1424.71,1749.78,True,on_dome_path_labels_24_to_1_start_side_pentagon_end_top_centre,220,62,0,220,62,0
2012,3,12,360.52,221,62,1443.25,1756.1,True,on_dome_path_labels_24_to_1_start_side_pentagon_end_top_centre,221,62,0,221,62,0
2013,3,13,390.56,222,62,1461.79,1762.42,True,on_dome_path_labels_24_to_1_start_side_pentagon_end_top_centre,222,62,0,222,62,0
2014,3,14,420.6,223,61,1480.33,1768.74,True,on_dome_path_labels_24_to_1_start_side_pentagon_end_top_centre,223,61,0,223,61,0
2015,3,15,450.64,224,61,1498.87,1775.06,True,on_dome_path_labels_24_to_1_start_side_pentagon_end_top_centre,224,61,0,224,61,0
2016,3,16,480.69,225,61,1517.41,1781.38,True,on_dome_path_labels_24_to_1_start_side_pentagon_end_top_centre,225,61,0,225,61,0
2017,3,17,510.73,226,60,1535.95,1787.7,True,on_dome_path_labels_24_to_1_start_side_pentagon_end_top_centre,226,60,0,226,60,0
2018,3,18,540.77,227,60,1554.49,1794.01,True,on_dome_path_labels_24_to_1_start_side_pentagon_end_top_centre,227,60,0,227,60,0
2019,3,19,570.82,228,60,1573.02,1800.33,True,on_dome_path_labels_24_to_1_start_side_pentagon_end_top_centre,228,60,0,228,60,0
2020,3,20,600.86,229,59,1591.56,1806.65,True,on_dome_path_labels_24_to_1_start_side_pentagon_end_top_centre,229,59,0,229,59,0
2021,3,21,630.9,230,59,1610.1,1812.97,True,on_dome_path_labels_24_to_1_start_side_pentagon_end_top_centre,230,59,0,230,59,0
2022,3,22,660.94,231,59,1628.64,1819.29,True,on_dome_path_labels_24_to_1_start_side_pentagon_end_top_centre,231,59,0,231,59,0
2023,3,23,690.99,232,59,1647.18,1825.61,True,on_dome_path_labels_24_to_1_start_side_pentagon_end_top_centre,232,59,0,232,59,0
2024,3,24,721.03,233,58,1665.72,1831.93,True,on_dome_path_labels_24_to_1_start_side_pentagon_end_top_centre,233,58,0,233,58,0
2025,3,25,751.07,233,58,1684.26,1838.25,True,on_dome_path_labels_24_to_1_start_side_pentagon_end_top_centre,233,57,1,233,57,1
2026,3,26,781.12,234,58,1702.8,1844.57,True,on_dome_path_labels_24_to_1_start_side_pentagon_end_top_centre,234,58,0,234,58,0
2027,3,27,811.16,235,57,1721.34,1850.89,True,on_dome_path_labels_24_to_1_start_side_pentagon_end_top_centre,235,57,0,235,57,0
2028,3,28,841.2,236,57,1739.88,1857.21,True,on_dome_path_labels_24_to_1_start_side_pentagon_end_top_centre,236,57,0,236,57,0
2029,3,29,871.24,237,57,1758.42,1863.53,True,on_dome_path_labels_24_to_1_start_side_pentagon_end_top_centre,237,57,0,237,57,0
2030,3,30,901.29,238,56,1776.96,1869.85,True,on_dome_path_labels_24_to_1_start_side_pentagon_end_top_centre,238,56,0,238,56,0
2031,3,31,931.33,239,56,1795.5,1876.17,True,on_dome_path_labels_24_to_1_start_side_pentagon_end_top_centre,239,56,0,239,56,0
2032,3,32,961.37,240,56,1814.04,1882.49,True,on_dome_path_labels_24_to_1_start_side_pentagon_end_top_centre,240,56,0,240,56,0
2033,3,33,991.42,241,55,1832.57,1888.81,True,on_dome_path_labels_24_to_1_start_side_pentagon_end_top_centre,241,55,0,241,55,0
2034,3,34,1021.46,242,55,1851.11,1895.13,True,on_dome_path_labels_24_to_1_start_side_pentagon_end_top_centre,242,55,0,242,55,0
2035,3,35,1051.5,243,55,1869.65,1901.45,True,on_dome_path_labels_24_to_1_start_side_pentagon_end_top_centre,243,55,0,243,55,0
2036,3,36,1081.55,244,54,1888.19,1907.77,True,on_dome_path_labels_24_to_1_start_side_pentagon_end_top_centre,244,54,0,244,54,0
2037,3,37,1111.59,245,54,1906.73,1914.09,True,on_dome_path_labels_24_to_1_start_side_pentagon_end_top_centre,245,54,0,245,54,0
2038,3,38,1141.63,245,54,1925.27,1920.41,True,on_dome_path_labels_24_to_1_start_side_pentagon_end_top_centre,245,53,1,245,53,1
2039,3,39,1171.67,245,53,1916.64,1932.51,True,on_dome_path_labels_24_to_1_start_side_pentagon_end_top_centre,245,52,1,245,52,1
2040,3,40,1201.72,244,52,1897.51,1946.85,True,on_dome_path_labels_24_to_1_start_side_pentagon_end_top_centre,244,52,0,244,52,0
2041,3,41,1231.76,243,52,1878.39,1961.18,True,on_dome_path_labels_24_to_1_start_side_pentagon_end_top_centre,243,52,0,243,52,0
2042,3,42,1261.8,242,51,1859.27,1975.51,True,on_dome_path_labels_24_to_1_start_side_pentagon_end_top_centre,242,51,0,242,51,0
2043,3,43,1291.85,241,50,1840.14,1989.85,True,on_dome_path_labels_24_to_1_start_side_pentagon_end_top_centre,241,50,0,241,50,0
2044,3,44,1321.89,240,50,1821.02,2004.18,True,on_dome_path_labels_24_to_1_start_side_pentagon_end_top_centre,240,50,0,240,50,0
2045,3,45,1351.93,239,49,1801.89,2018.51,True,on_dome_path_labels_24_to_1_start_side_pentagon_end_top_centre,239,49,0,239,49,0
2046,3,46,1381.97,238,48,1782.77,2032.85,True,on_dome_path_labels_24_to_1_start_side_pentagon_end_top_centre,238,48,0,238,48,0
2047,3,47,1412.02,237,47,1763.64,2047.18,True,on_dome_path_labels_24_to_1_start_side_pentagon_end_top_centre,237,47,0,237,47,0
2048,3,48,1442.06,236,47,1744.52,2061.51,True,on_dome_path_labels_24_to_1_start_side_pentagon_end_top_centre,236,47,0,236,47,0
2049,3,49,1472.1,235,46,1725.4,2075.85,True,on_dome_path_labels_24_to_1_start_side_pentagon_end_top_centre,235,46,0,235,46,0
2050,3,50,1502.15,235,45,1706.27,2090.18,True,on_dome_path_labels_24_to_1_start_side_pentagon_end_top_centre,235,45,0,235,45,0
2051,3,51,1532.19,234,45,1687.15,2104.51,True,on_dome_path_labels_24_to_1_start_side_pentagon_end_top_centre,234,45,0,234,45,0
2052,3,52,1562.23,233,44,1668.02,2118.85,True,on_dome_path_labels_24_to_1_start_side_pentagon_end_top_centre,233,44,0,233,44,0
2053,3,53,1592.27,232,43,1648.9,2133.18,True,on_dome_path_labels_24_to_1_start_side_pentagon_end_top_centre,232,43,0,232,43,0
2054,3,54,1622.32,231,42,1629.77,2147.51,True,on_dome_path_labels_24_to_1_start_side_pentagon_end_top_centre,231,42,0,231,42,0
2055,3,55,1652.36,230,42,1610.65,2161.85,True,on_dome_path_labels_24_to_1_start_side_pentagon_end_top_centre,230,42,0,230,42,0
2056,3,56,1682.4,229,41,1591.53,2176.18,True,on_dome_path_labels_24_to_1_start_side_pentagon_end_top_centre,229,41,0,229,41,0
2057,3,57,1712.45,228,40,1572.4,2190.51,True,on_dome_path_labels_24_to_1_start_side_pentagon_end_top_centre,228,40,0,228,40,0
2058,3,58,1742.49,227,40,1553.28,2204.85,True,on_dome_path_labels_24_to_1_start_side_pentagon_end_top_centre,227,40,0,227,40,0
2059,3,59,1772.53,226,39,1534.15,2219.18,True,on_dome_path_labels_24_to_1_start_side_pentagon_end_top_centre,226,39,0,226,39,0
2060,3,60,1802.58,225,38,1515.03,2233.51,True,on_dome_path_labels_24_to_1_start_side_pentagon_end_top_centre,225,38,0,225,38,0
2061,3,61,1832.62,224,37,1495.91,2247.85,True,on_dome_path_labels_24_to_1_start_side_pentagon_end_top_centre,224,37,0,224,37,0
2062,3,62,1862.66,223,37,1476.78,2262.18,True,on_dome_path_labels_24_to_1_start_side_pentagon_end_top_centre,223,37,0,223,37,0
2063,3,63,1892.7,222,36,1457.66,2276.51,True,on_dome_path_labels_24_to_1_start_side_pentagon_end_top_centre,222,36,0,222,36,0
2064,3,64,1922.75,221,35,1438.53,2290.85,True,on_dome_path_labels_24_to_1_start_side_pentagon_end_top_centre,221,35,0,221,35,0
2065,3,65,1952.79,220,35,1419.41,2305.18,True,on_dome_path_labels_24_to_1_start_side_pentagon_end_top_centre,220,35,0,220,35,0
2066,3,66,1982.83,219,34,1400.28,2319.51,True,on_dome_path_labels_24_to_1_start_side_pentagon_end_top_centre,219,34,0,219,34,0
2067,3,67,2012.88,218,33,1381.16,2333.85,True,on_dome_path_labels_24_to_1_start_side_pentagon_end_top_centre,218,33,0,218,33,0
2068,3,68,2042.92,217,32,1362.04,2348.18,True,on_dome_path_labels_24_to_1_start_side_pentagon_end_top_centre,217,32,0,217,32,0
2069,3,69,2072.96,216,32,1342.91,2362.51,True,on_dome_path_labels_24_to_1_start_side_pentagon_end_top_centre,216,32,0,216,32,0
2070,3,70,2103.0,215,31,1323.79,2376.85,True,on_dome_path_labels_24_to_1_start_side_pentagon_end_top_centre,215,31,0,215,31,0
2071,3,71,2133.05,215,30,1304.66,2391.18,True,on_dome_path_labels_24_to_1_start_side_pentagon_end_top_centre,215,30,0,215,30,0
2072,3,72,2163.09,214,30,1285.54,2405.51,True,on_dome_path_labels_24_to_1_start_side_pentagon_end_top_centre,214,30,0,214,30,0
2073,3,73,2193.13,213,29,1266.41,2419.85,True,on_dome_path_labels_24_to_1_start_side_pentagon_end_top_centre,213,29,0,213,29,0
2074,3,74,2223.18,212,28,1247.29,2434.18,True,on_dome_path_labels_24_to_1_start_side_pentagon_end_top_centre,212,28,0,212,28,0
2075,3,75,2253.22,211,27,1228.17,2448.51,True,on_dome_path_labels_24_to_1_start_side_pentagon_end_top_centre,211,27,0,211,27,0
2076,3,76,2283.26,210,27,1209.04,2462.85,True,on_dome_path_labels_24_to_1_start_side_pentagon_end_top_centre,210,27,0,210,27,0
2077,3,77,2313.3,209,26,1188.49,2474.68,True,on_dome_path_labels_24_to_1_start_side_pentagon_end_top_centre,209,26,0,209,26,0
2078,3,78,2343.35,208,26,1166.14,2483.36,True,on_dome_path_labels_24_to_1_start_side_pentagon_end_top_centre,208,26,0,208,26,0
2079,3,79,2373.39,206,25,1143.79,2492.05,True,on_dome_path_labels_24_to_1_start_side_pentagon_end_top_centre,206,25,0,206,25,0
2080,3,80,2403.43,205,25,1121.44,2500.74,True,on_dome_path_labels_24_to_1_start_side_pentagon_end_top_centre,205,25,0,205,25,0
2081,3,81,2433.48,204,24,1099.09,2509.42,True,on_dome_path_labels_24_to_1_start_side_pentagon_end_top_centre,204,24,0,204,24,0
2082,3,82,2463.52,203,24,1076.74,2518.11,True,on_dome_path_labels_24_to_1_start_side_pentagon_end_top_centre,203,24,0,203,24,0
2083,3,83,2493.56,202,24,1054.39,2526.8,True,on_dome_path_labels_24_to_1_start_side_pentagon_end_top_centre,202,24,0,202,24,0
2084,3,84,2523.61,201,23,1032.04,2535.48,True,on_dome_path_labels_24_to_1_start_side_pentagon_end_top_centre,201,23,0,201,23,0
2085,3,85,2553.65,200,23,1009.69,2544.17,True,on_dome_path_labels_24_to_1_start_side_pentagon_end_top_centre,200,23,0,200,23,0
2086,3,86,2583.69,199,22,987.34,2552.85,True,on_dome_path_labels_24_to_1_start_side_pentagon_end_top_centre,199,22,0,199,22,0
2087,3,87,2613.73,198,22,964.99,2561.54,True,on_dome_path_labels_24_to_1_start_side_pentagon_end_top_centre,198,22,0,198,22,0
2088,3,88,2643.78,196,21,942.64,2570.23,True,on_dome_path_labels_24_to_1_start_side_pentagon_end_top_centre,196,21,0,196,21,0
2089,3,89,2673.82,195,21,920.3,2578.91,True,on_dome_path_labels_24_to_1_start_side_pentagon_end_top_centre,195,21,0,195,21,0
2090,3,90,2703.86,194,21,897.95,2587.6,True,on_dome_path_labels_24_to_1_start_side_pentagon_end_top_centre,194,21,0,194,21,0
2091,3,91,2733.91,193,20,875.6,2596.29,True,on_dome_path_labels_24_to_1_start_side_pentagon_end_top_centre,193,20,0,193,20,0
2092,3,92,2763.95,192,20,853.25,2604.97,True,on_dome_path_labels_24_to_1_start_side_pentagon_end_top_centre,192,20,0,192,20,0
2093,3,93,2793.99,191,19,830.9,2613.66,True,on_dome_path_labels_24_to_1_start_side_pentagon_end_top_centre,191,19,0,191,19,0
2094,3,94,2824.03,190,19,808.55,2622.35,True,on_dome_path_labels_24_to_1_start_side_pentagon_end_top_centre,190,19,0,190,19,0
2095,3,95,2854.08,189,18,786.2,2631.03,True,on_dome_path_labels_24_to_1_start_side_pentagon_end_top_centre,189,18,0,189,18,0
2096,3,96,2884.12,188,18,763.85,2639.72,True,on_dome_path_labels_24_to_1_start_side_pentagon_end_top_centre,188,18,0,188,18,0
2097,3,97,2914.16,186,18,741.5,2648.4,True,on_dome_path_labels_24_to_1_start_side_pentagon_end_top_centre,186,18,0,186,18,0
2098,3,98,2944.21,185,17,719.15,2657.09,True,on_dome_path_labels_24_to_1_start_side_pentagon_end_top_centre,185,17,0,185,17,0
2099,3,99,2974.25,184,17,696.8,2665.78,True,on_dome_path_labels_24_to_1_start_side_pentagon_end_top_centre,184,17,0,184,17,0
2100,3,100,3004.29,183,16,674.45,2674.46,True,on_dome_path_labels_24_to_1_start_side_pentagon_end_top_centre,183,16,0,183,16,0
2101,3,101,3034.33,182,16,652.1,2683.15,True,on_dome_path_labels_24_to_1_start_side_pentagon_end_top_centre,182,16,0,182,16,0
2102,3,102,3064.38,181,15,629.75,2691.84,True,on_dome_path_labels_24_to_1_start_side_pentagon_end_top_centre,181,15,0,181,15,0
2103,3,103,3094.42,180,15,607.4,2700.52,True,on_dome_path_labels_24_to_1_start_side_pentagon_end_top_centre,180,15,0,180,15,0
2104,3,104,3124.46,179,14,585.05,2709.21,True,on_dome_path_labels_24_to_1_start_side_pentagon_end_top_centre,179,14,0,179,14,0
2105,3,105,3154.51,178,14,562.7,2717.89,True,on_dome_path_labels_24_to_1_start_side_pentagon_end_top_centre,178,14,0,178,14,0
2106,3,106,3184.55,176,14,540.35,2726.58,True,on_dome_path_labels_24_to_1_start_side_pentagon_end_top_centre,176,14,0,176,14,0
2107,3,107,3214.59,175,13,518.0,2735.27,True,on_dome_path_labels_24_to_1_start_side_pentagon_end_top_centre,175,13,0,175,13,0
2108,3,108,3244.64,174,13,495.66,2743.95,True,on_dome_path_labels_24_to_1_start_side_pentagon_end_top_centre,174,13,0,174,13,0
2109,3,109,3274.68,173,12,473.31,2752.64,True,on_dome_path_labels_24_to_1_start_side_pentagon_end_top_centre,173,12,0,173,12,0
2110,3,110,3304.72,172,12,450.96,2761.33,True,on_dome_path_labels_24_to_1_start_side_pentagon_end_top_centre,172,12,0,172,12,0
2111,3,111,3334.76,171,11,428.61,2770.01,True,on_dome_path_labels_24_to_1_start_side_pentagon_end_top_centre,171,11,0,171,11,0
2112,3,112,3364.81,170,11,406.26,2778.7,True,on_dome_path_labels_24_to_1_start_side_pentagon_end_top_centre,170,11,0,170,11,0
2113,3,113,3394.85,169,11,383.91,2787.38,True,on_dome_path_labels_24_to_1_start_side_pentagon_end_top_centre,169,11,0,169,11,0
2114,3,114,3424.89,168,10,361.56,2796.07,True,on_dome_path_labels_24_to_1_start_side_pentagon_end_top_centre,168,10,0,168,10,0
2115,3,115,3454.94,166,10,340.09,2804.11,True,on_dome_path_labels_24_to_1_start_side_pentagon_end_top_centre,166,10,0,166,10,0
2116,3,116,3484.98,166,10,323.12,2808.86,True,on_dome_path_labels_24_to_1_start_side_pentagon_end_top_centre,166,9,1,166,9,1
2117,3,117,3515.02,165,9,306.15,2813.6,True,on_dome_path_labels_24_to_1_start_side_pentagon_end_top_centre,165,9,0,165,9,0
2118,3,118,3545.06,164,9,289.18,2818.35,True,on_dome_path_labels_24_to_1_start_side_pentagon_end_top_centre,164,9,0,164,9,0
2119,3,119,3575.11,163,9,272.21,2823.1,True,on_dome_path_labels_24_to_1_start_side_pentagon_end_top_centre,163,9,0,163,9,0
2120,3,120,3605.15,162,9,255.24,2827.84,True,on_dome_path_labels_24_to_1_start_side_pentagon_end_top_centre,162,9,0,162,9,0
2121,3,121,3635.19,161,8,238.27,2832.59,True,on_dome_path_labels_24_to_1_start_side_pentagon_end_top_centre,161,8,0,161,8,0
2122,3,122,3665.24,161,8,221.3,2837.33,True,on_dome_path_labels_24_to_1_start_side_pentagon_end_top_centre,161,7,1,161,7,1
2123,3,123,3695.28,160,8,204.33,2842.08,True,on_dome_path_labels_24_to_1_start_side_pentagon_end_top_centre,160,8,0,160,8,0
2124,3,124,3725.32,159,8,187.35,2846.83,True,on_dome_path_labels_24_to_1_start_side_pentagon_end_top_centre,159,8,0,159,8,0
2125,3,125,3755.36,158,7,170.38,2851.57,True,on_dome_path_labels_24_to_1_start_side_pentagon_end_top_centre,158,7,0,158,7,0
2126,3,126,3785.41,157,7,153.41,2856.32,True,on_dome_path_labels_24_to_1_start_side_pentagon_end_top_centre,157,7,0,157,7,0
2127,3,127,3815.45,156,7,136.44,2861.07,True,on_dome_path_labels_24_to_1_start_side_pentagon_end_top_centre,156,7,0,156,7,0
2128,3,128,3845.49,155,7,119.47,2865.81,True,on_dome_path_labels_24_to_1_start_side_pentagon_end_top_centre,155,7,0,155,7,0
2129,3,129,3875.54,155,6,102.5,2870.56,True,on_dome_path_labels_24_to_1_start_side_pentagon_end_top_centre,155,6,0,155,6,0
2130,3,130,3905.58,154,6,85.53,2875.31,True,on_dome_path_labels_24_to_1_start_side_pentagon_end_top_centre,154,6,0,154,6,0
2131,3,131,3935.62,153,6,68.56,2880.05,True,on_dome_path_labels_24_to_1_start_side_pentagon_end_top_centre,153,6,0,153,6,0
2132,3,132,3965.67,152,6,51.59,2884.8,True,on_dome_path_labels_24_to_1_start_side_pentagon_end_top_centre,152,6,0,152,6,0
2133,3,133,3995.71,151,6,34.62,2889.55,True,on_dome_path_labels_24_to_1_start_side_pentagon_end_top_centre,151,6,0,151,6,0
2134,3,134,4025.75,150,5,17.65,2894.29,True,on_dome_path_labels_24_to_1_start_side_pentagon_end_top_centre,150,5,0,150,5,0
2135,3,135,4055.79,150,5,0.67,2899.04,True,on_dome_path_labels_24_to_1_start_side_pentagon_end_top_centre,150,4,1,150,4,1
2136,3,136,4085.84,149,5,-16.3,2903.79,True,on_dome_path_labels_24_to_1_start_side_pentagon_end_top_centre,149,5,0,149,5,0
2137,3,137,4115.88,148,5,-33.27,2908.53,True,on_dome_path_labels_24_to_1_start_side_pentagon_end_top_centre,148,5,0,148,5,0
2138,3,138,4145.92,147,4,-50.24,2913.28,True,on_dome_path_labels_24_to_1_start_side_pentagon_end_top_centre,147,4,0,147,4,0
2139,3,139,4175.97,146,4,-67.21,2918.03,True,on_dome_path_labels_24_to_1_start_side_pentagon_end_top_centre,146,4,0,146,4,0
2140,3,140,4206.01,145,4,-84.18,2922.77,True,on_dome_path_labels_24_to_1_start_side_pentagon_end_top_centre,145,4,0,145,4,0
2141,3,141,4236.05,144,4,-101.15,2927.52,True,on_dome_path_labels_24_to_1_start_side_pentagon_end_top_centre,144,4,0,144,4,0
2142,3,142,4266.09,144,3,-118.12,2932.26,True,on_dome_path_labels_24_to_1_start_side_pentagon_end_top_centre,144,3,0,144,3,0
2143,3,143,4296.14,143,3,-135.09,2937.01,True,on_dome_path_labels_24_to_1_start_side_pentagon_end_top_centre,143,3,0,143,3,0
2144,3,144,4326.18,142,3,-152.06,2941.76,True,on_dome_path_labels_24_to_1_start_side_pentagon_end_top_centre,142,3,0,142,3,0
2145,3,145,4356.22,141,3,-169.03,2946.5,True,on_dome_path_labels_24_to_1_start_side_pentagon_end_top_centre,141,3,0,141,3,0
2146,3,146,4386.27,140,2,-186.01,2951.25,True,on_dome_path_labels_24_to_1_start_side_pentagon_end_top_centre,140,2,0,140,2,0
2147,3,147,4416.31,139,2,-202.98,2956.0,True,on_dome_path_labels_24_to_1_start_side_pentagon_end_top_centre,139,2,0,139,2,0
2148,3,148,4446.35,139,2,-219.95,2960.74,True,on_dome_path_labels_24_to_1_start_side_pentagon_end_top_centre,139,1,1,139,1,1
2149,3,149,4476.39,138,2,-236.92,2965.49,True,on_dome_path_labels_24_to_1_start_side_pentagon_end_top_centre,138,2,0,138,2,0
2150,3,150,4506.44,137,1,-253.89,2970.24,True,on_dome_path_labels_24_to_1_start_side_pentagon_end_top_centre,137,1,0,137,1,0
2151,3,151,4536.48,136,1,-270.86,2974.98,True,on_dome_path_labels_24_to_1_start_side_pentagon_end_top_centre,136,1,0,136,1,0
2152,3,152,4566.52,135,1,-287.83,2979.73,True,on_dome_path_labels_24_to_1_start_side_pentagon_end_top_centre,135,1,0,135,1,0
2153,3,153,4596.57,134,1,-304.8,2984.48,True,on_dome_path_labels_24_to_1_start_side_pentagon_end_top_centre,134,1,0,134,1,0
2154,3,154,4626.61,134,2,-306.78,2965.92,True,on_dome_path_labels_24_to_1_start_side_pentagon_end_top_centre,134,2,0,134,2,0
2155,3,155,4656.65,134,3,-306.83,2944.35,True,on_dome_path_labels_24_to_1_start_side_pentagon_end_top_centre,134,3,0,134,3,0
2156,3,156,4686.7,134,4,-306.88,2922.78,True,on_dome_path_labels_24_to_1_start_side_pentagon_end_top_centre,134,4,0,134,4,0
2157,3,157,4716.74,134,5,-306.92,2901.21,True,on_dome_path_labels_24_to_1_start_side_pentagon_end_top_centre,134,5,0,134,5,0
2158,3,158,4746.78,134,6,-306.97,2879.65,True,on_dome_path_labels_24_to_1_start_side_pentagon_end_top_centre,134,6,0,134,6,0
2159,3,159,4776.82,134,7,-307.01,2858.08,True,on_dome_path_labels_24_to_1_start_side_pentagon_end_top_centre,134,7,0,134,7,0
2160,3,160,4806.87,134,8,-307.06,2836.51,True,on_dome_path_labels_24_to_1_start_side_pentagon_end_top_centre,134,8,0,134,8,0
2161,3,161,4836.91,134,9,-307.11,2814.95,True,on_dome_path_labels_24_to_1_start_side_pentagon_end_top_centre,134,9,0,134,9,0
2162,3,162,4866.95,134,10,-307.15,2793.38,True,on_dome_path_labels_24_to_1_start_side_pentagon_end_top_centre,134,10,0,134,10,0
2163,3,163,4897.0,134,11,-307.2,2771.81,True,on_dome_path_labels_24_to_1_start_side_pentagon_end_top_centre,134,11,0,134,11,0
2164,3,164,4927.04,134,12,-307.25,2750.24,True,on_dome_path_labels_24_to_1_start_side_pentagon_end_top_centre,134,12,0,134,12,0
2165,3,165,4957.08,134,14,-307.29,2728.68,True,on_dome_path_labels_24_to_1_start_side_pentagon_end_top_centre,134,14,0,134,14,0
2166,3,166,4987.12,134,15,-307.34,2707.11,True,on_dome_path_labels_24_to_1_start_side_pentagon_end_top_centre,134,15,0,134,15,0
2167,3,167,5017.17,134,16,-307.38,2685.54,True,on_dome_path_labels_24_to_1_start_side_pentagon_end_top_centre,134,16,0,134,16,0
2168,3,168,5047.21,134,17,-307.43,2663.98,True,on_dome_path_labels_24_to_1_start_side_pentagon_end_top_centre,134,17,0,134,17,0
2169,3,169,5077.25,134,18,-307.48,2642.41,True,on_dome_path_labels_24_to_1_start_side_pentagon_end_top_centre,134,18,0,134,18,0
2170,3,170,5107.3,134,19,-307.52,2620.84,True,on_dome_path_labels_24_to_1_start_side_pentagon_end_top_centre,134,19,0,134,19,0
2171,3,171,5137.34,134,20,-307.57,2599.27,True,on_dome_path_labels_24_to_1_start_side_pentagon_end_top_centre,134,20,0,134,20,0
2172,3,172,5167.38,134,21,-307.62,2577.71,True,on_dome_path_labels_24_to_1_start_side_pentagon_end_top_centre,134,21,0,134,21,0
2173,3,173,5197.42,134,22,-307.66,2556.14,True,on_dome_path_labels_24_to_1_start_side_pentagon_end_top_centre,134,22,0,134,22,0
2174,3,174,5227.47,134,23,-307.71,2534.57,True,on_dome_path_labels_24_to_1_start_side_pentagon_end_top_centre,134,23,0,134,23,0
2175,3,175,5257.51,134,24,-307.75,2513.01,True,on_dome_path_labels_24_to_1_start_side_pentagon_end_top_centre,134,24,0,134,24,0
2176,3,176,5287.55,134,25,-307.8,2491.44,True,on_dome_path_labels_24_to_1_start_side_pentagon_end_top_centre,134,25,0,134,25,0
2177,3,177,5317.6,134,26,-307.85,2469.87,True,on_dome_path_labels_24_to_1_start_side_pentagon_end_top_centre,134,26,0,134,26,0
2178,3,178,5347.64,134,27,-307.89,2448.31,True,on_dome_path_labels_24_to_1_start_side_pentagon_end_top_centre,134,27,0,134,27,0
2179,3,179,5377.68,134,29,-307.94,2426.74,True,on_dome_path_labels_24_to_1_start_side_pentagon_end_top_centre,134,29,0,134,29,0
2180,3,180,5407.73,134,30,-307.99,2405.17,True,on_dome_path_labels_24_to_1_start_side_pentagon_end_top_centre,134,30,0,134,30,0
2181,3,181,5437.77,134,31,-308.03,2383.6,True,on_dome_path_labels_24_to_1_start_side_pentagon_end_top_centre,134,31,0,134,31,0
2182,3,182,5467.81,134,32,-308.08,2362.04,True,on_dome_path_labels_24_to_1_start_side_pentagon_end_top_centre,134,32,0,134,32,0
2183,3,183,5497.85,134,33,-308.12,2340.47,True,on_dome_path_labels_24_to_1_start_side_pentagon_end_top_centre,134,33,0,134,33,0
2184,3,184,5527.9,134,34,-308.17,2318.9,True,on_dome_path_labels_24_to_1_start_side_pentagon_end_top_centre,134,34,0,134,34,0
2185,3,185,5557.94,134,35,-308.22,2297.34,True,on_dome_path_labels_24_to_1_start_side_pentagon_end_top_centre,134,35,0,134,35,0
2186,3,186,5587.98,134,36,-308.26,2275.77,True,on_dome_path_labels_24_to_1_start_side_pentagon_end_top_centre,134,36,0,134,36,0
2187,3,187,5618.03,134,37,-308.31,2254.2,True,on_dome_path_labels_24_to_1_start_side_pentagon_end_top_centre,134,37,0,134,37,0
2188,3,188,5648.07,134,38,-308.36,2232.63,True,on_dome_path_labels_24_to_1_start_side_pentagon_end_top_centre,134,38,0,134,38,0
2189,3,189,5678.11,134,39,-308.4,2211.07,True,on_dome_path_labels_24_to_1_start_side_pentagon_end_top_centre,134,39,0,134,39,0
2190,3,190,5708.15,134,40,-308.45,2189.5,True,on_dome_path_labels_24_to_1_start_side_pentagon_end_top_centre,134,40,0,134,40,0
2191,3,191,5738.2,134,41,-308.49,2167.93,True,on_dome_path_labels_24_to_1_start_side_pentagon_end_top_centre,134,41,0,134,41,0
2192,3,192,5768.24,135,41,-298.4,2169.55,True,on_dome_path_labels_24_to_1_start_side_pentagon_end_top_centre,135,41,0,135,41,0
2193,3,193,5798.28,135,41,-281.75,2186.17,True,on_dome_path_labels_24_to_1_start_side_pentagon_end_top_centre,135,40,1,135,40,1
2194,3,194,5828.33,136,40,-265.09,2202.79,True,on_dome_path_labels_24_to_1_start_side_pentagon_end_top_centre,136,40,0,136,40,0
2195,3,195,5858.37,137,39,-248.44,2219.41,True,on_dome_path_labels_24_to_1_start_side_pentagon_end_top_centre,137,39,0,137,39,0
2196,3,196,5888.41,138,38,-231.78,2236.04,True,on_dome_path_labels_24_to_1_start_side_pentagon_end_top_centre,138,38,0,138,38,0
2197,3,197,5918.45,139,37,-215.13,2252.66,True,on_dome_path_labels_24_to_1_start_side_pentagon_end_top_centre,139,37,0,139,37,0
2198,3,198,5948.5,140,36,-198.47,2269.28,True,on_dome_path_labels_24_to_1_start_side_pentagon_end_top_centre,140,36,0,140,36,0
2199,3,199,5978.54,140,36,-181.82,2285.9,True,on_dome_path_labels_24_to_1_start_side_pentagon_end_top_centre,140,35,1,140,35,1
2200,3,200,6008.58,141,35,-165.17,2302.52,True,on_dome_path_labels_24_to_1_start_side_pentagon_end_top_centre,141,35,0,141,35,0
2201,3,201,6038.63,142,34,-148.51,2319.14,True,on_dome_path_labels_24_to_1_start_side_pentagon_end_top_centre,142,34,0,142,34,0
2202,3,202,6068.67,143,33,-131.86,2335.76,True,on_dome_path_labels_24_to_1_start_side_pentagon_end_top_centre,143,33,0,143,33,0
2203,3,203,6098.71,144,32,-115.2,2352.38,True,on_dome_path_labels_24_to_1_start_side_pentagon_end_top_centre,144,32,0,144,32,0
2204,3,204,6128.76,145,31,-98.55,2369.01,True,on_dome_path_labels_24_to_1_start_side_pentagon_end_top_centre,145,31,0,145,31,0
2205,3,205,6158.8,145,31,-81.89,2385.63,True,on_dome_path_labels_24_to_1_start_side_pentagon_end_top_centre,145,30,1,145,30,1
2206,3,206,6188.84,146,30,-65.24,2402.25,True,on_dome_path_labels_24_to_1_start_side_pentagon_end_top_centre,146,30,0,146,30,0
2207,3,207,6218.88,147,29,-48.58,2418.87,True,on_dome_path_labels_24_to_1_start_side_pentagon_end_top_centre,147,29,0,147,29,0
2208,3,208,6248.93,148,28,-31.93,2435.49,True,on_dome_path_labels_24_to_1_start_side_pentagon_end_top_centre,148,28,0,148,28,0
2209,3,209,6278.97,149,27,-15.28,2452.11,True,on_dome_path_labels_24_to_1_start_side_pentagon_end_top_centre,149,27,0,149,27,0
2210,3,210,6309.01,150,26,1.38,2468.73,True,on_dome_path_labels_24_to_1_start_side_pentagon_end_top_centre,150,26,0,150,26,0
2211,3,211,6339.06,150,26,18.03,2485.35,True,on_dome_path_labels_24_to_1_start_side_pentagon_end_top_centre,150,25,1,150,25,1
2212,3,212,6369.1,151,25,34.69,2501.97,True,on_dome_path_labels_24_to_1_start_side_pentagon_end_top_centre,151,25,0,151,25,0
2213,3,213,6399.14,152,24,51.34,2518.6,True,on_dome_path_labels_24_to_1_start_side_pentagon_end_top_centre,152,24,0,152,24,0
2214,3,214,6429.18,153,23,68.0,2535.22,True,on_dome_path_labels_24_to_1_start_side_pentagon_end_top_centre,153,23,0,153,23,0
2215,3,215,6459.23,154,22,84.65,2551.84,True,on_dome_path_labels_24_to_1_start_side_pentagon_end_top_centre,154,22,0,154,22,0
2216,3,216,6489.27,155,22,101.31,2568.46,True,on_dome_path_labels_24_to_1_start_side_pentagon_end_top_centre,155,22,0,155,22,0
2217,3,217,6519.31,155,21,117.96,2585.08,True,on_dome_path_labels_24_to_1_start_side_pentagon_end_top_centre,155,21,0,155,21,0
2218,3,218,6549.36,156,20,134.61,2601.7,True,on_dome_path_labels_24_to_1_start_side_pentagon_end_top_centre,156,20,0,156,20,0
2219,3,219,6579.4,157,19,151.27,2618.32,True,on_dome_path_labels_24_to_1_start_side_pentagon_end_top_centre,157,19,0,157,19,0
2220,3,220,6609.44,158,18,167.92,2634.94,True,on_dome_path_labels_24_to_1_start_side_pentagon_end_top_centre,158,18,0,158,18,0
2221,3,221,6639.48,159,17,184.58,2651.57,True,on_dome_path_labels_24_to_1_start_side_pentagon_end_top_centre,159,17,0,159,17,0
2222,3,222,6669.53,160,17,201.23,2668.19,True,on_dome_path_labels_24_to_1_start_side_pentagon_end_top_centre,160,17,0,160,17,0
2223,3,223,6699.57,160,16,217.89,2684.81,True,on_dome_path_labels_24_to_1_start_side_pentagon_end_top_centre,160,16,0,160,16,0
2224,3,224,6729.61,161,15,234.54,2701.43,True,on_dome_path_labels_24_to_1_start_side_pentagon_end_top_centre,161,15,0,161,15,0
2225,3,225,6759.66,162,14,251.2,2718.05,True,on_dome_path_labels_24_to_1_start_side_pentagon_end_top_centre,162,14,0,162,14,0
2226,3,226,6789.7,163,13,267.85,2734.67,True,on_dome_path_labels_24_to_1_start_side_pentagon_end_top_centre,163,13,0,163,13,0
2227,3,227,6819.74,164,12,284.5,2751.29,True,on_dome_path_labels_24_to_1_start_side_pentagon_end_top_centre,164,12,0,164,12,0
2228,3,228,6849.79,165,12,301.16,2767.91,True,on_dome_path_labels_24_to_1_start_side_pentagon_end_top_centre,165,12,0,165,12,0
2229,3,229,6879.83,165,11,317.81,2784.54,True,on_dome_path_labels_24_to_1_start_side_pentagon_end_top_centre,165,11,0,165,11,0
2230,3,230,6909.87,166,11,330.0,2788.27,True,on_dome_path_labels_24_to_1_start_side_pentagon_end_top_centre,166,11,0,166,11,0
2231,3,231,6939.91,166,12,333.07,2765.68,True,on_dome_path_labels_24_to_1_start_side_pentagon_end_top_centre,166,12,0,166,12,0
2232,3,232,6969.96,166,13,336.14,2743.08,True,on_dome_path_labels_24_to_1_start_side_pentagon_end_top_centre,166,13,0,166,13,0
2233,3,233,7000.0,166,14,339.21,2720.49,True,on_dome_path_labels_24_to_1_start_side_pentagon_end_top_centre,166,14,0,166,14,0
2234,3,234,7030.04,167,15,342.28,2697.9,True,on_dome_path_labels_24_to_1_start_side_pentagon_end_top_centre,167,15,0,167,15,0
2235,3,235,7060.09,167,16,345.35,2675.3,True,on_dome_path_labels_24_to_1_start_side_pentagon_end_top_centre,167,16,0,167,16,0
2236,3,236,7090.13,167,17,348.42,2652.71,True,on_dome_path_labels_24_to_1_start_side_pentagon_end_top_centre,167,17,0,167,17,0
2237,3,237,7120.17,167,18,351.49,2630.11,True,on_dome_path_labels_24_to_1_start_side_pentagon_end_top_centre,167,18,0,167,18,0
2238,3,238,7150.21,167,20,354.56,2607.52,True,on_dome_path_labels_24_to_1_start_side_pentagon_end_top_centre,167,20,0,167,20,0
2239,3,239,7180.26,167,21,357.63,2584.93,True,on_dome_path_labels_24_to_1_start_side_pentagon_end_top_centre,167,21,0,167,21,0
2240,3,240,7210.3,167,22,360.7,2562.33,True,on_dome_path_labels_24_to_1_start_side_pentagon_end_top_centre,167,22,0,167,22,0
2241,3,241,7240.34,168,23,363.77,2539.74,True,on_dome_path_labels_24_to_1_start_side_pentagon_end_top_centre,168,23,0,168,23,0
2242,3,242,7270.39,168,24,366.84,2517.14,True,on_dome_path_labels_24_to_1_start_side_pentagon_end_top_centre,168,24,0,168,24,0
2243,3,243,7300.43,168,25,369.91,2494.55,True,on_dome_path_labels_24_to_1_start_side_pentagon_end_top_centre,168,25,0,168,25,0
2244,3,244,7330.47,168,26,372.97,2471.96,True,on_dome_path_labels_24_to_1_start_side_pentagon_end_top_centre,168,26,0,168,26,0
2245,3,245,7360.52,168,27,376.04,2449.36,True,on_dome_path_labels_24_to_1_start_side_pentagon_end_top_centre,168,27,0,168,27,0
2246,3,246,7390.56,168,29,379.11,2426.77,True,on_dome_path_labels_24_to_1_start_side_pentagon_end_top_centre,168,29,0,168,29,0
2247,3,247,7420.6,169,30,382.18,2404.17,True,on_dome_path_labels_24_to_1_start_side_pentagon_end_top_centre,169,30,0,169,30,0
2248,3,248,7450.64,169,31,385.25,2381.58,True,on_dome_path_labels_24_to_1_start_side_pentagon_end_top_centre,169,31,0,169,31,0
2249,3,249,7480.69,169,32,388.32,2358.99,True,on_dome_path_labels_24_to_1_start_side_pentagon_end_top_centre,169,32,0,169,32,0
2250,3,250,7510.73,169,33,391.39,2336.39,True,on_dome_path_labels_24_to_1_start_side_pentagon_end_top_centre,169,33,0,169,33,0
2251,3,251,7540.77,169,34,394.46,2313.8,True,on_dome_path_labels_24_to_1_start_side_pentagon_end_top_centre,169,34,0,169,34,0
2252,3,252,7570.82,169,35,397.53,2291.2,True,on_dome_path_labels_24_to_1_start_side_pentagon_end_top_centre,169,35,0,169,35,0
2253,3,253,7600.86,169,36,400.6,2268.61,True,on_dome_path_labels_24_to_1_start_side_pentagon_end_top_centre,169,36,0,169,36,0
2254,3,254,7630.9,170,38,403.67,2246.02,True,on_dome_path_labels_24_to_1_start_side_pentagon_end_top_centre,170,38,0,170,38,0
2255,3,255,7660.94,170,39,406.74,2223.42,True,on_dome_path_labels_24_to_1_start_side_pentagon_end_top_centre,170,39,0,170,39,0
2256,3,256,7690.99,170,40,409.81,2200.83,True,on_dome_path_labels_24_to_1_start_side_pentagon_end_top_centre,170,40,0,170,40,0
2257,3,257,7721.03,170,41,412.88,2178.23,True,on_dome_path_labels_24_to_1_start_side_pentagon_end_top_centre,170,41,0,170,41,0
2258,3,258,7751.07,170,42,415.95,2155.64,True,on_dome_path_labels_24_to_1_start_side_pentagon_end_top_centre,170,42,0,170,42,0
2259,3,259,7781.12,170,43,419.01,2133.05,True,on_dome_path_labels_24_to_1_start_side_pentagon_end_top_centre,170,43,0,170,43,0
2260,3,260,7811.16,171,44,422.08,2110.45,True,on_dome_path_labels_24_to_1_start_side_pentagon_end_top_centre,171,44,0,171,44,0
2261,3,261,7841.2,171,45,425.15,2087.86,True,on_dome_path_labels_24_to_1_start_side_pentagon_end_top_centre,171,45,0,171,45,0
2262,3,262,7871.24,171,47,428.22,2065.26,True,on_dome_path_labels_24_to_1_start_side_pentagon_end_top_centre,171,47,0,171,47,0
2263,3,263,7901.29,171,48,431.29,2042.67,True,on_dome_path_labels_24_to_1_start_side_pentagon_end_top_centre,171,48,0,171,48,0
2264,3,264,7931.33,171,49,434.36,2020.08,True,on_dome_path_labels_24_to_1_start_side_pentagon_end_top_centre,171,49,0,171,49,0
2265,3,265,7961.37,171,50,437.43,1997.48,True,on_dome_path_labels_24_to_1_start_side_pentagon_end_top_centre,171,50,0,171,50,0
2266,3,266,7991.42,171,51,440.5,1974.89,True,on_dome_path_labels_24_to_1_start_side_pentagon_end_top_centre,171,51,0,171,51,0
2267,3,267,8021.46,172,52,443.57,1952.29,True,on_dome_path_labels_24_to_1_start_side_pentagon_end_top_centre,172,52,0,172,52,0
2268,3,268,8051.5,172,53,447.45,1931.52,True,on_dome_path_labels_24_to_1_start_side_pentagon_end_top_centre,172,53,0,172,53,0
2269,3,269,8081.55,173,53,466.73,1945.43,True,on_dome_path_labels_24_to_1_start_side_pentagon_end_top_centre,173,53,0,173,53,0
2270,3,270,8111.59,174,52,486.01,1959.34,True,on_dome_path_labels_24_to_1_start_side_pentagon_end_top_centre,174,52,0,174,52,0
2271,3,271,8141.63,175,51,505.29,1973.25,True,on_dome_path_labels_24_to_1_start_side_pentagon_end_top_centre,175,51,0,175,51,0
2272,3,272,8171.67,176,50,524.57,1987.16,True,on_dome_path_labels_24_to_1_start_side_pentagon_end_top_centre,176,50,0,176,50,0
2273,3,273,8201.72,177,50,543.85,2001.06,True,on_dome_path_labels_24_to_1_start_side_pentagon_end_top_centre,177,50,0,177,50,0
2274,3,274,8231.76,178,49,563.13,2014.97,True,on_dome_path_labels_24_to_1_start_side_pentagon_end_top_centre,178,49,0,178,49,0
2275,3,275,8261.8,179,48,582.41,2028.88,True,on_dome_path_labels_24_to_1_start_side_pentagon_end_top_centre,179,48,0,179,48,0
2276,3,276,8291.85,179,48,601.69,2042.79,True,on_dome_path_labels_24_to_1_start_side_pentagon_end_top_centre,179,47,1,179,47,1
2277,3,277,8321.89,180,47,620.97,2056.69,True,on_dome_path_labels_24_to_1_start_side_pentagon_end_top_centre,180,47,0,180,47,0
2278,3,278,8351.93,181,46,640.25,2070.6,True,on_dome_path_labels_24_to_1_start_side_pentagon_end_top_centre,181,46,0,181,46,0
2279,3,279,8381.97,182,46,659.53,2084.51,True,on_dome_path_labels_24_to_1_start_side_pentagon_end_top_centre,182,46,0,182,46,0
2280,3,280,8412.02,183,45,678.81,2098.42,True,on_dome_path_labels_24_to_1_start_side_pentagon_end_top_centre,183,45,0,183,45,0
2281,3,281,8442.06,184,44,698.09,2112.32,True,on_dome_path_labels_24_to_1_start_side_pentagon_end_top_centre,184,44,0,184,44,0
2282,3,282,8472.1,185,44,717.37,2126.23,True,on_dome_path_labels_24_to_1_start_side_pentagon_end_top_centre,185,44,0,185,44,0
2283,3,283,8502.15,186,43,736.65,2140.14,True,on_dome_path_labels_24_to_1_start_side_pentagon_end_top_centre,186,43,0,186,43,0
2284,3,284,8532.19,187,42,755.93,2154.05,True,on_dome_path_labels_24_to_1_start_side_pentagon_end_top_centre,187,42,0,187,42,0
2285,3,285,8562.23,188,41,775.21,2167.96,True,on_dome_path_labels_24_to_1_start_side_pentagon_end_top_centre,188,41,0,188,41,0
2286,3,286,8592.27,189,41,794.49,2181.86,True,on_dome_path_labels_24_to_1_start_side_pentagon_end_top_centre,189,41,0,189,41,0
2287,3,287,8622.32,190,40,813.77,2195.77,True,on_dome_path_labels_24_to_1_start_side_pentagon_end_top_centre,190,40,0,190,40,0
2288,3,288,8652.36,191,39,833.05,2209.68,True,on_dome_path_labels_24_to_1_start_side_pentagon_end_top_centre,191,39,0,191,39,0
2289,3,289,8682.4,192,39,852.33,2223.59,True,on_dome_path_labels_24_to_1_start_side_pentagon_end_top_centre,192,39,0,192,39,0
2290,3,290,8712.45,193,38,871.61,2237.49,True,on_dome_path_labels_24_to_1_start_side_pentagon_end_top_centre,193,38,0,193,38,0
2291,3,291,8742.49,194,37,890.89,2251.4,True,on_dome_path_labels_24_to_1_start_side_pentagon_end_top_centre,194,37,0,194,37,0
2292,3,292,8772.53,195,37,910.17,2265.31,True,on_dome_path_labels_24_to_1_start_side_pentagon_end_top_centre,195,37,0,195,37,0
2293,3,293,8802.58,196,36,929.45,2279.22,True,on_dome_path_labels_24_to_1_start_side_pentagon_end_top_centre,196,36,0,196,36,0
2294,3,294,8832.62,197,35,948.73,2293.13,True,on_dome_path_labels_24_to_1_start_side_pentagon_end_top_centre,197,35,0,197,35,0
2295,3,295,8862.66,198,35,968.01,2307.03,True,on_dome_path_labels_24_to_1_start_side_pentagon_end_top_centre,198,35,0,198,35,0
2296,3,296,8892.7,199,34,987.29,2320.94,True,on_dome_path_labels_24_to_1_start_side_pentagon_end_top_centre,199,34,0,199,34,0
2297,3,297,8922.75,200,33,1006.57,2334.85,True,on_dome_path_labels_24_to_1_start_side_pentagon_end_top_centre,200,33,0,200,33,0
2298,3,298,8952.79,201,32,1025.85,2348.76,True,on_dome_path_labels_24_to_1_start_side_pentagon_end_top_centre,201,32,0,201,32,0
2299,3,299,8982.83,202,32,1045.13,2362.66,True,on_dome_path_labels_24_to_1_start_side_pentagon_end_top_centre,202,32,0,202,32,0
2300,3,300,9012.88,203,31,1064.41,2376.57,True,on_dome_path_labels_24_to_1_start_side_pentagon_end_top_centre,203,31,0,203,31,0
2301,3,301,9042.92,204,30,1083.69,2390.48,True,on_dome_path_labels_24_to_1_start_side_pentagon_end_top_centre,204,30,0,204,30,0
2302,3,302,9072.96,204,30,1102.97,2404.39,True,on_dome_path_labels_24_to_1_start_side_pentagon_end_top_centre,204,29,1,204,29,1
2303,3,303,9103.0,205,29,1122.25,2418.3,True,on_dome_path_labels_24_to_1_start_side_pentagon_end_top_centre,205,29,0,205,29,0
2304,3,304,9133.05,206,28,1141.53,2432.2,True,on_dome_path_labels_24_to_1_start_side_pentagon_end_top_centre,206,28,0,206,28,0
2305,3,305,9163.09,207,28,1160.81,2446.11,True,on_dome_path_labels_24_to_1_start_side_pentagon_end_top_centre,207,28,0,207,28,0
2306,3,306,9193.13,208,27,1180.09,2460.02,True,on_dome_path_labels_24_to_1_start_side_pentagon_end_top_centre,208,27,0,208,27,0
2307,3,307,9223.18,209,28,1185.0,2447.58,True,on_dome_path_labels_24_to_1_start_side_pentagon_end_top_centre,209,28,0,209,28,0
2308,3,308,9253.22,209,29,1185.64,2427.34,True,on_dome_path_labels_24_to_1_start_side_pentagon_end_top_centre,209,29,0,209,29,0
2309,3,309,9283.26,209,30,1186.28,2407.09,True,on_dome_path_labels_24_to_1_start_side_pentagon_end_top_centre,209,30,0,209,30,0
2310,3,310,9313.3,209,31,1186.93,2386.85,True,on_dome_path_labels_24_to_1_start_side_pentagon_end_top_centre,209,31,0,209,31,0
2311,3,311,9343.35,209,32,1187.57,2366.61,True,on_dome_path_labels_24_to_1_start_side_pentagon_end_top_centre,209,32,0,209,32,0
2312,3,312,9373.39,209,33,1188.21,2346.36,True,on_dome_path_labels_24_to_1_start_side_pentagon_end_top_centre,209,33,0,209,33,0
2313,3,313,9403.43,209,34,1188.86,2326.12,True,on_dome_path_labels_24_to_1_start_side_pentagon_end_top_centre,209,34,0,209,34,0
2314,3,314,9433.48,209,35,1189.5,2305.88,True,on_dome_path_labels_24_to_1_start_side_pentagon_end_top_centre,209,35,0,209,35,0
2315,3,315,9463.52,209,36,1190.14,2285.63,True,on_dome_path_labels_24_to_1_start_side_pentagon_end_top_centre,209,36,0,209,36,0
2316,3,316,9493.56,209,37,1190.79,2265.39,True,on_dome_path_labels_24_to_1_start_side_pentagon_end_top_centre,209,37,0,209,37,0
2317,3,317,9523.61,209,38,1191.43,2245.15,True,on_dome_path_labels_24_to_1_start_side_pentagon_end_top_centre,209,38,0,209,38,0
2318,3,318,9553.65,209,39,1192.07,2224.9,True,on_dome_path_labels_24_to_1_start_side_pentagon_end_top_centre,209,39,0,209,39,0
2319,3,319,9583.69,209,40,1192.71,2204.66,True,on_dome_path_labels_24_to_1_start_side_pentagon_end_top_centre,209,40,0,209,40,0
2320,3,320,9613.73,209,41,1193.36,2184.42,True,on_dome_path_labels_24_to_1_start_side_pentagon_end_top_centre,209,41,0,209,41,0
2321,3,321,9643.78,209,42,1194.0,2164.17,True,on_dome_path_labels_24_to_1_start_side_pentagon_end_top_centre,209,42,0,209,42,0
2322,3,322,9673.82,209,43,1194.64,2143.93,True,on_dome_path_labels_24_to_1_start_side_pentagon_end_top_centre,209,43,0,209,43,0
2323,3,323,9703.86,209,44,1195.29,2123.69,True,on_dome_path_labels_24_to_1_start_side_pentagon_end_top_centre,209,44,0,209,44,0
2324,3,324,9733.91,209,45,1195.93,2103.44,True,on_dome_path_labels_24_to_1_start_side_pentagon_end_top_centre,209,45,0,209,45,0
2325,3,325,9763.95,209,46,1196.57,2083.2,True,on_dome_path_labels_24_to_1_start_side_pentagon_end_top_centre,209,46,0,209,46,0
2326,3,326,9793.99,209,47,1197.22,2062.96,True,on_dome_path_labels_24_to_1_start_side_pentagon_end_top_centre,209,47,0,209,47,0
2327,3,327,9824.03,209,48,1197.86,2042.72,True,on_dome_path_labels_24_to_1_start_side_pentagon_end_top_centre,209,48,0,209,48,0
2328,3,328,9854.08,209,49,1198.5,2022.47,True,on_dome_path_labels_24_to_1_start_side_pentagon_end_top_centre,209,49,0,209,49,0
2329,3,329,9884.12,209,50,1199.15,2002.23,True,on_dome_path_labels_24_to_1_start_side_pentagon_end_top_centre,209,50,0,209,50,0
2330,3,330,9914.16,209,51,1199.79,1981.99,True,on_dome_path_labels_24_to_1_start_side_pentagon_end_top_centre,209,51,0,209,51,0
2331,3,331,9944.21,209,52,1200.43,1961.74,True,on_dome_path_labels_24_to_1_start_side_pentagon_end_top_centre,209,52,0,209,52,0
2332,3,332,9974.25,209,53,1201.07,1941.5,True,on_dome_path_labels_24_to_1_start_side_pentagon_end_top_centre,209,53,0,209,53,0
2333,3,333,10004.29,209,54,1201.72,1921.26,True,on_dome_path_labels_24_to_1_start_side_pentagon_end_top_centre,209,54,0,209,54,0
2334,3,334,10034.33,209,55,1202.36,1901.01,True,on_dome_path_labels_24_to_1_start_side_pentagon_end_top_centre,209,55,0,209,55,0
2335,3,335,10064.38,209,56,1203.0,1880.77,True,on_dome_path_labels_24_to_1_start_side_pentagon_end_top_centre,209,56,0,209,56,0
2336,3,336,10094.42,209,57,1203.65,1860.53,True,on_dome_path_labels_24_to_1_start_side_pentagon_end_top_centre,209,57,0,209,57,0
2337,3,337,10124.46,210,58,1204.29,1840.28,True,on_dome_path_labels_24_to_1_start_side_pentagon_end_top_centre,210,58,0,210,58,0
2338,3,338,10154.51,210,59,1204.93,1820.04,True,on_dome_path_labels_24_to_1_start_side_pentagon_end_top_centre,210,59,0,210,59,0
2339,3,339,10184.55,210,60,1205.58,1799.8,True,on_dome_path_labels_24_to_1_start_side_pentagon_end_top_centre,210,60,0,210,60,0
2340,3,340,10214.59,210,61,1206.22,1779.55,True,on_dome_path_labels_24_to_1_start_side_pentagon_end_top_centre,210,61,0,210,61,0
2341,3,341,10244.64,210,62,1206.86,1759.31,True,on_dome_path_labels_24_to_1_start_side_pentagon_end_top_centre,210,62,0,210,62,0
2342,3,342,10274.68,210,63,1207.51,1739.07,True,on_dome_path_labels_24_to_1_start_side_pentagon_end_top_centre,210,63,0,210,63,0
2343,3,343,10304.72,210,64,1208.15,1718.82,True,on_dome_path_labels_24_to_1_start_side_pentagon_end_top_centre,210,64,0,210,64,0
2344,3,344,10334.76,210,65,1208.79,1698.58,True,on_dome_path_labels_24_to_1_start_side_pentagon_end_top_centre,210,65,0,210,65,0
2345,3,345,10364.81,210,66,1215.31,1679.94,True,on_dome_path_labels_24_to_1_start_side_pentagon_end_top_centre,209,66,1,209,66,1
2346,3,346,10394.85,211,67,1227.87,1662.94,True,on_dome_path_labels_24_to_1_start_side_pentagon_end_top_centre,211,67,0,211,67,0
2347,3,347,10424.89,211,67,1240.42,1645.94,True,on_dome_path_labels_24_to_1_start_side_pentagon_end_top_centre,211,66,1,211,66,1
2348,3,348,10454.94,212,68,1252.98,1628.94,True,on_dome_path_labels_24_to_1_start_side_pentagon_end_top_centre,212,68,0,212,68,0
2349,3,349,10484.98,213,69,1265.54,1611.94,True,on_dome_path_labels_24_to_1_start_side_pentagon_end_top_centre,213,69,0,213,69,0
2350,3,350,10515.02,213,70,1278.1,1594.94,True,on_dome_path_labels_24_to_1_start_side_pentagon_end_top_centre,213,70,0,213,70,0
2351,3,351,10545.06,214,71,1290.66,1577.94,True,on_dome_path_labels_24_to_1_start_side_pentagon_end_top_centre,214,71,0,214,71,0
2352,3,352,10575.11,214,72,1303.22,1560.95,True,on_dome_path_labels_24_to_1_start_side_pentagon_end_top_centre,214,72,0,214,72,0
2353,3,353,10605.15,215,73,1315.78,1543.95,True,on_dome_path_labels_24_to_1_start_side_pentagon_end_top_centre,215,73,0,215,73,0
2354,3,354,10635.19,216,73,1328.34,1526.95,True,on_dome_path_labels_24_to_1_start_side_pentagon_end_top_centre,216,73,0,216,73,0
2355,3,355,10665.24,216,74,1340.89,1509.95,True,on_dome_path_labels_24_to_1_start_side_pentagon_end_top_centre,216,74,0,216,74,0
2356,3,356,10695.28,217,75,1353.45,1492.95,True,on_dome_path_labels_24_to_1_start_side_pentagon_end_top_centre,217,75,0,217,75,0
2357,3,357,10725.32,218,76,1366.01,1475.95,True,on_dome_path_labels_24_to_1_start_side_pentagon_end_top_centre,218,76,0,218,76,0
2358,3,358,10755.36,218,77,1378.57,1458.95,True,on_dome_path_labels_24_to_1_start_side_pentagon_end_top_centre,218,77,0,218,77,0
2359,3,359,10785.41,219,78,1391.13,1441.96,True,on_dome_path_labels_24_to_1_start_side_pentagon_end_top_centre,219,78,0,219,78,0
2360,3,360,10815.45,219,78,1403.69,1424.96,True,on_dome_path_labels_24_to_1_start_side_pentagon_end_top_centre,219,77,1,219,77,1
2361,3,361,10845.49,220,79,1416.25,1407.96,True,on_dome_path_labels_24_to_1_start_side_pentagon_end_top_centre,220,79,0,220,79,0
2362,3,362,10875.54,221,80,1428.81,1390.96,True,on_dome_path_labels_24_to_1_start_side_pentagon_end_top_centre,221,80,0,221,80,0
2363,3,363,10905.58,221,81,1441.36,1373.96,True,on_dome_path_labels_24_to_1_start_side_pentagon_end_top_centre,221,81,0,221,81,0
2364,3,364,10935.62,222,82,1453.92,1356.96,True,on_dome_path_labels_24_to_1_start_side_pentagon_end_top_centre,222,82,0,222,82,0
2365,3,365,10965.67,223,83,1466.48,1339.97,True,on_dome_path_labels_24_to_1_start_side_pentagon_end_top_centre,223,83,0,223,83,0
2366,3,366,10995.71,223,84,1479.04,1322.97,True,on_dome_path_labels_24_to_1_start_side_pentagon_end_top_centre,223,84,0,223,84,0
2367,3,367,11025.75,224,84,1491.6,1305.97,True,on_dome_path_labels_24_to_1_start_side_pentagon_end_top_centre,224,84,0,224,84,0
2368,3,368,11055.79,224,85,1504.16,1288.97,True,on_dome_path_labels_24_to_1_start_side_pentagon_end_top_centre,224,85,0,224,85,0
2369,3,369,11085.84,225,86,1516.72,1271.97,True,on_dome_path_labels_24_to_1_start_side_pentagon_end_top_centre,225,86,0,225,86,0
2370,3,370,11115.88,226,87,1529.28,1254.97,True,on_dome_path_labels_24_to_1_start_side_pentagon_end_top_centre,226,87,0,226,87,0
2371,3,371,11145.92,226,88,1541.83,1237.97,True,on_dome_path_labels_24_to_1_start_side_pentagon_end_top_centre,226,88,0,226,88,0
2372,3,372,11175.97,227,89,1554.39,1220.98,True,on_dome_path_labels_24_to_1_start_side_pentagon_end_top_centre,227,89,0,227,89,0
2373,3,373,11206.01,228,90,1566.95,1203.98,True,on_dome_path_labels_24_to_1_start_side_pentagon_end_top_centre,228,90,0,228,90,0
2374,3,374,11236.05,228,90,1579.51,1186.98,True,on_dome_path_labels_24_to_1_start_side_pentagon_end_top_centre,228,89,1,228,89,1
2375,3,375,11266.09,229,91,1592.07,1169.98,True,on_dome_path_labels_24_to_1_start_side_pentagon_end_top_centre,229,91,0,229,91,0
2376,3,376,11296.14,229,92,1604.63,1152.98,True,on_dome_path_labels_24_to_1_start_side_pentagon_end_top_centre,229,92,0,229,92,0
2377,3,377,11326.18,230,93,1617.19,1135.98,True,on_dome_path_labels_24_to_1_start_side_pentagon_end_top_centre,230,93,0,230,93,0
2378,3,378,11356.22,231,94,1629.74,1118.98,True,on_dome_path_labels_24_to_1_start_side_pentagon_end_top_centre,231,94,0,231,94,0
2379,3,379,11386.27,231,95,1642.3,1101.99,True,on_dome_path_labels_24_to_1_start_side_pentagon_end_top_centre,231,95,0,231,95,0
2380,3,380,11416.31,232,95,1654.86,1084.99,True,on_dome_path_labels_24_to_1_start_side_pentagon_end_top_centre,232,95,0,232,95,0
2381,3,381,11446.35,233,96,1667.42,1067.99,True,on_dome_path_labels_24_to_1_start_side_pentagon_end_top_centre,233,96,0,233,96,0
2382,3,382,11476.39,233,97,1679.98,1050.99,True,on_dome_path_labels_24_to_1_start_side_pentagon_end_top_centre,233,97,0,233,97,0
2383,3,383,11506.44,233,98,1684.59,1037.56,True,on_dome_path_labels_24_to_1_start_side_pentagon_end_top_centre,233,98,0,233,98,0
2384,3,384,11536.48,232,98,1660.03,1037.19,True,on_dome_path_labels_24_to_1_start_side_pentagon_end_top_centre,232,98,0,232,98,0
2385,3,385,11566.52,231,98,1635.48,1036.82,True,on_dome_path_labels_24_to_1_start_side_pentagon_end_top_centre,231,98,0,231,98,0
2386,3,386,11596.57,230,98,1610.93,1036.46,True,on_dome_path_labels_24_to_1_start_side_pentagon_end_top_centre,230,98,0,230,98,0
2387,3,387,11626.61,229,98,1586.38,1036.09,True,on_dome_path_labels_24_to_1_start_side_pentagon_end_top_centre,229,98,0,229,98,0
2388,3,388,11656.65,227,98,1561.82,1035.72,True,on_dome_path_labels_24_to_1_start_side_pentagon_end_top_centre,227,98,0,227,98,0
2389,3,389,11686.7,226,98,1537.27,1035.36,True,on_dome_path_labels_24_to_1_start_side_pentagon_end_top_centre,226,98,0,226,98,0
2390,3,390,11716.74,225,98,1512.72,1034.99,True,on_dome_path_labels_24_to_1_start_side_pentagon_end_top_centre,225,98,0,225,98,0
2391,3,391,11746.78,224,98,1488.17,1034.62,True,on_dome_path_labels_24_to_1_start_side_pentagon_end_top_centre,224,98,0,224,98,0
2392,3,392,11776.82,222,98,1463.62,1034.25,True,on_dome_path_labels_24_to_1_start_side_pentagon_end_top_centre,222,98,0,222,98,0
2393,3,393,11806.87,221,98,1439.06,1033.89,True,on_dome_path_labels_24_to_1_start_side_pentagon_end_top_centre,221,98,0,221,98,0
2394,3,394,11836.91,220,98,1414.51,1033.52,True,on_dome_path_labels_24_to_1_start_side_pentagon_end_top_centre,220,98,0,220,98,0
2395,3,395,11866.95,219,98,1389.96,1033.15,True,on_dome_path_labels_24_to_1_start_side_pentagon_end_top_centre,219,98,0,219,98,0
2396,3,396,11897.0,218,98,1365.41,1032.79,True,on_dome_path_labels_24_to_1_start_side_pentagon_end_top_centre,218,98,0,218,98,0
2397,3,397,11927.04,216,98,1340.85,1032.42,True,on_dome_path_labels_24_to_1_start_side_pentagon_end_top_centre,216,98,0,216,98,0
2398,3,398,11957.08,215,98,1316.3,1032.05,True,on_dome_path_labels_24_to_1_start_side_pentagon_end_top_centre,215,98,0,215,98,0
2399,3,399,11987.12,214,98,1291.75,1031.69,True,on_dome_path_labels_24_to_1_start_side_pentagon_end_top_centre,214,98,0,214,98,0
2400,3,400,12017.17,213,98,1267.2,1031.32,True,on_dome_path_labels_24_to_1_start_side_pentagon_end_top_centre,213,98,0,213,98,0
2401,3,401,12047.21,211,98,1242.64,1030.95,True,on_dome_path_labels_24_to_1_start_side_pentagon_end_top_centre,211,98,0,211,98,0
2402,3,402,12077.25,210,98,1218.09,1030.59,True,on_dome_path_labels_24_to_1_start_side_pentagon_end_top_centre,210,98,0,210,98,0
2403,3,403,12107.3,209,98,1193.54,1030.22,True,on_dome_path_labels_24_to_1_start_side_pentagon_end_top_centre,209,98,0,209,98,0
2404,3,404,12137.34,208,98,1168.99,1029.85,True,on_dome_path_labels_24_to_1_start_side_pentagon_end_top_centre,208,98,0,208,98,0
2405,3,405,12167.38,207,98,1144.43,1029.49,True,on_dome_path_labels_24_to_1_start_side_pentagon_end_top_centre,207,98,0,207,98,0
2406,3,406,12197.42,205,98,1119.88,1029.12,True,on_dome_path_labels_24_to_1_start_side_pentagon_end_top_centre,205,98,0,205,98,0
2407,3,407,12227.47,204,98,1095.33,1028.75,True,on_dome_path_labels_24_to_1_start_side_pentagon_end_top_centre,204,98,0,204,98,0
2408,3,408,12257.51,203,98,1070.78,1028.38,True,on_dome_path_labels_24_to_1_start_side_pentagon_end_top_centre,203,98,0,203,98,0
2409,3,409,12287.55,202,98,1046.23,1028.02,True,on_dome_path_labels_24_to_1_start_side_pentagon_end_top_centre,202,98,0,202,98,0
2410,3,410,12317.6,200,98,1021.67,1027.65,True,on_dome_path_labels_24_to_1_start_side_pentagon_end_top_centre,200,98,0,200,98,0
2411,3,411,12347.64,199,98,997.12,1027.28,True,on_dome_path_labels_24_to_1_start_side_pentagon_end_top_centre,199,98,0,199,98,0
2412,3,412,12377.68,198,98,972.57,1026.92,True,on_dome_path_labels_24_to_1_start_side_pentagon_end_top_centre,198,98,0,198,98,0
2413,3,413,12407.73,197,98,948.02,1026.55,True,on_dome_path_labels_24_to_1_start_side_pentagon_end_top_centre,197,98,0,197,98,0
2414,3,414,12437.77,196,98,923.46,1026.18,True,on_dome_path_labels_24_to_1_start_side_pentagon_end_top_centre,196,98,0,196,98,0
2415,3,415,12467.81,194,98,898.91,1025.82,True,on_dome_path_labels_24_to_1_start_side_pentagon_end_top_centre,194,98,0,194,98,0
2416,3,416,12497.85,193,98,874.36,1025.45,True,on_dome_path_labels_24_to_1_start_side_pentagon_end_top_centre,193,98,0,193,98,0
2417,3,417,12527.9,192,98,849.81,1025.08,True,on_dome_path_labels_24_to_1_start_side_pentagon_end_top_centre,192,98,0,192,98,0
2418,3,418,12557.94,191,98,825.25,1024.72,True,on_dome_path_labels_24_to_1_start_side_pentagon_end_top_centre,191,98,0,191,98,0
2419,3,419,12587.98,189,98,800.7,1024.35,True,on_dome_path_labels_24_to_1_start_side_pentagon_end_top_centre,189,98,0,189,98,0
2420,3,420,12618.03,188,98,776.15,1023.98,True,on_dome_path_labels_24_to_1_start_side_pentagon_end_top_centre,188,98,0,188,98,0
2421,3,421,12648.07,187,98,751.6,1023.62,True,on_dome_path_labels_24_to_1_start_side_pentagon_end_top_centre,187,98,0,187,98,0
2422,3,422,12678.11,187,98,761.09,1039.32,True,on_dome_path_labels_24_to_1_start_side_pentagon_end_top_centre,187,97,1,187,97,1
2423,3,423,12708.15,188,97,772.92,1056.12,True,on_dome_path_labels_24_to_1_start_side_pentagon_end_top_centre,188,97,0,188,97,0
2424,3,424,12738.2,189,96,784.75,1072.92,True,on_dome_path_labels_24_to_1_start_side_pentagon_end_top_centre,189,96,0,189,96,0
2425,3,425,12768.24,189,95,796.58,1089.72,True,on_dome_path_labels_24_to_1_start_side_pentagon_end_top_centre,189,95,0,189,95,0
2426,3,426,12798.28,190,94,808.41,1106.53,True,on_dome_path_labels_24_to_1_start_side_pentagon_end_top_centre,190,94,0,190,94,0
2427,3,427,12828.33,190,94,820.24,1123.33,True,on_dome_path_labels_24_to_1_start_side_pentagon_end_top_centre,190,93,1,190,93,1
2428,3,428,12858.37,191,93,832.07,1140.13,True,on_dome_path_labels_24_to_1_start_side_pentagon_end_top_centre,191,93,0,191,93,0
2429,3,429,12888.41,192,92,843.9,1156.94,True,on_dome_path_labels_24_to_1_start_side_pentagon_end_top_centre,192,92,0,192,92,0
2430,3,430,12918.45,192,91,855.73,1173.74,True,on_dome_path_labels_24_to_1_start_side_pentagon_end_top_centre,192,91,0,192,91,0
2431,3,431,12948.5,193,90,867.56,1190.54,True,on_dome_path_labels_24_to_1_start_side_pentagon_end_top_centre,193,90,0,193,90,0
2432,3,432,12978.54,193,89,879.39,1207.35,True,on_dome_path_labels_24_to_1_start_side_pentagon_end_top_centre,193,89,0,193,89,0
2433,3,433,13008.58,194,88,891.22,1224.15,True,on_dome_path_labels_24_to_1_start_side_pentagon_end_top_centre,194,88,0,194,88,0
2434,3,434,13038.63,195,88,903.05,1240.95,True,on_dome_path_labels_24_to_1_start_side_pentagon_end_top_centre,195,88,0,195,88,0
2435,3,435,13068.67,195,87,914.88,1257.76,True,on_dome_path_labels_24_to_1_start_side_pentagon_end_top_centre,195,87,0,195,87,0
2436,3,436,13098.71,196,86,926.71,1274.56,True,on_dome_path_labels_24_to_1_start_side_pentagon_end_top_centre,196,86,0,196,86,0
2437,3,437,13128.76,196,85,938.54,1291.36,True,on_dome_path_labels_24_to_1_start_side_pentagon_end_top_centre,196,85,0,196,85,0
2438,3,438,13158.8,197,84,950.37,1308.17,True,on_dome_path_labels_24_to_1_start_side_pentagon_end_top_centre,197,84,0,197,84,0
2439,3,439,13188.84,197,83,962.2,1324.97,True,on_dome_path_labels_24_to_1_start_side_pentagon_end_top_centre,197,83,0,197,83,0
2440,3,440,13218.88,198,83,974.03,1341.77,True,on_dome_path_labels_24_to_1_start_side_pentagon_end_top_centre,198,83,0,198,83,0
2441,3,441,13248.93,199,82,985.87,1358.58,True,on_dome_path_labels_24_to_1_start_side_pentagon_end_top_centre,199,82,0,199,82,0
2442,3,442,13278.97,199,81,997.7,1375.38,True,on_dome_path_labels_24_to_1_start_side_pentagon_end_top_centre,199,81,0,199,81,0
2443,3,443,13309.01,200,80,1009.53,1392.18,True,on_dome_path_labels_24_to_1_start_side_pentagon_end_top_centre,200,80,0,200,80,0
2444,3,444,13339.06,200,79,1021.36,1408.98,True,on_dome_path_labels_24_to_1_start_side_pentagon_end_top_centre,200,79,0,200,79,0
2445,3,445,13369.1,201,78,1033.19,1425.79,True,on_dome_path_labels_24_to_1_start_side_pentagon_end_top_centre,201,78,0,201,78,0
2446,3,446,13399.14,202,78,1045.02,1442.59,True,on_dome_path_labels_24_to_1_start_side_pentagon_end_top_centre,202,78,0,202,78,0
2447,3,447,13429.18,202,77,1056.85,1459.39,True,on_dome_path_labels_24_to_1_start_side_pentagon_end_top_centre,202,77,0,202,77,0
2448,3,448,13459.23,203,76,1068.68,1476.2,True,on_dome_path_labels_24_to_1_start_side_pentagon_end_top_centre,203,76,0,203,76,0
2449,3,449,13489.27,203,75,1080.51,1493.0,True,on_dome_path_labels_24_to_1_start_side_pentagon_end_top_centre,203,75,0,203,75,0
2450,3,450,13519.31,204,74,1092.34,1509.8,True,on_dome_path_labels_24_to_1_start_side_pentagon_end_top_centre,204,74,0,204,74,0
2451,3,451,13549.36,205,73,1104.17,1526.61,True,on_dome_path_labels_24_to_1_start_side_pentagon_end_top_centre,205,73,0,205,73,0
2452,3,452,13579.4,205,73,1116.0,1543.41,True,on_dome_path_labels_24_to_1_start_side_pentagon_end_top_centre,205,72,1,205,72,1
2453,3,453,13609.44,206,72,1127.83,1560.21,True,on_dome_path_labels_24_to_1_start_side_pentagon_end_top_centre,206,72,0,206,72,0
2454,3,454,13639.48,206,71,1139.66,1577.02,True,on_dome_path_labels_24_to_1_start_side_pentagon_end_top_centre,206,71,0,206,71,0
2455,3,455,13669.53,207,70,1151.49,1593.82,True,on_dome_path_labels_24_to_1_start_side_pentagon_end_top_centre,207,70,0,207,70,0
2456,3,456,13699.57,207,69,1163.32,1610.62,True,on_dome_path_labels_24_to_1_start_side_pentagon_end_top_centre,207,69,0,207,69,0
2457,3,457,13729.61,208,68,1175.15,1627.43,True,on_dome_path_labels_24_to_1_start_side_pentagon_end_top_centre,208,68,0,208,68,0
2458,3,458,13759.66,209,68,1186.98,1644.23,True,on_dome_path_labels_24_to_1_start_side_pentagon_end_top_centre,209,68,0,209,68,0
2459,3,459,13789.7,209,67,1198.81,1661.03,True,on_dome_path_labels_24_to_1_start_side_pentagon_end_top_centre,209,67,0,209,67,0
2460,3,460,13819.74,209,66,1189.92,1671.14,True,on_dome_path_labels_24_to_1_start_side_pentagon_end_top_centre,209,65,1,209,65,1
2461,3,461,13849.79,208,66,1170.21,1677.75,True,on_dome_path_labels_24_to_1_start_side_pentagon_end_top_centre,208,66,0,208,66,0
2462,3,462,13879.83,207,66,1150.51,1684.36,True,on_dome_path_labels_24_to_1_start_side_pentagon_end_top_centre,207,66,0,207,66,0
2463,3,463,13909.87,206,65,1130.81,1690.97,True,on_dome_path_labels_24_to_1_start_side_pentagon_end_top_centre,206,65,0,206,65,0
2464,3,464,13939.91,205,65,1111.1,1697.59,True,on_dome_path_labels_24_to_1_start_side_pentagon_end_top_centre,205,65,0,205,65,0
2465,3,465,13969.96,204,65,1091.4,1704.2,True,on_dome_path_labels_24_to_1_start_side_pentagon_end_top_centre,204,65,0,204,65,0
2466,3,466,14000.0,203,64,1071.7,1710.81,True,on_dome_path_labels_24_to_1_start_side_pentagon_end_top_centre,203,64,0,203,64,0
2467,3,467,14030.04,202,64,1051.99,1717.42,True,on_dome_path_labels_24_to_1_start_side_pentagon_end_top_centre,202,64,0,202,64,0
2468,3,468,14060.09,201,64,1032.29,1724.03,True,on_dome_path_labels_24_to_1_start_side_pentagon_end_top_centre,201,64,0,201,64,0
2469,3,469,14090.13,200,63,1012.58,1730.64,True,on_dome_path_labels_24_to_1_start_side_pentagon_end_top_centre,200,63,0,200,63,0
2470,3,470,14120.17,199,63,992.88,1737.26,True,on_dome_path_labels_24_to_1_start_side_pentagon_end_top_centre,199,63,0,199,63,0
2471,3,471,14150.21,198,63,973.18,1743.87,True,on_dome_path_labels_24_to_1_start_side_pentagon_end_top_centre,198,63,0,198,63,0
2472,3,472,14180.26,197,62,953.47,1750.48,True,on_dome_path_labels_24_to_1_start_side_pentagon_end_top_centre,197,62,0,197,62,0
2473,3,473,14210.3,196,62,933.77,1757.09,True,on_dome_path_labels_24_to_1_start_side_pentagon_end_top_centre,196,62,0,196,62,0
2474,3,474,14240.34,195,62,914.06,1763.7,True,on_dome_path_labels_24_to_1_start_side_pentagon_end_top_centre,195,62,0,195,62,0
2475,3,475,14270.39,194,61,894.36,1770.32,True,on_dome_path_labels_24_to_1_start_side_pentagon_end_top_centre,194,61,0,194,61,0
2476,3,476,14300.43,193,61,874.66,1776.93,True,on_dome_path_labels_24_to_1_start_side_pentagon_end_top_centre,193,61,0,193,61,0
2477,3,477,14330.47,192,61,854.95,1783.54,True,on_dome_path_labels_24_to_1_start_side_pentagon_end_top_centre,192,61,0,192,61,0
2478,3,478,14360.52,191,60,835.25,1790.15,True,on_dome_path_labels_24_to_1_start_side_pentagon_end_top_centre,191,60,0,191,60,0
2479,3,479,14390.56,190,60,815.55,1796.76,True,on_dome_path_labels_24_to_1_start_side_pentagon_end_top_centre,190,60,0,190,60,0
2480,3,480,14420.6,189,60,795.84,1803.38,True,on_dome_path_labels_24_to_1_start_side_pentagon_end_top_centre,189,60,0,189,60,0
2481,3,481,14450.64,188,59,776.14,1809.99,True,on_dome_path_labels_24_to_1_start_side_pentagon_end_top_centre,188,59,0,188,59,0
2482,3,482,14480.69,187,59,756.43,1816.6,True,on_dome_path_labels_24_to_1_start_side_pentagon_end_top_centre,187,59,0,187,59,0
2483,3,483,14510.73,186,59,736.73,1823.21,True,on_dome_path_labels_24_to_1_start_side_pentagon_end_top_centre,186,59,0,186,59,0
2484,3,484,14540.77,185,58,717.03,1829.82,True,on_dome_path_labels_24_to_1_start_side_pentagon_end_top_centre,185,58,0,185,58,0
2485,3,485,14570.82,184,58,697.32,1836.43,True,on_dome_path_labels_24_to_1_start_side_pentagon_end_top_centre,184,58,0,184,58,0
2486,3,486,14600.86,183,58,677.62,1843.05,True,on_dome_path_labels_24_to_1_start_side_pentagon_end_top_centre,183,58,0,183,58,0
2487,3,487,14630.9,182,57,657.91,1849.66,True,on_dome_path_labels_24_to_1_start_side_pentagon_end_top_centre,182,57,0,182,57,0
2488,3,488,14660.94,181,57,638.21,1856.27,True,on_dome_path_labels_24_to_1_start_side_pentagon_end_top_centre,181,57,0,181,57,0
2489,3,489,14690.99,180,57,618.51,1862.88,True,on_dome_path_labels_24_to_1_start_side_pentagon_end_top_centre,180,57,0,180,57,0
2490,3,490,14721.03,179,56,598.8,1869.49,True,on_dome_path_labels_24_to_1_start_side_pentagon_end_top_centre,179,56,0,179,56,0
2491,3,491,14751.07,178,56,579.1,1876.11,True,on_dome_path_labels_24_to_1_start_side_pentagon_end_top_centre,178,56,0,178,56,0
2492,3,492,14781.12,177,56,559.39,1882.72,True,on_dome_path_labels_24_to_1_start_side_pentagon_end_top_centre,177,56,0,177,56,0
2493,3,493,14811.16,176,55,539.69,1889.33,True,on_dome_path_labels_24_to_1_start_side_pentagon_end_top_centre,176,55,0,176,55,0
2494,3,494,14841.2,175,55,519.99,1895.94,True,on_dome_path_labels_24_to_1_start_side_pentagon_end_top_centre,175,55,0,175,55,0
2495,3,495,14871.24,174,55,500.28,1902.55,True,on_dome_path_labels_24_to_1_start_side_pentagon_end_top_centre,174,55,0,174,55,0
2496,3,496,14901.29,173,54,480.58,1909.16,True,on_dome_path_labels_24_to_1_start_side_pentagon_end_top_centre,173,54,0,173,54,0
2497,3,497,14931.33,172,54,460.88,1915.78,True,on_dome_path_labels_24_to_1_start_side_pentagon_end_top_centre,172,54,0,172,54,0
2498,3,498,14961.37,171,54,441.17,1922.39,True,on_dome_path_labels_24_to_1_start_side_pentagon_end_top_centre,171,54,0,171,54,0
2499,3,499,14991.42,171,53,421.83,1928.75,True,on_dome_path_labels_24_to_1_start_side_pentagon_end_top_centre,171,53,0,171,53,0
2500,3,500,15021.46,170,53,403.45,1934.44,True,on_dome_path_labels_24_to_1_start_side_pentagon_end_top_centre,170,53,0,170,53,0
2501,3,501,15051.5,169,53,385.08,1940.14,True,on_dome_path_labels_24_to_1_start_side_pentagon_end_top_centre,169,53,0,169,53,0
2502,3,502,15081.55,168,53,366.71,1945.83,True,on_dome_path_labels_24_to_1_start_side_pentagon_end_top_centre,168,53,0,168,53,0
2503,3,503,15111.59,167,52,348.34,1951.52,True,on_dome_path_labels_24_to_1_start_side_pentagon_end_top_centre,167,52,0,167,52,0
2504,3,504,15141.63,166,52,329.97,1957.21,True,on_dome_path_labels_24_to_1_start_side_pentagon_end_top_centre,166,52,0,166,52,0
2505,3,505,15171.67,165,52,311.6,1962.9,True,on_dome_path_labels_24_to_1_start_side_pentagon_end_top_centre,165,52,0,165,52,0
2506,3,506,15201.72,164,51,293.23,1968.59,True,on_dome_path_labels_24_to_1_start_side_pentagon_end_top_centre,164,51,0,164,51,0
2507,3,507,15231.76,163,51,274.85,1974.29,True,on_dome_path_labels_24_to_1_start_side_pentagon_end_top_centre,163,51,0,163,51,0
2508,3,508,15261.8,162,51,256.48,1979.98,True,on_dome_path_labels_24_to_1_start_side_pentagon_end_top_centre,162,51,0,162,51,0
2509,3,509,15291.85,161,51,238.11,1985.67,True,on_dome_path_labels_24_to_1_start_side_pentagon_end_top_centre,161,51,0,161,51,0
2510,3,510,15321.89,160,50,219.74,1991.36,True,on_dome_path_labels_24_to_1_start_side_pentagon_end_top_centre,160,50,0,160,50,0
2511,3,511,15351.93,160,50,201.37,1997.05,True,on_dome_path_labels_24_to_1_start_side_pentagon_end_top_centre,160,49,1,160,49,1
2512,3,512,15381.97,159,50,183.0,2002.74,True,on_dome_path_labels_24_to_1_start_side_pentagon_end_top_centre,159,50,0,159,50,0
2513,3,513,15412.02,158,49,164.62,2008.44,True,on_dome_path_labels_24_to_1_start_side_pentagon_end_top_centre,158,49,0,158,49,0
2514,3,514,15442.06,157,49,146.25,2014.13,True,on_dome_path_labels_24_to_1_start_side_pentagon_end_top_centre,157,49,0,157,49,0
2515,3,515,15472.1,156,49,127.88,2019.82,True,on_dome_path_labels_24_to_1_start_side_pentagon_end_top_centre,156,49,0,156,49,0
2516,3,516,15502.15,155,49,109.51,2025.51,True,on_dome_path_labels_24_to_1_start_side_pentagon_end_top_centre,155,49,0,155,49,0
2517,3,517,15532.19,154,48,91.14,2031.2,True,on_dome_path_labels_24_to_1_start_side_pentagon_end_top_centre,154,48,0,154,48,0
2518,3,518,15562.23,153,48,72.77,2036.89,True,on_dome_path_labels_24_to_1_start_side_pentagon_end_top_centre,153,48,0,153,48,0
2519,3,519,15592.27,152,48,54.4,2042.59,True,on_dome_path_labels_24_to_1_start_side_pentagon_end_top_centre,152,48,0,152,48,0
2520,3,520,15622.32,151,47,36.02,2048.28,True,on_dome_path_labels_24_to_1_start_side_pentagon_end_top_centre,151,47,0,151,47,0
2521,3,521,15652.36,150,47,17.65,2053.97,True,on_dome_path_labels_24_to_1_start_side_pentagon_end_top_centre,150,47,0,150,47,0
2522,3,522,15682.4,149,47,-0.72,2059.66,True,on_dome_path_labels_24_to_1_start_side_pentagon_end_top_centre,149,47,0,149,47,0
2523,3,523,15712.45,149,47,-19.09,2065.35,True,on_dome_path_labels_24_to_1_start_side_pentagon_end_top_centre,149,46,1,149,46,1
2524,3,524,15742.49,148,46,-37.46,2071.04,True,on_dome_path_labels_24_to_1_start_side_pentagon_end_top_centre,148,46,0,148,46,0
2525,3,525,15772.53,147,46,-55.83,2076.74,True,on_dome_path_labels_24_to_1_start_side_pentagon_end_top_centre,147,46,0,147,46,0
2526,3,526,15802.58,146,46,-74.21,2082.43,True,on_dome_path_labels_24_to_1_start_side_pentagon_end_top_centre,146,46,0,146,46,0
2527,3,527,15832.62,145,45,-92.58,2088.12,True,on_dome_path_labels_24_to_1_start_side_pentagon_end_top_centre,145,45,0,145,45,0
2528,3,528,15862.66,144,45,-110.95,2093.81,True,on_dome_path_labels_24_to_1_start_side_pentagon_end_top_centre,144,45,0,144,45,0
2529,3,529,15892.7,143,45,-129.32,2099.5,True,on_dome_path_labels_24_to_1_start_side_pentagon_end_top_centre,143,45,0,143,45,0
2530,3,530,15922.75,142,45,-147.69,2105.19,True,on_dome_path_labels_24_to_1_start_side_pentagon_end_top_centre,142,45,0,142,45,0
2531,3,531,15952.79,141,44,-166.06,2110.89,True,on_dome_path_labels_24_to_1_start_side_pentagon_end_top_centre,141,44,0,141,44,0
2532,3,532,15982.83,140,44,-184.43,2116.58,True,on_dome_path_labels_24_to_1_start_side_pentagon_end_top_centre,140,44,0,140,44,0
2533,3,533,16012.88,139,44,-202.81,2122.27,True,on_dome_path_labels_24_to_1_start_side_pentagon_end_top_centre,139,44,0,139,44,0
2534,3,534,16042.92,138,43,-221.18,2127.96,True,on_dome_path_labels_24_to_1_start_side_pentagon_end_top_centre,138,43,0,138,43,0
2535,3,535,16072.96,138,43,-239.55,2133.65,True,on_dome_path_labels_24_to_1_start_side_pentagon_end_top_centre,138,42,1,138,42,1
2536,3,536,16103.0,137,43,-257.92,2139.34,True,on_dome_path_labels_24_to_1_start_side_pentagon_end_top_centre,137,43,0,137,43,0
2537,3,537,16133.05,136,43,-276.29,2145.04,True,on_dome_path_labels_24_to_1_start_side_pentagon_end_top_centre,136,43,0,136,43,0
2538,3,538,16163.09,135,42,-294.66,2150.73,True,on_dome_path_labels_24_to_1_start_side_pentagon_end_top_centre,135,42,0,135,42,0
2539,3,539,16193.13,135,43,-293.94,2130.52,True,on_dome_path_labels_24_to_1_start_side_pentagon_end_top_centre,135,43,0,135,43,0
2540,3,540,16223.18,135,45,-290.64,2106.81,True,on_dome_path_labels_24_to_1_start_side_pentagon_end_top_centre,135,45,0,135,45,0
2541,3,541,16253.22,135,46,-287.33,2083.1,True,on_dome_path_labels_24_to_1_start_side_pentagon_end_top_centre,135,46,0,135,46,0
2542,3,542,16283.26,135,47,-284.03,2059.39,True,on_dome_path_labels_24_to_1_start_side_pentagon_end_top_centre,135,47,0,135,47,0
2543,3,543,16313.3,136,48,-280.73,2035.68,True,on_dome_path_labels_24_to_1_start_side_pentagon_end_top_centre,136,48,0,136,48,0
2544,3,544,16343.35,136,49,-277.42,2011.97,True,on_dome_path_labels_24_to_1_start_side_pentagon_end_top_centre,136,49,0,136,49,0
2545,3,545,16373.39,136,50,-274.12,1988.26,True,on_dome_path_labels_24_to_1_start_side_pentagon_end_top_centre,136,50,0,136,50,0
2546,3,546,16403.43,136,52,-270.82,1964.55,True,on_dome_path_labels_24_to_1_start_side_pentagon_end_top_centre,136,52,0,136,52,0
2547,3,547,16433.48,136,53,-267.51,1940.84,True,on_dome_path_labels_24_to_1_start_side_pentagon_end_top_centre,136,53,0,136,53,0
2548,3,548,16463.52,136,54,-264.21,1917.13,True,on_dome_path_labels_24_to_1_start_side_pentagon_end_top_centre,136,54,0,136,54,0
2549,3,549,16493.56,136,55,-260.91,1893.42,True,on_dome_path_labels_24_to_1_start_side_pentagon_end_top_centre,136,55,0,136,55,0
2550,3,550,16523.61,137,56,-257.6,1869.71,True,on_dome_path_labels_24_to_1_start_side_pentagon_end_top_centre,137,56,0,137,56,0
2551,3,551,16553.65,137,58,-254.3,1846.0,True,on_dome_path_labels_24_to_1_start_side_pentagon_end_top_centre,137,58,0,137,58,0
2552,3,552,16583.69,137,59,-251.0,1822.29,True,on_dome_path_labels_24_to_1_start_side_pentagon_end_top_centre,137,59,0,137,59,0
2553,3,553,16613.73,137,60,-247.69,1798.59,True,on_dome_path_labels_24_to_1_start_side_pentagon_end_top_centre,137,60,0,137,60,0
2554,3,554,16643.78,137,61,-244.39,1774.88,True,on_dome_path_labels_24_to_1_start_side_pentagon_end_top_centre,137,61,0,137,61,0
2555,3,555,16673.82,137,62,-241.09,1751.17,True,on_dome_path_labels_24_to_1_start_side_pentagon_end_top_centre,137,62,0,137,62,0
2556,3,556,16703.86,138,63,-237.78,1727.46,True,on_dome_path_labels_24_to_1_start_side_pentagon_end_top_centre,138,63,0,138,63,0
2557,3,557,16733.91,138,65,-234.48,1703.75,True,on_dome_path_labels_24_to_1_start_side_pentagon_end_top_centre,138,65,0,138,65,0
2558,3,558,16763.95,138,66,-231.18,1680.04,True,on_dome_path_labels_24_to_1_start_side_pentagon_end_top_centre,138,66,0,138,66,0
2559,3,559,16793.99,138,67,-227.87,1656.33,True,on_dome_path_labels_24_to_1_start_side_pentagon_end_top_centre,138,67,0,138,67,0
2560,3,560,16824.03,138,68,-224.57,1632.62,True,on_dome_path_labels_24_to_1_start_side_pentagon_end_top_centre,138,68,0,138,68,0
2561,3,561,16854.08,138,69,-221.26,1608.91,True,on_dome_path_labels_24_to_1_start_side_pentagon_end_top_centre,138,69,0,138,69,0
2562,3,562,16884.12,139,71,-217.96,1585.2,True,on_dome_path_labels_24_to_1_start_side_pentagon_end_top_centre,139,71,0,139,71,0
2563,3,563,16914.16,139,72,-214.66,1561.49,True,on_dome_path_labels_24_to_1_start_side_pentagon_end_top_centre,139,72,0,139,72,0
2564,3,564,16944.21,139,73,-211.35,1537.78,True,on_dome_path_labels_24_to_1_start_side_pentagon_end_top_centre,139,73,0,139,73,0
2565,3,565,16974.25,139,74,-208.05,1514.07,True,on_dome_path_labels_24_to_1_start_side_pentagon_end_top_centre,139,74,0,139,74,0
2566,3,566,17004.29,139,75,-204.75,1490.36,True,on_dome_path_labels_24_to_1_start_side_pentagon_end_top_centre,139,75,0,139,75,0
2567,3,567,17034.33,139,76,-201.44,1466.65,True,on_dome_path_labels_24_to_1_start_side_pentagon_end_top_centre,139,76,0,139,76,0
2568,3,568,17064.38,140,78,-198.14,1442.94,True,on_dome_path_labels_24_to_1_start_side_pentagon_end_top_centre,140,78,0,140,78,0
2569,3,569,17094.42,140,79,-194.84,1419.23,True,on_dome_path_labels_24_to_1_start_side_pentagon_end_top_centre,140,79,0,140,79,0
2570,3,570,17124.46,140,80,-191.53,1395.52,True,on_dome_path_labels_24_to_1_start_side_pentagon_end_top_centre,140,80,0,140,80,0
2571,3,571,17154.51,140,81,-188.23,1371.81,True,on_dome_path_labels_24_to_1_start_side_pentagon_end_top_centre,140,81,0,140,81,0
2572,3,572,17184.55,140,82,-184.93,1348.1,True,on_dome_path_labels_24_to_1_start_side_pentagon_end_top_centre,140,82,0,140,82,0
2573,3,573,17214.59,140,84,-181.62,1324.39,True,on_dome_path_labels_24_to_1_start_side_pentagon_end_top_centre,140,84,0,140,84,0
2574,3,574,17244.64,141,85,-178.32,1300.69,True,on_dome_path_labels_24_to_1_start_side_pentagon_end_top_centre,141,85,0,141,85,0
2575,3,575,17274.68,141,86,-175.02,1276.98,True,on_dome_path_labels_24_to_1_start_side_pentagon_end_top_centre,141,86,0,141,86,0
2576,3,576,17304.72,141,87,-171.71,1253.27,True,on_dome_path_labels_24_to_1_start_side_pentagon_end_top_centre,141,87,0,141,87,0
2577,3,577,17334.76,141,88,-168.41,1229.56,True,on_dome_path_labels_24_to_1_start_side_pentagon_end_top_centre,141,88,0,141,88,0
2578,3,578,17364.81,142,88,-158.96,1226.6,True,on_dome_path_labels_24_to_1_start_side_pentagon_end_top_centre,142,88,0,142,88,0
2579,3,579,17394.85,142,87,-143.19,1245.01,True,on_dome_path_labels_24_to_1_start_side_pentagon_end_top_centre,142,87,0,142,87,0
2580,3,580,17424.89,143,87,-127.41,1263.42,True,on_dome_path_labels_24_to_1_start_side_pentagon_end_top_centre,143,87,0,143,87,0
2581,3,581,17454.94,144,86,-111.64,1281.82,True,on_dome_path_labels_24_to_1_start_side_pentagon_end_top_centre,144,86,0,144,86,0
2582,3,582,17484.98,145,85,-95.87,1300.23,True,on_dome_path_labels_24_to_1_start_side_pentagon_end_top_centre,145,85,0,145,85,0
2583,3,583,17515.02,146,84,-80.09,1318.63,True,on_dome_path_labels_24_to_1_start_side_pentagon_end_top_centre,146,84,0,146,84,0
2584,3,584,17545.06,146,83,-64.32,1337.04,True,on_dome_path_labels_24_to_1_start_side_pentagon_end_top_centre,146,83,0,146,83,0
2585,3,585,17575.11,147,82,-48.55,1355.44,True,on_dome_path_labels_24_to_1_start_side_pentagon_end_top_centre,147,82,0,147,82,0
2586,3,586,17605.15,148,81,-32.78,1373.85,True,on_dome_path_labels_24_to_1_start_side_pentagon_end_top_centre,148,81,0,148,81,0
2587,3,587,17635.19,149,80,-17.0,1392.25,True,on_dome_path_labels_24_to_1_start_side_pentagon_end_top_centre,149,80,0,149,80,0
2588,3,588,17665.24,149,79,-1.23,1410.66,True,on_dome_path_labels_24_to_1_start_side_pentagon_end_top_centre,149,79,0,149,79,0
2589,3,589,17695.28,150,78,14.54,1429.06,True,on_dome_path_labels_24_to_1_start_side_pentagon_end_top_centre,150,78,0,150,78,0
2590,3,590,17725.32,151,77,30.32,1447.47,True,on_dome_path_labels_24_to_1_start_side_pentagon_end_top_centre,151,77,0,151,77,0
2591,3,591,17755.36,152,76,46.09,1465.88,True,on_dome_path_labels_24_to_1_start_side_pentagon_end_top_centre,152,76,0,152,76,0
2592,3,592,17785.41,153,76,61.86,1484.28,True,on_dome_path_labels_24_to_1_start_side_pentagon_end_top_centre,153,76,0,153,76,0
2593,3,593,17815.45,153,75,77.64,1502.69,True,on_dome_path_labels_24_to_1_start_side_pentagon_end_top_centre,153,75,0,153,75,0
2594,3,594,17845.49,154,74,93.41,1521.09,True,on_dome_path_labels_24_to_1_start_side_pentagon_end_top_centre,154,74,0,154,74,0
2595,3,595,17875.54,155,73,109.18,1539.5,True,on_dome_path_labels_24_to_1_start_side_pentagon_end_top_centre,155,73,0,155,73,0
2596,3,596,17905.58,156,72,124.96,1557.9,True,on_dome_path_labels_24_to_1_start_side_pentagon_end_top_centre,156,72,0,156,72,0
2597,3,597,17935.62,157,71,140.73,1576.31,True,on_dome_path_labels_24_to_1_start_side_pentagon_end_top_centre,157,71,0,157,71,0
2598,3,598,17965.67,157,70,156.5,1594.71,True,on_dome_path_labels_24_to_1_start_side_pentagon_end_top_centre,157,70,0,157,70,0
2599,3,599,17995.71,158,69,172.28,1613.12,True,on_dome_path_labels_24_to_1_start_side_pentagon_end_top_centre,158,69,0,158,69,0
2600,3,600,18025.75,159,68,188.05,1631.53,True,on_dome_path_labels_24_to_1_start_side_pentagon_end_top_centre,159,68,0,159,68,0
2601,3,601,18055.79,160,67,203.82,1649.93,True,on_dome_path_labels_24_to_1_start_side_pentagon_end_top_centre,160,67,0,160,67,0
2602,3,602,18085.84,160,66,219.59,1668.34,True,on_dome_path_labels_24_to_1_start_side_pentagon_end_top_centre,160,66,0,160,66,0
2603,3,603,18115.88,161,65,235.37,1686.74,True,on_dome_path_labels_24_to_1_start_side_pentagon_end_top_centre,161,65,0,161,65,0
2604,3,604,18145.92,162,65,251.14,1705.15,True,on_dome_path_labels_24_to_1_start_side_pentagon_end_top_centre,162,65,0,162,65,0
2605,3,605,18175.97,163,64,266.91,1723.55,True,on_dome_path_labels_24_to_1_start_side_pentagon_end_top_centre,163,64,0,163,64,0
2606,3,606,18206.01,164,63,282.69,1741.96,True,on_dome_path_labels_24_to_1_start_side_pentagon_end_top_centre,164,63,0,164,63,0
2607,3,607,18236.05,164,62,298.46,1760.36,True,on_dome_path_labels_24_to_1_start_side_pentagon_end_top_centre,164,62,0,164,62,0
2608,3,608,18266.09,165,61,314.23,1778.77,True,on_dome_path_labels_24_to_1_start_side_pentagon_end_top_centre,165,61,0,165,61,0
2609,3,609,18296.14,166,60,330.01,1797.17,True,on_dome_path_labels_24_to_1_start_side_pentagon_end_top_centre,166,60,0,166,60,0
2610,3,610,18326.18,167,59,345.78,1815.58,True,on_dome_path_labels_24_to_1_start_side_pentagon_end_top_centre,167,59,0,167,59,0
2611,3,611,18356.22,168,58,361.55,1833.99,True,on_dome_path_labels_24_to_1_start_side_pentagon_end_top_centre,168,58,0,168,58,0
2612,3,612,18386.27,168,57,377.33,1852.39,True,on_dome_path_labels_24_to_1_start_side_pentagon_end_top_centre,168,57,0,168,57,0
2613,3,613,18416.31,169,56,393.1,1870.8,True,on_dome_path_labels_24_to_1_start_side_pentagon_end_top_centre,169,56,0,169,56,0
2614,3,614,18446.35,170,55,408.87,1889.2,True,on_dome_path_labels_24_to_1_start_side_pentagon_end_top_centre,170,55,0,170,55,0
2615,3,615,18476.39,171,54,424.65,1907.61,True,on_dome_path_labels_24_to_1_start_side_pentagon_end_top_centre,170,54,1,170,54,1
2616,3,616,18506.44,171,54,440.42,1926.01,True,on_dome_path_labels_24_to_1_start_side_pentagon_end_top_centre,171,55,1,171,55,1
2617,3,617,18536.48,172,53,455.29,1940.07,True,on_dome_path_labels_24_to_1_start_side_pentagon_end_top_centre,171,52,1,171,52,1
2618,3,618,18566.52,173,54,462.5,1916.94,True,on_dome_path_labels_24_to_1_start_side_pentagon_end_top_centre,174,54,1,174,54,1
2619,3,619,18596.57,173,55,469.71,1893.82,True,on_dome_path_labels_24_to_1_start_side_pentagon_end_top_centre,173,55,0,173,55,0
2620,3,620,18626.61,173,56,476.91,1870.69,True,on_dome_path_labels_24_to_1_start_side_pentagon_end_top_centre,173,56,0,173,56,0
2621,3,621,18656.65,174,57,484.12,1847.57,True,on_dome_path_labels_24_to_1_start_side_pentagon_end_top_centre,174,57,0,174,57,0
2622,3,622,18686.7,174,59,491.32,1824.44,True,on_dome_path_labels_24_to_1_start_side_pentagon_end_top_centre,174,59,0,174,59,0
2623,3,623,18716.74,174,60,498.53,1801.32,True,on_dome_path_labels_24_to_1_start_side_pentagon_end_top_centre,174,60,0,174,60,0
2624,3,624,18746.78,175,61,505.73,1778.19,True,on_dome_path_labels_24_to_1_start_side_pentagon_end_top_centre,175,61,0,175,61,0
2625,3,625,18776.82,175,62,512.94,1755.07,True,on_dome_path_labels_24_to_1_start_side_pentagon_end_top_centre,175,62,0,175,62,0
2626,3,626,18806.87,175,63,520.15,1731.94,True,on_dome_path_labels_24_to_1_start_side_pentagon_end_top_centre,175,63,0,175,63,0
2627,3,627,18836.91,176,64,527.35,1708.82,True,on_dome_path_labels_24_to_1_start_side_pentagon_end_top_centre,176,64,0,176,64,0
2628,3,628,18866.95,176,65,534.56,1685.69,True,on_dome_path_labels_24_to_1_start_side_pentagon_end_top_centre,176,65,0,176,65,0
2629,3,629,18897.0,176,67,541.76,1662.57,True,on_dome_path_labels_24_to_1_start_side_pentagon_end_top_centre,176,67,0,176,67,0
2630,3,630,18927.04,177,68,548.97,1639.44,True,on_dome_path_labels_24_to_1_start_side_pentagon_end_top_centre,177,68,0,177,68,0
2631,3,631,18957.08,177,69,556.17,1616.32,True,on_dome_path_labels_24_to_1_start_side_pentagon_end_top_centre,177,69,0,177,69,0
2632,3,632,18987.12,178,70,563.38,1593.2,True,on_dome_path_labels_24_to_1_start_side_pentagon_end_top_centre,178,70,0,178,70,0
2633,3,633,19017.17,178,71,570.59,1570.07,True,on_dome_path_labels_24_to_1_start_side_pentagon_end_top_centre,178,71,0,178,71,0
2634,3,634,19047.21,178,72,577.79,1546.95,True,on_dome_path_labels_24_to_1_start_side_pentagon_end_top_centre,178,72,0,178,72,0
2635,3,635,19077.25,179,74,585.0,1523.82,True,on_dome_path_labels_24_to_1_start_side_pentagon_end_top_centre,179,74,0,179,74,0
2636,3,636,19107.3,179,75,592.2,1500.7,True,on_dome_path_labels_24_to_1_start_side_pentagon_end_top_centre,179,75,0,179,75,0
2637,3,637,19137.34,179,76,599.41,1477.57,True,on_dome_path_labels_24_to_1_start_side_pentagon_end_top_centre,179,76,0,179,76,0
2638,3,638,19167.38,180,77,606.61,1454.45,True,on_dome_path_labels_24_to_1_start_side_pentagon_end_top_centre,180,77,0,180,77,0
2639,3,639,19197.42,180,78,613.82,1431.32,True,on_dome_path_labels_24_to_1_start_side_pentagon_end_top_centre,180,78,0,180,78,0
2640,3,640,19227.47,180,79,621.03,1408.2,True,on_dome_path_labels_24_to_1_start_side_pentagon_end_top_centre,180,79,0,180,79,0
2641,3,641,19257.51,181,80,628.23,1385.07,True,on_dome_path_labels_24_to_1_start_side_pentagon_end_top_centre,181,80,0,181,80,0
2642,3,642,19287.55,181,82,635.44,1361.95,True,on_dome_path_labels_24_to_1_start_side_pentagon_end_top_centre,181,82,0,181,82,0
2643,3,643,19317.6,182,83,642.64,1338.82,True,on_dome_path_labels_24_to_1_start_side_pentagon_end_top_centre,182,83,0,182,83,0
2644,3,644,19347.64,182,84,649.85,1315.7,True,on_dome_path_labels_24_to_1_start_side_pentagon_end_top_centre,182,84,0,182,84,0
2645,3,645,19377.68,182,85,657.05,1292.57,True,on_dome_path_labels_24_to_1_start_side_pentagon_end_top_centre,182,85,0,182,85,0
2646,3,646,19407.73,183,86,664.26,1269.45,True,on_dome_path_labels_24_to_1_start_side_pentagon_end_top_centre,183,86,0,183,86,0
2647,3,647,19437.77,183,87,671.46,1246.32,True,on_dome_path_labels_24_to_1_start_side_pentagon_end_top_centre,183,87,0,183,87,0
2648,3,648,19467.81,183,89,678.67,1223.2,True,on_dome_path_labels_24_to_1_start_side_pentagon_end_top_centre,183,89,0,183,89,0
2649,3,649,19497.85,184,90,685.88,1200.07,True,on_dome_path_labels_24_to_1_start_side_pentagon_end_top_centre,184,90,0,184,90,0
2650,3,650,19527.9,184,91,693.08,1176.95,True,on_dome_path_labels_24_to_1_start_side_pentagon_end_top_centre,184,91,0,184,91,0
2651,3,651,19557.94,184,92,700.29,1153.82,True,on_dome_path_labels_24_to_1_start_side_pentagon_end_top_centre,184,92,0,184,92,0
2652,3,652,19587.98,185,93,707.49,1130.7,True,on_dome_path_labels_24_to_1_start_side_pentagon_end_top_centre,185,93,0,185,93,0
2653,3,653,19618.03,185,94,714.7,1107.57,True,on_dome_path_labels_24_to_1_start_side_pentagon_end_top_centre,185,94,0,185,94,0
2654,3,654,19648.07,185,95,721.9,1084.45,True,on_dome_path_labels_24_to_1_start_side_pentagon_end_top_centre,185,95,0,185,95,0
2655,3,655,19678.11,186,97,729.11,1061.32,True,on_dome_path_labels_24_to_1_start_side_pentagon_end_top_centre,186,97,0,186,97,0
2656,3,656,19708.15,186,98,736.32,1038.2,True,on_dome_path_labels_24_to_1_start_side_pentagon_end_top_centre,186,98,0,186,98,0
2657,3,657,19738.2,185,98,722.35,1035.02,True,on_dome_path_labels_24_to_1_start_side_pentagon_end_top_centre,185,98,0,185,98,0
2658,3,658,19768.24,184,98,700.02,1039.73,True,on_dome_path_labels_24_to_1_start_side_pentagon_end_top_centre,184,98,0,184,98,0
2659,3,659,19798.28,183,97,677.69,1044.44,True,on_dome_path_labels_24_to_1_start_side_pentagon_end_top_centre,183,97,0,183,97,0
2660,3,660,19828.33,182,97,655.36,1049.15,True,on_dome_path_labels_24_to_1_start_side_pentagon_end_top_centre,182,97,0,182,97,0
2661,3,661,19858.37,181,97,633.03,1053.86,True,on_dome_path_labels_24_to_1_start_side_pentagon_end_top_centre,181,97,0,181,97,0
2662,3,662,19888.41,180,97,610.7,1058.56,True,on_dome_path_labels_24_to_1_start_side_pentagon_end_top_centre,180,97,0,180,97,0
2663,3,663,19918.45,179,97,588.37,1063.27,True,on_dome_path_labels_24_to_1_start_side_pentagon_end_top_centre,179,97,0,179,97,0
2664,3,664,19948.5,178,96,566.04,1067.98,True,on_dome_path_labels_24_to_1_start_side_pentagon_end_top_centre,178,96,0,178,96,0
2665,3,665,19978.54,177,96,543.71,1072.69,True,on_dome_path_labels_24_to_1_start_side_pentagon_end_top_centre,177,96,0,177,96,0
2666,3,666,20008.58,175,96,521.38,1077.4,True,on_dome_path_labels_24_to_1_start_side_pentagon_end_top_centre,175,96,0,175,96,0
2667,3,667,20038.63,174,96,499.05,1082.11,True,on_dome_path_labels_24_to_1_start_side_pentagon_end_top_centre,174,96,0,174,96,0
2668,3,668,20068.67,173,95,476.72,1086.82,True,on_dome_path_labels_24_to_1_start_side_pentagon_end_top_centre,173,95,0,173,95,0
2669,3,669,20098.71,172,95,454.39,1091.53,True,on_dome_path_labels_24_to_1_start_side_pentagon_end_top_centre,172,95,0,172,95,0
2670,3,670,20128.76,171,95,432.06,1096.23,True,on_dome_path_labels_24_to_1_start_side_pentagon_end_top_centre,171,95,0,171,95,0
2671,3,671,20158.8,170,95,409.73,1100.94,True,on_dome_path_labels_24_to_1_start_side_pentagon_end_top_centre,170,95,0,170,95,0
2672,3,672,20188.84,169,94,387.4,1105.65,True,on_dome_path_labels_24_to_1_start_side_pentagon_end_top_centre,169,94,0,169,94,0
2673,3,673,20218.88,168,94,365.07,1110.36,True,on_dome_path_labels_24_to_1_start_side_pentagon_end_top_centre,168,94,0,168,94,0
2674,3,674,20248.93,167,94,342.74,1115.07,True,on_dome_path_labels_24_to_1_start_side_pentagon_end_top_centre,167,94,0,167,94,0
2675,3,675,20278.97,165,94,320.41,1119.78,True,on_dome_path_labels_24_to_1_start_side_pentagon_end_top_centre,165,94,0,165,94,0
2676,3,676,20309.01,164,93,298.08,1124.49,True,on_dome_path_labels_24_to_1_start_side_pentagon_end_top_centre,164,93,0,164,93,0
2677,3,677,20339.06,163,93,275.75,1129.2,True,on_dome_path_labels_24_to_1_start_side_pentagon_end_top_centre,163,93,0,163,93,0
2678,3,678,20369.1,162,93,253.42,1133.9,True,on_dome_path_labels_24_to_1_start_side_pentagon_end_top_centre,162,93,0,162,93,0
2679,3,679,20399.14,161,93,231.09,1138.61,True,on_dome_path_labels_24_to_1_start_side_pentagon_end_top_centre,161,93,0,161,93,0
2680,3,680,20429.18,160,93,208.76,1143.32,True,on_dome_path_labels_24_to_1_start_side_pentagon_end_top_centre,160,93,0,160,93,0
2681,3,681,20459.23,159,92,186.43,1148.03,True,on_dome_path_labels_24_to_1_start_side_pentagon_end_top_centre,159,92,0,159,92,0
2682,3,682,20489.27,158,92,164.1,1152.74,True,on_dome_path_labels_24_to_1_start_side_pentagon_end_top_centre,158,92,0,158,92,0
2683,3,683,20519.31,157,92,141.77,1157.45,True,on_dome_path_labels_24_to_1_start_side_pentagon_end_top_centre,157,92,0,157,92,0
2684,3,684,20549.36,155,92,119.44,1162.16,True,on_dome_path_labels_24_to_1_start_side_pentagon_end_top_centre,155,92,0,155,92,0
2685,3,685,20579.4,154,91,97.11,1166.86,True,on_dome_path_labels_24_to_1_start_side_pentagon_end_top_centre,154,91,0,154,91,0
2686,3,686,20609.44,153,91,74.78,1171.57,True,on_dome_path_labels_24_to_1_start_side_pentagon_end_top_centre,153,91,0,153,91,0
2687,3,687,20639.48,152,91,52.45,1176.28,True,on_dome_path_labels_24_to_1_start_side_pentagon_end_top_centre,152,91,0,152,91,0
2688,3,688,20669.53,151,91,30.12,1180.99,True,on_dome_path_labels_24_to_1_start_side_pentagon_end_top_centre,151,91,0,151,91,0
2689,3,689,20699.57,150,90,7.79,1185.7,True,on_dome_path_labels_24_to_1_start_side_pentagon_end_top_centre,150,90,0,150,90,0
2690,3,690,20729.61,149,90,-14.54,1190.41,True,on_dome_path_labels_24_to_1_start_side_pentagon_end_top_centre,149,90,0,149,90,0
2691,3,691,20759.66,148,90,-36.87,1195.12,True,on_dome_path_labels_24_to_1_start_side_pentagon_end_top_centre,148,90,0,148,90,0
2692,3,692,20789.7,147,90,-59.2,1199.83,True,on_dome_path_labels_24_to_1_start_side_pentagon_end_top_centre,147,90,0,147,90,0
2693,3,693,20819.74,145,89,-81.53,1204.53,True,on_dome_path_labels_24_to_1_start_side_pentagon_end_top_centre,145,89,0,145,89,0
2694,3,694,20849.79,144,89,-103.86,1209.24,True,on_dome_path_labels_24_to_1_start_side_pentagon_end_top_centre,144,89,0,144,89,0
2695,3,695,20879.83,143,89,-126.19,1213.95,True,on_dome_path_labels_24_to_1_start_side_pentagon_end_top_centre,143,89,0,143,89,0
2696,3,696,20909.87,143,89,-137.73,1210.05,True,on_dome_path_labels_24_to_1_start_side_pentagon_end_top_centre,143,88,1,143,88,1
2697,3,697,20939.91,143,90,-127.2,1188.57,True,on_dome_path_labels_24_to_1_start_side_pentagon_end_top_centre,143,90,0,143,90,0
2698,3,698,20969.96,144,91,-116.68,1167.09,True,on_dome_path_labels_24_to_1_start_side_pentagon_end_top_centre,144,91,0,144,91,0
2699,3,699,21000.0,144,92,-106.15,1145.61,True,on_dome_path_labels_24_to_1_start_side_pentagon_end_top_centre,144,92,0,144,92,0
2700,3,700,21030.04,145,93,-95.62,1124.12,True,on_dome_path_labels_24_to_1_start_side_pentagon_end_top_centre,145,93,0,145,93,0
2701,3,701,21060.09,145,95,-85.1,1102.64,True,on_dome_path_labels_24_to_1_start_side_pentagon_end_top_centre,145,95,0,145,95,0
2702,3,702,21090.13,146,96,-74.57,1081.16,True,on_dome_path_labels_24_to_1_start_side_pentagon_end_top_centre,146,96,0,146,96,0
2703,3,703,21120.17,146,97,-64.04,1059.68,True,on_dome_path_labels_24_to_1_start_side_pentagon_end_top_centre,146,97,0,146,97,0
2704,3,704,21150.21,147,98,-53.52,1038.19,True,on_dome_path_labels_24_to_1_start_side_pentagon_end_top_centre,147,98,0,147,98,0
2705,3,705,21180.26,147,99,-42.99,1016.71,True,on_dome_path_labels_24_to_1_start_side_pentagon_end_top_centre,147,99,0,147,99,0
2706,3,706,21210.3,148,100,-32.46,995.23,True,on_dome_path_labels_24_to_1_start_side_pentagon_end_top_centre,148,100,0,148,100,0
2707,3,707,21240.34,148,101,-21.94,973.75,True,on_dome_path_labels_24_to_1_start_side_pentagon_end_top_centre,148,101,0,148,101,0
2708,3,708,21270.39,149,102,-11.41,952.26,True,on_dome_path_labels_24_to_1_start_side_pentagon_end_top_centre,149,102,0,149,102,0
2709,3,709,21300.43,149,103,-0.89,930.78,True,on_dome_path_labels_24_to_1_start_side_pentagon_end_top_centre,149,103,0,149,103,0
2710,3,710,21330.47,150,104,9.64,909.3,True,on_dome_path_labels_24_to_1_start_side_pentagon_end_top_centre,150,104,0,150,104,0
2711,3,711,21360.52,151,105,20.17,887.81,True,on_dome_path_labels_24_to_1_start_side_pentagon_end_top_centre,151,105,0,151,105,0
2712,3,712,21390.56,151,106,30.69,866.33,True,on_dome_path_labels_24_to_1_start_side_pentagon_end_top_centre,151,106,0,151,106,0
2713,3,713,21420.6,152,107,41.22,844.85,True,on_dome_path_labels_24_to_1_start_side_pentagon_end_top_centre,152,107,0,152,107,0
2714,3,714,21450.64,152,108,51.75,823.37,True,on_dome_path_labels_24_to_1_start_side_pentagon_end_top_centre,152,108,0,152,108,0
2715,3,715,21480.69,153,110,62.27,801.88,True,on_dome_path_labels_24_to_1_start_side_pentagon_end_top_centre,153,110,0,153,110,0
2716,3,716,21510.73,153,111,72.8,780.4,True,on_dome_path_labels_24_to_1_start_side_pentagon_end_top_centre,153,111,0,153,111,0
2717,3,717,21540.77,154,112,83.33,758.92,True,on_dome_path_labels_24_to_1_start_side_pentagon_end_top_centre,154,112,0,154,112,0
2718,3,718,21570.82,154,113,93.85,737.44,True,on_dome_path_labels_24_to_1_start_side_pentagon_end_top_centre,154,113,0,154,113,0
2719,3,719,21600.86,155,114,104.38,715.95,True,on_dome_path_labels_24_to_1_start_side_pentagon_end_top_centre,155,114,0,155,114,0
2720,3,720,21630.9,155,115,114.91,694.47,True,on_dome_path_labels_24_to_1_start_side_pentagon_end_top_centre,155,115,0,155,115,0
2721,3,721,21660.94,156,116,125.43,672.99,True,on_dome_path_labels_24_to_1_start_side_pentagon_end_top_centre,156,116,0,156,116,0
2722,3,722,21690.99,156,117,135.96,651.51,True,on_dome_path_labels_24_to_1_start_side_pentagon_end_top_centre,156,117,0,156,117,0
2723,3,723,21721.03,157,118,146.48,630.02,True,on_dome_path_labels_24_to_1_start_side_pentagon_end_top_centre,157,118,0,157,118,0
2724,3,724,21751.07,157,119,157.01,608.54,True,on_dome_path_labels_24_to_1_start_side_pentagon_end_top_centre,157,119,0,157,119,0
2725,3,725,21781.12,158,120,167.54,587.06,True,on_dome_path_labels_24_to_1_start_side_pentagon_end_top_centre,158,120,0,158,120,0
2726,3,726,21811.16,158,121,178.06,565.58,True,on_dome_path_labels_24_to_1_start_side_pentagon_end_top_centre,158,121,0,158,121,0
2727,3,727,21841.2,159,122,188.59,544.09,True,on_dome_path_labels_24_to_1_start_side_pentagon_end_top_centre,159,122,0,159,122,0
2728,3,728,21871.24,159,123,199.12,522.61,True,on_dome_path_labels_24_to_1_start_side_pentagon_end_top_centre,159,123,0,159,123,0
2729,3,729,21901.29,160,125,209.64,501.13,True,on_dome_path_labels_24_to_1_start_side_pentagon_end_top_centre,160,125,0,160,125,0
2730,3,730,21931.33,160,126,220.17,479.64,True,on_dome_path_labels_24_to_1_start_side_pentagon_end_top_centre,160,126,0,160,126,0
2731,3,731,21961.37,161,127,230.7,458.16,True,on_dome_path_labels_24_to_1_start_side_pentagon_end_top_centre,161,127,0,161,127,0
2732,3,732,21991.42,162,128,241.22,436.68,True,on_dome_path_labels_24_to_1_start_side_pentagon_end_top_centre,162,128,0,162,128,0
2733,3,733,22021.46,162,129,251.75,415.2,True,on_dome_path_labels_24_to_1_start_side_pentagon_end_top_centre,162,129,0,162,129,0
2734,3,734,22051.5,163,130,262.28,393.71,True,on_dome_path_labels_24_to_1_start_side_pentagon_end_top_centre,163,130,0,163,130,0
2735,3,735,22081.55,163,131,272.8,372.23,True,on_dome_path_labels_24_to_1_start_side_pentagon_end_top_centre,163,131,0,163,131,0
2736,3,736,22111.59,164,130,284.48,386.35,True,on_dome_path_labels_24_to_1_start_side_pentagon_end_top_centre,164,130,0,164,130,0
2737,3,737,22141.63,164,129,296.22,402.73,True,on_dome_path_labels_24_to_1_start_side_pentagon_end_top_centre,164,129,0,164,129,0
2738,3,738,22171.67,165,129,307.97,419.11,True,on_dome_path_labels_24_to_1_start_side_pentagon_end_top_centre,165,129,0,165,129,0
2739,3,739,22201.72,165,128,319.72,435.48,True,on_dome_path_labels_24_to_1_start_side_pentagon_end_top_centre,165,128,0,165,128,0
2740,3,740,22231.76,166,127,331.47,451.86,True,on_dome_path_labels_24_to_1_start_side_pentagon_end_top_centre,166,127,0,166,127,0
2741,3,741,22261.8,167,126,343.21,468.23,True,on_dome_path_labels_24_to_1_start_side_pentagon_end_top_centre,167,126,0,167,126,0
2742,3,742,22291.85,167,125,354.96,484.61,True,on_dome_path_labels_24_to_1_start_side_pentagon_end_top_centre,167,125,0,167,125,0
2743,3,743,22321.89,168,125,366.71,500.98,True,on_dome_path_labels_24_to_1_start_side_pentagon_end_top_centre,168,125,0,168,125,0
2744,3,744,22351.93,168,124,378.46,517.36,True,on_dome_path_labels_24_to_1_start_side_pentagon_end_top_centre,168,124,0,168,124,0
2745,3,745,22381.97,169,123,390.2,533.73,True,on_dome_path_labels_24_to_1_start_side_pentagon_end_top_centre,169,123,0,169,123,0
2746,3,746,22412.02,170,122,401.95,550.11,True,on_dome_path_labels_24_to_1_start_side_pentagon_end_top_centre,170,122,0,170,122,0
2747,3,747,22442.06,170,121,413.7,566.49,True,on_dome_path_labels_24_to_1_start_side_pentagon_end_top_centre,170,121,0,170,121,0
2748,3,748,22472.1,171,120,425.44,582.86,True,on_dome_path_labels_24_to_1_start_side_pentagon_end_top_centre,171,120,0,171,120,0
2749,3,749,22502.15,171,120,437.19,599.24,True,on_dome_path_labels_24_to_1_start_side_pentagon_end_top_centre,171,119,1,171,119,1
2750,3,750,22532.19,172,119,448.94,615.61,True,on_dome_path_labels_24_to_1_start_side_pentagon_end_top_centre,172,119,0,172,119,0
2751,3,751,22562.23,172,118,460.69,631.99,True,on_dome_path_labels_24_to_1_start_side_pentagon_end_top_centre,172,118,0,172,118,0
2752,3,752,22592.27,173,117,472.43,648.36,True,on_dome_path_labels_24_to_1_start_side_pentagon_end_top_centre,173,117,0,173,117,0
2753,3,753,22622.32,174,116,484.18,664.74,True,on_dome_path_labels_24_to_1_start_side_pentagon_end_top_centre,174,116,0,174,116,0
2754,3,754,22652.36,174,116,495.93,681.12,True,on_dome_path_labels_24_to_1_start_side_pentagon_end_top_centre,174,115,1,174,115,1
2755,3,755,22682.4,175,115,507.68,697.49,True,on_dome_path_labels_24_to_1_start_side_pentagon_end_top_centre,175,115,0,175,115,0
2756,3,756,22712.45,175,114,519.42,713.87,True,on_dome_path_labels_24_to_1_start_side_pentagon_end_top_centre,175,114,0,175,114,0
2757,3,757,22742.49,176,113,531.17,730.24,True,on_dome_path_labels_24_to_1_start_side_pentagon_end_top_centre,176,113,0,176,113,0
2758,3,758,22772.53,177,112,542.92,746.62,True,on_dome_path_labels_24_to_1_start_side_pentagon_end_top_centre,177,112,0,177,112,0
2759,3,759,22802.58,177,111,554.67,762.99,True,on_dome_path_labels_24_to_1_start_side_pentagon_end_top_centre,177,111,0,177,111,0
2760,3,760,22832.62,178,111,566.41,779.37,True,on_dome_path_labels_24_to_1_start_side_pentagon_end_top_centre,178,111,0,178,111,0
2761,3,761,22862.66,178,110,578.16,795.74,True,on_dome_path_labels_24_to_1_start_side_pentagon_end_top_centre,178,110,0,178,110,0
2762,3,762,22892.7,179,109,589.91,812.12,True,on_dome_path_labels_24_to_1_start_side_pentagon_end_top_centre,179,109,0,179,109,0
2763,3,763,22922.75,179,108,601.65,828.5,True,on_dome_path_labels_24_to_1_start_side_pentagon_end_top_centre,179,108,0,179,108,0
2764,3,764,22952.79,180,107,613.4,844.87,True,on_dome_path_labels_24_to_1_start_side_pentagon_end_top_centre,180,107,0,180,107,0
2765,3,765,22982.83,181,107,625.15,861.25,True,on_dome_path_labels_24_to_1_start_side_pentagon_end_top_centre,181,107,0,181,107,0
2766,3,766,23012.88,181,106,636.9,877.62,True,on_dome_path_labels_24_to_1_start_side_pentagon_end_top_centre,181,106,0,181,106,0
2767,3,767,23042.92,182,105,648.64,894.0,True,on_dome_path_labels_24_to_1_start_side_pentagon_end_top_centre,182,105,0,182,105,0
2768,3,768,23072.96,182,104,660.39,910.37,True,on_dome_path_labels_24_to_1_start_side_pentagon_end_top_centre,182,104,0,182,104,0
2769,3,769,23103.0,183,103,672.14,926.75,True,on_dome_path_labels_24_to_1_start_side_pentagon_end_top_centre,183,103,0,183,103,0
2770,3,770,23133.05,184,103,683.89,943.13,True,on_dome_path_labels_24_to_1_start_side_pentagon_end_top_centre,184,103,0,184,103,0
2771,3,771,23163.09,184,102,695.63,959.5,True,on_dome_path_labels_24_to_1_start_side_pentagon_end_top_centre,184,102,0,184,102,0
2772,3,772,23193.13,185,101,707.38,975.88,True,on_dome_path_labels_24_to_1_start_side_pentagon_end_top_centre,185,101,0,185,101,0
2773,3,773,23223.18,185,100,719.13,992.25,True,on_dome_path_labels_24_to_1_start_side_pentagon_end_top_centre,185,100,0,185,100,0
2774,3,774,23253.22,186,99,730.88,1008.63,True,on_dome_path_labels_24_to_1_start_side_pentagon_end_top_centre,186,99,0,186,99,0
2775,3,775,23283.26,187,99,742.6,1005.21,True,on_dome_path_labels_24_to_1_start_side_pentagon_end_top_centre,187,99,0,187,99,0
2776,3,776,23313.3,187,100,754.31,985.75,True,on_dome_path_labels_24_to_1_start_side_pentagon_end_top_centre,187,100,0,187,100,0
2777,3,777,23343.35,188,101,766.02,966.3,True,on_dome_path_labels_24_to_1_start_side_pentagon_end_top_centre,188,101,0,188,101,0
2778,3,778,23373.39,188,102,777.72,946.84,True,on_dome_path_labels_24_to_1_start_side_pentagon_end_top_centre,188,102,0,188,102,0
2779,3,779,23403.43,189,103,789.43,927.39,True,on_dome_path_labels_24_to_1_start_side_pentagon_end_top_centre,189,103,0,189,103,0
2780,3,780,23433.48,189,104,801.14,907.93,True,on_dome_path_labels_24_to_1_start_side_pentagon_end_top_centre,189,104,0,189,104,0
2781,3,781,23463.52,190,105,812.85,888.48,True,on_dome_path_labels_24_to_1_start_side_pentagon_end_top_centre,190,105,0,190,105,0
2782,3,782,23493.56,191,106,824.55,869.02,True,on_dome_path_labels_24_to_1_start_side_pentagon_end_top_centre,191,106,0,191,106,0
2783,3,783,23523.61,191,107,836.26,849.56,True,on_dome_path_labels_24_to_1_start_side_pentagon_end_top_centre,191,107,0,191,107,0
2784,3,784,23553.65,192,108,847.97,830.11,True,on_dome_path_labels_24_to_1_start_side_pentagon_end_top_centre,192,108,0,192,108,0
2785,3,785,23583.69,192,109,859.68,810.65,True,on_dome_path_labels_24_to_1_start_side_pentagon_end_top_centre,192,109,0,192,109,0
2786,3,786,23613.73,193,110,871.38,791.2,True,on_dome_path_labels_24_to_1_start_side_pentagon_end_top_centre,193,110,0,193,110,0
2787,3,787,23643.78,194,111,883.09,771.74,True,on_dome_path_labels_24_to_1_start_side_pentagon_end_top_centre,194,111,0,194,111,0
2788,3,788,23673.82,194,112,894.8,752.28,True,on_dome_path_labels_24_to_1_start_side_pentagon_end_top_centre,194,112,0,194,112,0
2789,3,789,23703.86,195,113,906.51,732.83,True,on_dome_path_labels_24_to_1_start_side_pentagon_end_top_centre,195,113,0,195,113,0
2790,3,790,23733.91,195,114,918.21,713.37,True,on_dome_path_labels_24_to_1_start_side_pentagon_end_top_centre,195,114,0,195,114,0
2791,3,791,23763.95,196,115,929.92,693.92,True,on_dome_path_labels_24_to_1_start_side_pentagon_end_top_centre,196,115,0,196,115,0
2792,3,792,23793.99,196,116,941.63,674.46,True,on_dome_path_labels_24_to_1_start_side_pentagon_end_top_centre,196,116,0,196,116,0
2793,3,793,23824.03,197,117,953.34,655.0,True,on_dome_path_labels_24_to_1_start_side_pentagon_end_top_centre,197,117,0,197,117,0
2794,3,794,23854.08,198,118,965.04,635.55,True,on_dome_path_labels_24_to_1_start_side_pentagon_end_top_centre,198,118,0,198,118,0
2795,3,795,23884.12,198,119,976.75,616.09,True,on_dome_path_labels_24_to_1_start_side_pentagon_end_top_centre,198,119,0,198,119,0
2796,3,796,23914.16,199,120,988.46,596.64,True,on_dome_path_labels_24_to_1_start_side_pentagon_end_top_centre,199,120,0,199,120,0
2797,3,797,23944.21,199,121,1000.17,577.18,True,on_dome_path_labels_24_to_1_start_side_pentagon_end_top_centre,199,121,0,199,121,0
2798,3,798,23974.25,200,122,1011.87,557.72,True,on_dome_path_labels_24_to_1_start_side_pentagon_end_top_centre,200,122,0,200,122,0
2799,3,799,24004.29,201,123,1023.58,538.27,True,on_dome_path_labels_24_to_1_start_side_pentagon_end_top_centre,201,123,0,201,123,0
2800,3,800,24034.33,201,124,1035.29,518.81,True,on_dome_path_labels_24_to_1_start_side_pentagon_end_top_centre,201,124,0,201,124,0
2801,3,801,24064.38,202,125,1047.0,499.36,True,on_dome_path_labels_24_to_1_start_side_pentagon_end_top_centre,202,125,0,202,125,0
2802,3,802,24094.42,202,126,1058.71,479.9,True,on_dome_path_labels_24_to_1_start_side_pentagon_end_top_centre,202,126,0,202,126,0
2803,3,803,24124.46,203,127,1070.41,460.44,True,on_dome_path_labels_24_to_1_start_side_pentagon_end_top_centre,203,127,0,203,127,0
2804,3,804,24154.51,203,128,1082.12,440.99,True,on_dome_path_labels_24_to_1_start_side_pentagon_end_top_centre,203,128,0,203,128,0
2805,3,805,24184.55,204,128,1093.83,421.53,True,on_dome_path_labels_24_to_1_start_side_pentagon_end_top_centre,204,128,0,204,128,0
2806,3,806,24214.59,205,129,1105.54,402.08,True,on_dome_path_labels_24_to_1_start_side_pentagon_end_top_centre,205,129,0,205,129,0
2807,3,807,24244.64,205,130,1117.24,382.62,True,on_dome_path_labels_24_to_1_start_side_pentagon_end_top_centre,205,130,0,205,130,0
2808,3,808,24274.68,206,131,1128.95,363.17,True,on_dome_path_labels_24_to_1_start_side_pentagon_end_top_centre,206,131,0,206,131,0
2809,3,809,24304.72,206,132,1140.66,343.71,True,on_dome_path_labels_24_to_1_start_side_pentagon_end_top_centre,205,132,1,205,132,1
2810,3,810,24334.76,207,133,1152.37,324.25,True,on_dome_path_labels_24_to_1_start_side_pentagon_end_top_centre,207,133,0,207,133,0
2811,3,811,24364.81,208,134,1164.07,304.8,True,on_dome_path_labels_24_to_1_start_side_pentagon_end_top_centre,208,134,0,208,134,0
2812,3,812,24394.85,208,135,1175.78,285.34,True,on_dome_path_labels_24_to_1_start_side_pentagon_end_top_centre,208,135,0,208,135,0
2813,3,813,24424.89,209,136,1187.49,265.89,True,on_dome_path_labels_24_to_1_start_side_pentagon_end_top_centre,209,136,0,209,136,0
2814,3,814,24454.94,209,137,1193.47,250.1,True,on_dome_path_labels_24_to_1_start_side_pentagon_end_top_centre,209,137,0,209,137,0
2815,3,815,24484.98,208,137,1170.31,252.97,True,on_dome_path_labels_24_to_1_start_side_pentagon_end_top_centre,208,137,0,208,137,0
2816,3,816,24515.02,207,137,1147.15,255.85,True,on_dome_path_labels_24_to_1_start_side_pentagon_end_top_centre,207,137,0,207,137,0
2817,3,817,24545.06,206,137,1123.99,258.73,True,on_dome_path_labels_24_to_1_start_side_pentagon_end_top_centre,205,137,1,205,137,1
2818,3,818,24575.11,204,136,1100.83,261.6,True,on_dome_path_labels_24_to_1_start_side_pentagon_end_top_centre,204,136,0,204,136,0
2819,3,819,24605.15,203,136,1077.67,264.48,True,on_dome_path_labels_24_to_1_start_side_pentagon_end_top_centre,203,136,0,203,136,0
2820,3,820,24635.19,202,136,1054.51,267.35,True,on_dome_path_labels_24_to_1_start_side_pentagon_end_top_centre,202,136,0,202,136,0
2821,3,821,24665.24,201,136,1031.36,270.23,True,on_dome_path_labels_24_to_1_start_side_pentagon_end_top_centre,201,136,0,201,136,0
2822,3,822,24695.28,200,136,1008.2,273.11,True,on_dome_path_labels_24_to_1_start_side_pentagon_end_top_centre,200,136,0,200,136,0
2823,3,823,24725.32,199,136,985.04,275.98,True,on_dome_path_labels_24_to_1_start_side_pentagon_end_top_centre,199,136,0,199,136,0
2824,3,824,24755.36,197,136,961.88,278.86,True,on_dome_path_labels_24_to_1_start_side_pentagon_end_top_centre,197,136,0,197,136,0
2825,3,825,24785.41,196,135,938.72,281.73,True,on_dome_path_labels_24_to_1_start_side_pentagon_end_top_centre,196,135,0,196,135,0
2826,3,826,24815.45,195,135,915.56,284.61,True,on_dome_path_labels_24_to_1_start_side_pentagon_end_top_centre,195,135,0,195,135,0
2827,3,827,24845.49,194,135,892.4,287.48,True,on_dome_path_labels_24_to_1_start_side_pentagon_end_top_centre,193,135,1,193,135,1
2828,3,828,24875.54,193,135,869.24,290.36,True,on_dome_path_labels_24_to_1_start_side_pentagon_end_top_centre,193,134,1,193,134,1
2829,3,829,24905.58,192,135,846.09,293.24,True,on_dome_path_labels_24_to_1_start_side_pentagon_end_top_centre,192,135,0,192,135,0
2830,3,830,24935.62,191,135,822.93,296.11,True,on_dome_path_labels_24_to_1_start_side_pentagon_end_top_centre,191,135,0,191,135,0
2831,3,831,24965.67,189,135,799.77,298.99,True,on_dome_path_labels_24_to_1_start_side_pentagon_end_top_centre,189,135,0,189,135,0
2832,3,832,24995.71,188,134,776.61,301.86,True,on_dome_path_labels_24_to_1_start_side_pentagon_end_top_centre,188,134,0,188,134,0
2833,3,833,25025.75,187,134,753.45,304.74,True,on_dome_path_labels_24_to_1_start_side_pentagon_end_top_centre,187,134,0,187,134,0
2834,3,834,25055.79,186,134,730.29,307.61,True,on_dome_path_labels_24_to_1_start_side_pentagon_end_top_centre,186,134,0,186,134,0
2835,3,835,25085.84,185,134,707.13,310.49,True,on_dome_path_labels_24_to_1_start_side_pentagon_end_top_centre,185,134,0,185,134,0
2836,3,836,25115.88,184,134,683.97,313.37,True,on_dome_path_labels_24_to_1_start_side_pentagon_end_top_centre,184,134,0,184,134,0
2837,3,837,25145.92,182,134,660.81,316.24,True,on_dome_path_labels_24_to_1_start_side_pentagon_end_top_centre,182,134,0,182,134,0
2838,3,838,25175.97,181,134,637.66,319.12,True,on_dome_path_labels_24_to_1_start_side_pentagon_end_top_centre,181,134,0,181,134,0
2839,3,839,25206.01,180,133,614.5,321.99,True,on_dome_path_labels_24_to_1_start_side_pentagon_end_top_centre,180,133,0,180,133,0
2840,3,840,25236.05,179,133,591.34,324.87,True,on_dome_path_labels_24_to_1_start_side_pentagon_end_top_centre,179,133,0,179,133,0
2841,3,841,25266.09,178,133,568.18,327.75,True,on_dome_path_labels_24_to_1_start_side_pentagon_end_top_centre,178,133,0,178,133,0
2842,3,842,25296.14,177,133,545.02,330.62,True,on_dome_path_labels_24_to_1_start_side_pentagon_end_top_centre,177,133,0,177,133,0
2843,3,843,25326.18,176,133,521.86,333.5,True,on_dome_path_labels_24_to_1_start_side_pentagon_end_top_centre,176,133,0,176,133,0
2844,3,844,25356.22,174,133,498.7,336.37,True,on_dome_path_labels_24_to_1_start_side_pentagon_end_top_centre,174,133,0,174,133,0
2845,3,845,25386.27,173,133,475.54,339.25,True,on_dome_path_labels_24_to_1_start_side_pentagon_end_top_centre,173,133,0,173,133,0
2846,3,846,25416.31,172,132,452.39,342.12,True,on_dome_path_labels_24_to_1_start_side_pentagon_end_top_centre,172,132,0,172,132,0
2847,3,847,25446.35,171,132,429.23,345.0,True,on_dome_path_labels_24_to_1_start_side_pentagon_end_top_centre,171,132,0,171,132,0
2848,3,848,25476.39,170,132,406.07,347.88,True,on_dome_path_labels_24_to_1_start_side_pentagon_end_top_centre,170,132,0,170,132,0
2849,3,849,25506.44,169,132,382.91,350.75,True,on_dome_path_labels_24_to_1_start_side_pentagon_end_top_centre,169,132,0,169,132,0
2850,3,850,25536.48,167,132,359.75,353.63,True,on_dome_path_labels_24_to_1_start_side_pentagon_end_top_centre,167,132,0,167,132,0
2851,3,851,25566.52,166,132,336.59,356.5,True,on_dome_path_labels_24_to_1_start_side_pentagon_end_top_centre,166,132,0,166,132,0
2852,3,852,25596.57,165,132,313.43,359.38,True,on_dome_path_labels_24_to_1_start_side_pentagon_end_top_centre,165,132,0,165,132,0
2853,3,853,25626.61,164,131,290.27,362.26,True,on_dome_path_labels_24_to_1_start_side_pentagon_end_top_centre,164,131,0,164,131,0
2854,3,854,25656.65,164,132,294.76,350.11,True,on_dome_path_labels_24_to_1_start_side_pentagon_end_top_centre,164,132,0,164,132,0
2855,3,855,25686.7,165,133,307.21,333.64,True,on_dome_path_labels_24_to_1_start_side_pentagon_end_top_centre,165,133,0,165,133,0
2856,3,856,25716.74,165,134,319.67,317.16,True,on_dome_path_labels_24_to_1_start_side_pentagon_end_top_centre,165,134,0,165,134,0
2857,3,857,25746.78,166,135,332.12,300.69,True,on_dome_path_labels_24_to_1_start_side_pentagon_end_top_centre,166,135,0,166,135,0
2858,3,858,25776.82,167,135,344.58,284.22,True,on_dome_path_labels_24_to_1_start_side_pentagon_end_top_centre,167,135,0,167,135,0
2859,3,859,25806.87,167,136,357.03,267.74,True,on_dome_path_labels_24_to_1_start_side_pentagon_end_top_centre,167,136,0,167,136,0
2860,3,860,25836.91,168,137,369.49,251.27,True,on_dome_path_labels_24_to_1_start_side_pentagon_end_top_centre,168,137,0,168,137,0
2861,3,861,25866.95,169,138,381.94,234.79,True,on_dome_path_labels_24_to_1_start_side_pentagon_end_top_centre,169,138,0,169,138,0
2862,3,862,25897.0,169,139,394.4,218.32,True,on_dome_path_labels_24_to_1_start_side_pentagon_end_top_centre,169,139,0,169,139,0
2863,3,863,25927.04,170,139,406.85,201.85,True,on_dome_path_labels_24_to_1_start_side_pentagon_end_top_centre,170,139,0,170,139,0
2864,3,864,25957.08,170,140,419.31,185.37,True,on_dome_path_labels_24_to_1_start_side_pentagon_end_top_centre,170,140,0,170,140,0
2865,3,865,25987.12,171,141,431.77,168.9,True,on_dome_path_labels_24_to_1_start_side_pentagon_end_top_centre,171,141,0,171,141,0
2866,3,866,26017.17,172,142,444.22,152.43,True,on_dome_path_labels_24_to_1_start_side_pentagon_end_top_centre,172,142,0,172,142,0
2867,3,867,26047.21,172,143,456.68,135.95,True,on_dome_path_labels_24_to_1_start_side_pentagon_end_top_centre,172,143,0,172,143,0
2868,3,868,26077.25,173,144,469.13,119.48,True,on_dome_path_labels_24_to_1_start_side_pentagon_end_top_centre,173,144,0,173,144,0
2869,3,869,26107.3,173,144,481.59,103.0,True,on_dome_path_labels_24_to_1_start_side_pentagon_end_top_centre,173,143,1,173,143,1
2870,3,870,26137.34,174,145,494.04,86.53,True,on_dome_path_labels_24_to_1_start_side_pentagon_end_top_centre,174,145,0,174,145,0
2871,3,871,26167.38,175,146,506.5,70.06,True,on_dome_path_labels_24_to_1_start_side_pentagon_end_top_centre,175,146,0,175,146,0
2872,3,872,26197.42,175,147,518.95,53.58,True,on_dome_path_labels_24_to_1_start_side_pentagon_end_top_centre,175,147,0,175,147,0
2873,3,873,26227.47,176,148,531.41,37.11,True,on_dome_path_labels_24_to_1_start_side_pentagon_end_top_centre,176,148,0,176,148,0
2874,3,874,26257.51,177,148,543.86,20.63,True,on_dome_path_labels_24_to_1_start_side_pentagon_end_top_centre,177,148,0,177,148,0
2875,3,875,26287.55,177,149,556.32,4.16,True,on_dome_path_labels_24_to_1_start_side_pentagon_end_top_centre,177,149,0,177,149,0
2876,3,876,26317.6,178,150,568.77,-12.31,True,on_dome_path_labels_24_to_1_start_side_pentagon_end_top_centre,178,149,1,178,149,1
2877,3,877,26347.64,178,151,581.23,-28.79,True,on_dome_path_labels_24_to_1_start_side_pentagon_end_top_centre,178,151,0,178,151,0
2878,3,878,26377.68,179,152,593.68,-45.26,True,on_dome_path_labels_24_to_1_start_side_pentagon_end_top_centre,179,152,0,179,152,0
2879,3,879,26407.73,180,153,606.14,-61.73,True,on_dome_path_labels_24_to_1_start_side_pentagon_end_top_centre,180,153,0,180,153,0
2880,3,880,26437.77,180,153,618.59,-78.21,True,on_dome_path_labels_24_to_1_start_side_pentagon_end_top_centre,180,152,1,180,152,1
2881,3,881,26467.81,181,154,631.05,-94.68,True,on_dome_path_labels_24_to_1_start_side_pentagon_end_top_centre,181,154,0,181,154,0
2882,3,882,26497.85,182,155,643.5,-111.16,True,on_dome_path_labels_24_to_1_start_side_pentagon_end_top_centre,182,155,0,182,155,0
2883,3,883,26527.9,182,156,655.96,-127.63,True,on_dome_path_labels_24_to_1_start_side_pentagon_end_top_centre,182,156,0,182,156,0
2884,3,884,26557.94,183,157,668.41,-144.1,True,on_dome_path_labels_24_to_1_start_side_pentagon_end_top_centre,183,157,0,183,157,0
2885,3,885,26587.98,183,158,680.87,-160.58,True,on_dome_path_labels_24_to_1_start_side_pentagon_end_top_centre,183,158,0,183,158,0
2886,3,886,26618.03,184,158,693.33,-177.05,True,on_dome_path_labels_24_to_1_start_side_pentagon_end_top_centre,184,158,0,184,158,0
2887,3,887,26648.07,185,159,705.78,-193.53,True,on_dome_path_labels_24_to_1_start_side_pentagon_end_top_centre,185,159,0,185,159,0
2888,3,888,26678.11,185,160,718.24,-210.0,True,on_dome_path_labels_24_to_1_start_side_pentagon_end_top_centre,185,160,0,185,160,0
2889,3,889,26708.15,186,161,730.69,-226.47,True,on_dome_path_labels_24_to_1_start_side_pentagon_end_top_centre,186,160,1,186,160,1
2890,3,890,26738.2,187,162,743.15,-242.95,True,on_dome_path_labels_24_to_1_start_side_pentagon_end_top_centre,187,161,1,187,161,1
2891,3,891,26768.24,187,162,755.6,-259.42,True,on_dome_path_labels_24_to_1_start_side_pentagon_end_top_centre,186,162,1,186,162,1
2892,3,892,26798.28,188,163,768.06,-275.9,True,on_dome_path_labels_24_to_1_start_side_pentagon_end_top_centre,188,163,0,188,163,0
2893,3,893,26828.33,188,164,768.04,-283.16,True,on_dome_path_labels_24_to_1_start_side_pentagon_end_top_centre,188,164,0,188,164,0
2894,3,894,26858.37,187,163,748.34,-275.9,True,on_dome_path_labels_24_to_1_start_side_pentagon_end_top_centre,187,163,0,187,163,0
2895,3,895,26888.41,186,163,728.65,-268.64,True,on_dome_path_labels_24_to_1_start_side_pentagon_end_top_centre,186,163,0,186,163,0
2896,3,896,26918.45,185,163,708.96,-261.38,True,on_dome_path_labels_24_to_1_start_side_pentagon_end_top_centre,185,163,0,185,163,0
2897,3,897,26948.5,184,162,689.26,-254.12,True,on_dome_path_labels_24_to_1_start_side_pentagon_end_top_centre,184,162,0,184,162,0
2898,3,898,26978.54,183,162,669.57,-246.86,True,on_dome_path_labels_24_to_1_start_side_pentagon_end_top_centre,183,162,0,183,162,0
2899,3,899,27008.58,182,161,649.88,-239.6,True,on_dome_path_labels_24_to_1_start_side_pentagon_end_top_centre,182,161,0,182,161,0
2900,3,900,27038.63,181,161,630.18,-232.33,True,on_dome_path_labels_24_to_1_start_side_pentagon_end_top_centre,181,161,0,181,161,0
2901,3,901,27068.67,180,161,610.49,-225.07,True,on_dome_path_labels_24_to_1_start_side_pentagon_end_top_centre,180,161,0,180,161,0
2902,3,902,27098.71,179,160,590.8,-217.81,True,on_dome_path_labels_24_to_1_start_side_pentagon_end_top_centre,179,160,0,179,160,0
2903,3,903,27128.76,178,160,571.1,-210.55,True,on_dome_path_labels_24_to_1_start_side_pentagon_end_top_centre,178,160,0,178,160,0
2904,3,904,27158.8,177,160,551.41,-203.29,True,on_dome_path_labels_24_to_1_start_side_pentagon_end_top_centre,177,160,0,177,160,0
2905,3,905,27188.84,176,159,531.72,-196.03,True,on_dome_path_labels_24_to_1_start_side_pentagon_end_top_centre,176,159,0,176,159,0
2906,3,906,27218.88,175,159,512.02,-188.77,True,on_dome_path_labels_24_to_1_start_side_pentagon_end_top_centre,175,159,0,175,159,0
2907,3,907,27248.93,174,159,492.33,-181.51,True,on_dome_path_labels_24_to_1_start_side_pentagon_end_top_centre,174,159,0,174,159,0
2908,3,908,27278.97,173,158,472.64,-174.25,True,on_dome_path_labels_24_to_1_start_side_pentagon_end_top_centre,173,158,0,173,158,0
2909,3,909,27309.01,172,158,452.94,-166.99,True,on_dome_path_labels_24_to_1_start_side_pentagon_end_top_centre,172,158,0,172,158,0
2910,3,910,27339.06,171,157,433.25,-159.73,True,on_dome_path_labels_24_to_1_start_side_pentagon_end_top_centre,171,156,1,171,156,1
2911,3,911,27369.1,170,157,413.56,-152.47,True,on_dome_path_labels_24_to_1_start_side_pentagon_end_top_centre,170,157,0,170,157,0
2912,3,912,27399.14,169,157,393.86,-145.21,True,on_dome_path_labels_24_to_1_start_side_pentagon_end_top_centre,169,157,0,169,157,0
2913,3,913,27429.18,168,156,374.17,-137.95,True,on_dome_path_labels_24_to_1_start_side_pentagon_end_top_centre,168,156,0,168,156,0
2914,3,914,27459.23,167,156,354.48,-130.69,True,on_dome_path_labels_24_to_1_start_side_pentagon_end_top_centre,167,156,0,167,156,0
2915,3,915,27489.27,166,156,334.78,-123.43,True,on_dome_path_labels_24_to_1_start_side_pentagon_end_top_centre,166,156,0,166,156,0
2916,3,916,27519.31,165,155,315.09,-116.17,True,on_dome_path_labels_24_to_1_start_side_pentagon_end_top_centre,165,155,0,165,155,0
2917,3,917,27549.36,164,155,295.4,-108.91,True,on_dome_path_labels_24_to_1_start_side_pentagon_end_top_centre,164,155,0,164,155,0
2918,3,918,27579.4,163,155,275.7,-101.65,True,on_dome_path_labels_24_to_1_start_side_pentagon_end_top_centre,163,155,0,163,155,0
2919,3,919,27609.44,162,154,256.01,-94.39,True,on_dome_path_labels_24_to_1_start_side_pentagon_end_top_centre,162,154,0,162,154,0
2920,3,920,27639.48,161,154,236.32,-87.13,True,on_dome_path_labels_24_to_1_start_side_pentagon_end_top_centre,161,154,0,161,154,0
2921,3,921,27669.53,160,153,216.63,-79.87,True,on_dome_path_labels_24_to_1_start_side_pentagon_end_top_centre,160,153,0,160,153,0
2922,3,922,27699.57,159,153,196.93,-72.6,True,on_dome_path_labels_24_to_1_start_side_pentagon_end_top_centre,159,153,0,159,153,0
2923,3,923,27729.61,158,153,177.24,-65.34,True,on_dome_path_labels_24_to_1_start_side_pentagon_end_top_centre,158,153,0,158,153,0
2924,3,924,27759.66,157,152,157.55,-58.08,True,on_dome_path_labels_24_to_1_start_side_pentagon_end_top_centre,157,152,0,157,152,0
2925,3,925,27789.7,156,152,137.85,-50.82,True,on_dome_path_labels_24_to_1_start_side_pentagon_end_top_centre,156,152,0,157,151,1
2926,3,926,27819.74,155,152,118.16,-43.56,True,on_dome_path_labels_24_to_1_start_side_pentagon_end_top_centre,155,152,0,157,153,2
2927,3,927,27849.79,154,151,98.47,-36.3,True,on_dome_path_labels_24_to_1_start_side_pentagon_end_top_centre,154,151,0,157,150,3
2928,3,928,27879.83,153,151,78.77,-29.04,True,on_dome_path_labels_24_to_1_start_side_pentagon_end_top_centre,153,151,0,156,154,3
2929,3,929,27909.87,152,151,59.08,-21.78,True,on_dome_path_labels_24_to_1_start_side_pentagon_end_top_centre,152,151,0,156,155,4
2930,3,930,27939.91,151,150,39.39,-14.52,True,on_dome_path_labels_24_to_1_start_side_pentagon_end_top_centre,151,150,0,156,146,5
2931,3,931,27969.96,150,150,19.69,-7.26,True,on_dome_path_labels_24_to_1_start_side_pentagon_end_top_centre,150,151,1,153,156,6
2932,3,932,28000.0,150,150,-0.0,0.0,True,on_dome_path_labels_24_to_1_start_side_pentagon_end_top_centre,149,149,1,146,144,6
2933,3,933,28000.0,150,150,0.0,0.0,False,tail_hangs_down_from_top_centre_raw_xy_overlap,,,,154,144,6
2934,3,934,28030.0,150,150,0.0,0.0,False,tail_hangs_down_from_top_centre_raw_xy_overlap,,,,144,146,6
2935,3,935,28060.0,150,150,0.0,0.0,False,tail_hangs_down_from_top_centre_raw_xy_overlap,,,,144,154,6
2936,3,936,28090.0,150,150,0.0,0.0,False,tail_hangs_down_from_top_centre_raw_xy_overlap,,,,146,156,6
2937,3,937,28120.0,150,150,0.0,0.0,False,tail_hangs_down_from_top_centre_raw_xy_overlap,,,,154,156,6
2938,3,938,28150.0,150,150,0.0,0.0,False,tail_hangs_down_from_top_centre_raw_xy_overlap,,,,145,144,6
2939,3,939,28180.0,150,150,0.0,0.0,False,tail_hangs_down_from_top_centre_raw_xy_overlap,,,,155,144,6
2940,3,940,28210.0,150,150,0.0,0.0,False,tail_hangs_down_from_top_centre_raw_xy_overlap,,,,144,145,6
2941,3,941,28240.0,150,150,0.0,0.0,False,tail_hangs_down_from_top_centre_raw_xy_overlap,,,,156,145,6
2942,3,942,28270.0,150,150,0.0,0.0,False,tail_hangs_down_from_top_centre_raw_xy_overlap,,,,144,155,6
2943,3,943,28300.0,150,150,0.0,0.0,False,tail_hangs_down_from_top_centre_raw_xy_overlap,,,,145,156,6
2944,3,944,28330.0,150,150,0.0,0.0,False,tail_hangs_down_from_top_centre_raw_xy_overlap,,,,155,156,6
2945,3,945,28360.0,150,150,0.0,0.0,False,tail_hangs_down_from_top_centre_raw_xy_overlap,,,,144,144,6
2946,3,946,28390.0,150,150,0.0,0.0,False,tail_hangs_down_from_top_centre_raw_xy_overlap,,,,156,144,6
2947,3,947,28420.0,150,150,0.0,0.0,False,tail_hangs_down_from_top_centre_raw_xy_overlap,,,,144,156,6
2948,3,948,28450.0,150,150,0.0,0.0,False,tail_hangs_down_from_top_centre_raw_xy_overlap,,,,156,156,6
2949,3,949,28480.0,150,150,0.0,0.0,False,tail_hangs_down_from_top_centre_raw_xy_overlap,,,,150,143,7
2950,3,950,28510.0,150,150,0.0,0.0,False,tail_hangs_down_from_top_centre_raw_xy_overlap,,,,143,150,7
2951,3,951,28540.0,150,150,0.0,0.0,False,tail_hangs_down_from_top_centre_raw_xy_overlap,,,,150,157,7
2952,3,952,28570.0,150,150,0.0,0.0,False,tail_hangs_down_from_top_centre_raw_xy_overlap,,,,149,143,7
2953,3,953,28600.0,150,150,0.0,0.0,False,tail_hangs_down_from_top_centre_raw_xy_overlap,,,,151,143,7
2954,3,954,28630.0,150,150,0.0,0.0,False,tail_hangs_down_from_top_centre_raw_xy_overlap,,,,143,149,7
2955,3,955,28660.0,150,150,0.0,0.0,False,tail_hangs_down_from_top_centre_raw_xy_overlap,,,,157,149,7
2956,3,956,28690.0,150,150,0.0,0.0,False,tail_hangs_down_from_top_centre_raw_xy_overlap,,,,151,157,7
2957,3,957,28720.0,150,150,0.0,0.0,False,tail_hangs_down_from_top_centre_raw_xy_overlap,,,,148,143,7
2958,3,958,28750.0,150,150,0.0,0.0,False,tail_hangs_down_from_top_centre_raw_xy_overlap,,,,152,143,7
2959,3,959,28780.0,150,150,0.0,0.0,False,tail_hangs_down_from_top_centre_raw_xy_overlap,,,,143,148,7
2960,3,960,28810.0,150,150,0.0,0.0,False,tail_hangs_down_from_top_centre_raw_xy_overlap,,,,157,148,7
2961,3,961,28840.0,150,150,0.0,0.0,False,tail_hangs_down_from_top_centre_raw_xy_overlap,,,,143,152,7
2962,3,962,28870.0,150,150,0.0,0.0,False,tail_hangs_down_from_top_centre_raw_xy_overlap,,,,148,157,7
2963,3,963,28900.0,150,150,0.0,0.0,False,tail_hangs_down_from_top_centre_raw_xy_overlap,,,,152,157,7
2964,3,964,28930.0,150,150,0.0,0.0,False,tail_hangs_down_from_top_centre_raw_xy_overlap,,,,147,143,7
2965,3,965,28960.0,150,150,0.0,0.0,False,tail_hangs_down_from_top_centre_raw_xy_overlap,,,,153,143,7
2966,3,966,28990.0,150,150,0.0,0.0,False,tail_hangs_down_from_top_centre_raw_xy_overlap,,,,143,147,7
2967,3,967,29020.0,150,150,0.0,0.0,False,tail_hangs_down_from_top_centre_raw_xy_overlap,,,,157,147,7
2968,3,968,29050.0,150,150,0.0,0.0,False,tail_hangs_down_from_top_centre_raw_xy_overlap,,,,143,153,7
2969,3,969,29080.0,150,150,0.0,0.0,False,tail_hangs_down_from_top_centre_raw_xy_overlap,,,,147,157,7
2970,3,970,29110.0,150,150,0.0,0.0,False,tail_hangs_down_from_top_centre_raw_xy_overlap,,,,153,157,7
2971,3,971,29140.0,150,150,0.0,0.0,False,tail_hangs_down_from_top_centre_raw_xy_overlap,,,,146,143,7
2972,3,972,29170.0,150,150,0.0,0.0,False,tail_hangs_down_from_top_centre_raw_xy_overlap,,,,154,143,7
2973,3,973,29200.0,150,150,0.0,0.0,False,tail_hangs_down_from_top_centre_raw_xy_overlap,,,,143,146,7
2974,3,974,29230.0,150,150,0.0,0.0,False,tail_hangs_down_from_top_centre_raw_xy_overlap,,,,157,146,7
2975,3,975,29260.0,150,150,0.0,0.0,False,tail_hangs_down_from_top_centre_raw_xy_overlap,,,,143,154,7
2976,3,976,29290.0,150,150,0.0,0.0,False,tail_hangs_down_from_top_centre_raw_xy_overlap,,,,157,154,7
2977,3,977,29320.0,150,150,0.0,0.0,False,tail_hangs_down_from_top_centre_raw_xy_overlap,,,,146,157,7
2978,3,978,29350.0,150,150,0.0,0.0,False,tail_hangs_down_from_top_centre_raw_xy_overlap,,,,154,157,7
2979,3,979,29380.0,150,150,0.0,0.0,False,tail_hangs_down_from_top_centre_raw_xy_overlap,,,,145,143,7
2980,3,980,29410.0,150,150,0.0,0.0,False,tail_hangs_down_from_top_centre_raw_xy_overlap,,,,155,143,7
2981,3,981,29440.0,150,150,0.0,0.0,False,tail_hangs_down_from_top_centre_raw_xy_overlap,,,,143,145,7
2982,3,982,29470.0,150,150,0.0,0.0,False,tail_hangs_down_from_top_centre_raw_xy_overlap,,,,157,145,7
2983,3,983,29500.0,150,150,0.0,0.0,False,tail_hangs_down_from_top_centre_raw_xy_overlap,,,,143,155,7
2984,3,984,29530.0,150,150,0.0,0.0,False,tail_hangs_down_from_top_centre_raw_xy_overlap,,,,157,155,7
2985,3,985,29560.0,150,150,0.0,0.0,False,tail_hangs_down_from_top_centre_raw_xy_overlap,,,,145,157,7
2986,3,986,29590.0,150,150,0.0,0.0,False,tail_hangs_down_from_top_centre_raw_xy_overlap,,,,155,157,7
2987,3,987,29620.0,150,150,0.0,0.0,False,tail_hangs_down_from_top_centre_raw_xy_overlap,,,,144,143,7
2988,3,988,29650.0,150,150,0.0,0.0,False,tail_hangs_down_from_top_centre_raw_xy_overlap,,,,156,143,7
2989,3,989,29680.0,150,150,0.0,0.0,False,tail_hangs_down_from_top_centre_raw_xy_overlap,,,,143,144,7
2990,3,990,29710.0,150,150,0.0,0.0,False,tail_hangs_down_from_top_centre_raw_xy_overlap,,,,157,144,7
2991,3,991,29740.0,150,150,0.0,0.0,False,tail_hangs_down_from_top_centre_raw_xy_overlap,,,,143,156,7
2992,3,992,29770.0,150,150,0.0,0.0,False,tail_hangs_down_from_top_centre_raw_xy_overlap,,,,157,156,7
2993,3,993,29800.0,150,150,0.0,0.0,False,tail_hangs_down_from_top_centre_raw_xy_overlap,,,,144,157,7
2994,3,994,29830.0,150,150,0.0,0.0,False,tail_hangs_down_from_top_centre_raw_xy_overlap,,,,156,157,7
2995,3,995,29860.0,150,150,0.0,0.0,False,tail_hangs_down_from_top_centre_raw_xy_overlap,,,,143,143,7
2996,3,996,29890.0,150,150,0.0,0.0,False,tail_hangs_down_from_top_centre_raw_xy_overlap,,,,157,143,7
2997,3,997,29920.0,150,150,0.0,0.0,False,tail_hangs_down_from_top_centre_raw_xy_overlap,,,,143,157,7
2998,3,998,29950.0,150,150,0.0,0.0,False,tail_hangs_down_from_top_centre_raw_xy_overlap,,,,157,157,7
2999,3,999,29980.0,150,150,0.0,0.0,False,tail_hangs_down_from_top_centre_raw_xy_overlap,,,,150,142,8
3000,4,0,0.0,89,66,-1220.78,1680.26,True,on_dome_path_labels_24_to_1_start_side_pentagon_end_top_centre,89,66,0,89,66,0
3001,4,1,30.04,89,65,-1221.06,1699.84,True,on_dome_path_labels_24_to_1_start_side_pentagon_end_top_centre,89,65,0,89,65,0
3002,4,2,60.09,89,64,-1221.34,1719.43,True,on_dome_path_labels_24_to_1_start_side_pentagon_end_top_centre,89,64,0,89,64,0
3003,4,3,90.13,89,63,-1221.62,1739.01,True,on_dome_path_labels_24_to_1_start_side_pentagon_end_top_centre,89,63,0,89,63,0
3004,4,4,120.17,89,62,-1221.91,1758.6,True,on_dome_path_labels_24_to_1_start_side_pentagon_end_top_centre,89,62,0,89,62,0
3005,4,5,150.21,89,61,-1222.19,1778.18,True,on_dome_path_labels_24_to_1_start_side_pentagon_end_top_centre,89,61,0,89,61,0
3006,4,6,180.26,89,60,-1222.47,1797.77,True,on_dome_path_labels_24_to_1_start_side_pentagon_end_top_centre,89,60,0,89,60,0
3007,4,7,210.3,89,59,-1222.75,1817.35,True,on_dome_path_labels_24_to_1_start_side_pentagon_end_top_centre,89,59,0,89,59,0
3008,4,8,240.34,89,58,-1223.03,1836.94,True,on_dome_path_labels_24_to_1_start_side_pentagon_end_top_centre,89,58,0,89,58,0
3009,4,9,270.39,89,57,-1223.31,1856.52,True,on_dome_path_labels_24_to_1_start_side_pentagon_end_top_centre,89,57,0,89,57,0
3010,4,10,300.43,89,56,-1223.59,1876.11,True,on_dome_path_labels_24_to_1_start_side_pentagon_end_top_centre,89,56,0,89,56,0
3011,4,11,330.47,89,55,-1223.88,1895.69,True,on_dome_path_labels_24_to_1_start_side_pentagon_end_top_centre,89,55,0,89,55,0
3012,4,12,360.52,88,54,-1224.16,1915.28,True,on_dome_path_labels_24_to_1_start_side_pentagon_end_top_centre,88,54,0,88,54,0
3013,4,13,390.56,88,53,-1224.44,1934.86,True,on_dome_path_labels_24_to_1_start_side_pentagon_end_top_centre,88,53,0,88,53,0
3014,4,14,420.6,88,52,-1224.72,1954.45,True,on_dome_path_labels_24_to_1_start_side_pentagon_end_top_centre,88,52,0,88,52,0
3015,4,15,450.64,88,51,-1225.0,1974.03,True,on_dome_path_labels_24_to_1_start_side_pentagon_end_top_centre,88,51,0,88,51,0
3016,4,16,480.69,88,50,-1225.28,1993.62,True,on_dome_path_labels_24_to_1_start_side_pentagon_end_top_centre,88,50,0,88,50,0
3017,4,17,510.73,88,49,-1225.57,2013.2,True,on_dome_path_labels_24_to_1_start_side_pentagon_end_top_centre,88,49,0,88,49,0
3018,4,18,540.77,88,48,-1225.85,2032.78,True,on_dome_path_labels_24_to_1_start_side_pentagon_end_top_centre,88,48,0,88,48,0
3019,4,19,570.82,88,47,-1226.13,2052.37,True,on_dome_path_labels_24_to_1_start_side_pentagon_end_top_centre,88,47,0,88,47,0
3020,4,20,600.86,88,46,-1226.41,2071.95,True,on_dome_path_labels_24_to_1_start_side_pentagon_end_top_centre,88,46,0,88,46,0
3021,4,21,630.9,88,45,-1226.69,2091.54,True,on_dome_path_labels_24_to_1_start_side_pentagon_end_top_centre,88,45,0,88,45,0
3022,4,22,660.94,88,44,-1226.97,2111.12,True,on_dome_path_labels_24_to_1_start_side_pentagon_end_top_centre,88,44,0,88,44,0
3023,4,23,690.99,88,43,-1227.25,2130.71,True,on_dome_path_labels_24_to_1_start_side_pentagon_end_top_centre,88,43,0,88,43,0
3024,4,24,721.03,88,42,-1227.54,2150.29,True,on_dome_path_labels_24_to_1_start_side_pentagon_end_top_centre,88,42,0,88,42,0
3025,4,25,751.07,88,41,-1227.82,2169.88,True,on_dome_path_labels_24_to_1_start_side_pentagon_end_top_centre,88,41,0,88,41,0
3026,4,26,781.12,88,40,-1228.1,2189.46,True,on_dome_path_labels_24_to_1_start_side_pentagon_end_top_centre,88,40,0,88,40,0
3027,4,27,811.16,88,39,-1228.38,2209.05,True,on_dome_path_labels_24_to_1_start_side_pentagon_end_top_centre,88,39,0,88,39,0
3028,4,28,841.2,88,38,-1228.66,2228.63,True,on_dome_path_labels_24_to_1_start_side_pentagon_end_top_centre,88,38,0,88,38,0
3029,4,29,871.24,88,37,-1228.94,2248.22,True,on_dome_path_labels_24_to_1_start_side_pentagon_end_top_centre,88,37,0,88,37,0
3030,4,30,901.29,88,36,-1229.23,2267.8,True,on_dome_path_labels_24_to_1_start_side_pentagon_end_top_centre,88,36,0,88,36,0
3031,4,31,931.33,88,36,-1229.51,2287.39,True,on_dome_path_labels_24_to_1_start_side_pentagon_end_top_centre,88,35,1,88,35,1
3032,4,32,961.37,88,35,-1229.79,2306.97,True,on_dome_path_labels_24_to_1_start_side_pentagon_end_top_centre,88,34,1,88,34,1
3033,4,33,991.42,88,34,-1230.07,2326.56,True,on_dome_path_labels_24_to_1_start_side_pentagon_end_top_centre,88,33,1,88,33,1
3034,4,34,1021.46,88,33,-1230.35,2346.14,True,on_dome_path_labels_24_to_1_start_side_pentagon_end_top_centre,88,32,1,88,32,1
3035,4,35,1051.5,88,32,-1230.63,2365.73,True,on_dome_path_labels_24_to_1_start_side_pentagon_end_top_centre,88,31,1,88,31,1
3036,4,36,1081.55,88,31,-1230.91,2385.31,True,on_dome_path_labels_24_to_1_start_side_pentagon_end_top_centre,88,30,1,88,30,1
3037,4,37,1111.59,88,30,-1231.2,2404.9,True,on_dome_path_labels_24_to_1_start_side_pentagon_end_top_centre,88,29,1,88,29,1
3038,4,38,1141.63,88,29,-1231.48,2424.48,True,on_dome_path_labels_24_to_1_start_side_pentagon_end_top_centre,88,28,1,88,28,1
3039,4,39,1171.67,87,29,-1245.65,2420.01,True,on_dome_path_labels_24_to_1_start_side_pentagon_end_top_centre,87,29,0,87,29,0
3040,4,40,1201.72,86,30,-1265.2,2406.25,True,on_dome_path_labels_24_to_1_start_side_pentagon_end_top_centre,86,30,0,86,30,0
3041,4,41,1231.76,85,30,-1284.74,2392.49,True,on_dome_path_labels_24_to_1_start_side_pentagon_end_top_centre,85,30,0,85,30,0
3042,4,42,1261.8,85,31,-1304.28,2378.73,True,on_dome_path_labels_24_to_1_start_side_pentagon_end_top_centre,85,31,0,85,31,0
3043,4,43,1291.85,84,32,-1323.82,2364.97,True,on_dome_path_labels_24_to_1_start_side_pentagon_end_top_centre,84,32,0,84,32,0
3044,4,44,1321.89,83,32,-1343.36,2351.22,True,on_dome_path_labels_24_to_1_start_side_pentagon_end_top_centre,83,32,0,83,32,0
3045,4,45,1351.93,82,33,-1362.9,2337.46,True,on_dome_path_labels_24_to_1_start_side_pentagon_end_top_centre,82,33,0,82,33,0
3046,4,46,1381.97,81,34,-1382.44,2323.7,True,on_dome_path_labels_24_to_1_start_side_pentagon_end_top_centre,81,34,0,81,34,0
3047,4,47,1412.02,80,34,-1401.99,2309.94,True,on_dome_path_labels_24_to_1_start_side_pentagon_end_top_centre,80,34,0,80,34,0
3048,4,48,1442.06,79,35,-1421.53,2296.18,True,on_dome_path_labels_24_to_1_start_side_pentagon_end_top_centre,79,35,0,79,35,0
3049,4,49,1472.1,78,36,-1441.07,2282.42,True,on_dome_path_labels_24_to_1_start_side_pentagon_end_top_centre,78,36,0,78,36,0
3050,4,50,1502.15,77,36,-1460.61,2268.66,True,on_dome_path_labels_24_to_1_start_side_pentagon_end_top_centre,77,36,0,77,36,0
3051,4,51,1532.19,76,37,-1480.15,2254.9,True,on_dome_path_labels_24_to_1_start_side_pentagon_end_top_centre,76,37,0,76,37,0
3052,4,52,1562.23,75,38,-1499.69,2241.14,True,on_dome_path_labels_24_to_1_start_side_pentagon_end_top_centre,75,38,0,75,38,0
3053,4,53,1592.27,74,39,-1519.24,2227.38,True,on_dome_path_labels_24_to_1_start_side_pentagon_end_top_centre,74,39,0,74,39,0
3054,4,54,1622.32,73,39,-1538.78,2213.63,True,on_dome_path_labels_24_to_1_start_side_pentagon_end_top_centre,73,39,0,73,39,0
3055,4,55,1652.36,72,40,-1558.32,2199.87,True,on_dome_path_labels_24_to_1_start_side_pentagon_end_top_centre,72,40,0,72,40,0
3056,4,56,1682.4,71,41,-1577.86,2186.11,True,on_dome_path_labels_24_to_1_start_side_pentagon_end_top_centre,71,41,0,71,41,0
3057,4,57,1712.45,70,41,-1597.4,2172.35,True,on_dome_path_labels_24_to_1_start_side_pentagon_end_top_centre,70,41,0,70,41,0
3058,4,58,1742.49,69,42,-1616.94,2158.59,True,on_dome_path_labels_24_to_1_start_side_pentagon_end_top_centre,69,42,0,69,42,0
3059,4,59,1772.53,68,43,-1636.49,2144.83,True,on_dome_path_labels_24_to_1_start_side_pentagon_end_top_centre,68,43,0,68,43,0
3060,4,60,1802.58,67,43,-1656.03,2131.07,True,on_dome_path_labels_24_to_1_start_side_pentagon_end_top_centre,67,43,0,67,43,0
3061,4,61,1832.62,66,44,-1675.57,2117.31,True,on_dome_path_labels_24_to_1_start_side_pentagon_end_top_centre,66,44,0,66,44,0
3062,4,62,1862.66,65,45,-1695.11,2103.55,True,on_dome_path_labels_24_to_1_start_side_pentagon_end_top_centre,65,45,0,65,45,0
3063,4,63,1892.7,64,45,-1714.65,2089.8,True,on_dome_path_labels_24_to_1_start_side_pentagon_end_top_centre,64,45,0,64,45,0
3064,4,64,1922.75,63,46,-1734.19,2076.04,True,on_dome_path_labels_24_to_1_start_side_pentagon_end_top_centre,63,46,0,63,46,0
3065,4,65,1952.79,62,47,-1753.73,2062.28,True,on_dome_path_labels_24_to_1_start_side_pentagon_end_top_centre,62,47,0,62,47,0
3066,4,66,1982.83,61,47,-1773.28,2048.52,True,on_dome_path_labels_24_to_1_start_side_pentagon_end_top_centre,61,47,0,61,47,0
3067,4,67,2012.88,60,48,-1792.82,2034.76,True,on_dome_path_labels_24_to_1_start_side_pentagon_end_top_centre,60,48,0,60,48,0
3068,4,68,2042.92,59,49,-1812.36,2021.0,True,on_dome_path_labels_24_to_1_start_side_pentagon_end_top_centre,59,49,0,59,49,0
3069,4,69,2072.96,58,49,-1831.9,2007.24,True,on_dome_path_labels_24_to_1_start_side_pentagon_end_top_centre,58,49,0,58,49,0
3070,4,70,2103.0,57,50,-1851.44,1993.48,True,on_dome_path_labels_24_to_1_start_side_pentagon_end_top_centre,57,50,0,57,50,0
3071,4,71,2133.05,56,51,-1870.98,1979.72,True,on_dome_path_labels_24_to_1_start_side_pentagon_end_top_centre,56,51,0,56,51,0
3072,4,72,2163.09,55,52,-1890.53,1965.96,True,on_dome_path_labels_24_to_1_start_side_pentagon_end_top_centre,55,52,0,55,52,0
3073,4,73,2193.13,54,52,-1910.07,1952.21,True,on_dome_path_labels_24_to_1_start_side_pentagon_end_top_centre,54,52,0,54,52,0
3074,4,74,2223.18,53,53,-1929.61,1938.45,True,on_dome_path_labels_24_to_1_start_side_pentagon_end_top_centre,53,53,0,53,53,0
3075,4,75,2253.22,52,54,-1949.15,1924.69,True,on_dome_path_labels_24_to_1_start_side_pentagon_end_top_centre,52,54,0,52,54,0
3076,4,76,2283.26,51,54,-1968.69,1910.93,True,on_dome_path_labels_24_to_1_start_side_pentagon_end_top_centre,51,54,0,51,54,0
3077,4,77,2313.3,51,55,-1986.3,1895.04,True,on_dome_path_labels_24_to_1_start_side_pentagon_end_top_centre,51,55,0,51,55,0
3078,4,78,2343.35,50,56,-2001.46,1876.47,True,on_dome_path_labels_24_to_1_start_side_pentagon_end_top_centre,50,56,0,50,56,0
3079,4,79,2373.39,49,57,-2016.63,1857.9,True,on_dome_path_labels_24_to_1_start_side_pentagon_end_top_centre,49,57,0,49,57,0
3080,4,80,2403.43,48,58,-2031.8,1839.32,True,on_dome_path_labels_24_to_1_start_side_pentagon_end_top_centre,48,58,0,48,58,0
3081,4,81,2433.48,47,59,-2046.97,1820.75,True,on_dome_path_labels_24_to_1_start_side_pentagon_end_top_centre,47,59,0,47,59,0
3082,4,82,2463.52,47,60,-2062.13,1802.18,True,on_dome_path_labels_24_to_1_start_side_pentagon_end_top_centre,47,60,0,47,60,0
3083,4,83,2493.56,46,61,-2077.3,1783.61,True,on_dome_path_labels_24_to_1_start_side_pentagon_end_top_centre,46,61,0,46,61,0
3084,4,84,2523.61,45,62,-2092.47,1765.04,True,on_dome_path_labels_24_to_1_start_side_pentagon_end_top_centre,45,62,0,45,62,0
3085,4,85,2553.65,44,62,-2107.64,1746.47,True,on_dome_path_labels_24_to_1_start_side_pentagon_end_top_centre,44,62,0,44,62,0
3086,4,86,2583.69,44,63,-2122.8,1727.9,True,on_dome_path_labels_24_to_1_start_side_pentagon_end_top_centre,44,63,0,44,63,0
3087,4,87,2613.73,43,64,-2137.97,1709.32,True,on_dome_path_labels_24_to_1_start_side_pentagon_end_top_centre,43,64,0,43,64,0
3088,4,88,2643.78,42,65,-2153.14,1690.75,True,on_dome_path_labels_24_to_1_start_side_pentagon_end_top_centre,42,65,0,42,65,0
3089,4,89,2673.82,41,66,-2168.31,1672.18,True,on_dome_path_labels_24_to_1_start_side_pentagon_end_top_centre,41,66,0,41,66,0
3090,4,90,2703.86,41,67,-2183.47,1653.61,True,on_dome_path_labels_24_to_1_start_side_pentagon_end_top_centre,41,67,0,41,67,0
3091,4,91,2733.91,40,68,-2198.64,1635.04,True,on_dome_path_labels_24_to_1_start_side_pentagon_end_top_centre,40,68,0,40,68,0
3092,4,92,2763.95,39,69,-2213.81,1616.47,True,on_dome_path_labels_24_to_1_start_side_pentagon_end_top_centre,39,69,0,39,69,0
3093,4,93,2793.99,38,70,-2228.98,1597.9,True,on_dome_path_labels_24_to_1_start_side_pentagon_end_top_centre,38,70,0,38,70,0
3094,4,94,2824.03,38,71,-2244.14,1579.32,True,on_dome_path_labels_24_to_1_start_side_pentagon_end_top_centre,38,71,0,38,71,0
3095,4,95,2854.08,37,72,-2259.31,1560.75,True,on_dome_path_labels_24_to_1_start_side_pentagon_end_top_centre,37,72,0,37,72,0
3096,4,96,2884.12,36,73,-2274.48,1542.18,True,on_dome_path_labels_24_to_1_start_side_pentagon_end_top_centre,36,73,0,36,73,0
3097,4,97,2914.16,35,74,-2289.65,1523.61,True,on_dome_path_labels_24_to_1_start_side_pentagon_end_top_centre,35,74,0,35,74,0
3098,4,98,2944.21,35,74,-2304.81,1505.04,True,on_dome_path_labels_24_to_1_start_side_pentagon_end_top_centre,35,73,1,35,73,1
3099,4,99,2974.25,34,75,-2319.98,1486.47,True,on_dome_path_labels_24_to_1_start_side_pentagon_end_top_centre,34,75,0,34,75,0
3100,4,100,3004.29,33,76,-2335.15,1467.9,True,on_dome_path_labels_24_to_1_start_side_pentagon_end_top_centre,33,76,0,33,76,0
3101,4,101,3034.33,32,77,-2350.32,1449.32,True,on_dome_path_labels_24_to_1_start_side_pentagon_end_top_centre,32,77,0,32,77,0
3102,4,102,3064.38,32,78,-2365.48,1430.75,True,on_dome_path_labels_24_to_1_start_side_pentagon_end_top_centre,32,78,0,32,78,0
3103,4,103,3094.42,31,79,-2380.65,1412.18,True,on_dome_path_labels_24_to_1_start_side_pentagon_end_top_centre,31,79,0,31,79,0
3104,4,104,3124.46,30,80,-2395.82,1393.61,True,on_dome_path_labels_24_to_1_start_side_pentagon_end_top_centre,30,80,0,30,80,0
3105,4,105,3154.51,29,81,-2410.99,1375.04,True,on_dome_path_labels_24_to_1_start_side_pentagon_end_top_centre,29,81,0,29,81,0
3106,4,106,3184.55,29,82,-2426.15,1356.47,True,on_dome_path_labels_24_to_1_start_side_pentagon_end_top_centre,29,82,0,29,82,0
3107,4,107,3214.59,28,83,-2441.32,1337.9,True,on_dome_path_labels_24_to_1_start_side_pentagon_end_top_centre,28,83,0,28,83,0
3108,4,108,3244.64,27,84,-2456.49,1319.32,True,on_dome_path_labels_24_to_1_start_side_pentagon_end_top_centre,27,84,0,27,84,0
3109,4,109,3274.68,26,85,-2471.66,1300.75,True,on_dome_path_labels_24_to_1_start_side_pentagon_end_top_centre,26,85,0,26,85,0
3110,4,110,3304.72,26,86,-2486.82,1282.18,True,on_dome_path_labels_24_to_1_start_side_pentagon_end_top_centre,26,86,0,26,86,0
3111,4,111,3334.76,25,87,-2501.99,1263.61,True,on_dome_path_labels_24_to_1_start_side_pentagon_end_top_centre,25,87,0,25,87,0
3112,4,112,3364.81,24,87,-2517.16,1245.04,True,on_dome_path_labels_24_to_1_start_side_pentagon_end_top_centre,24,87,0,24,87,0
3113,4,113,3394.85,23,88,-2532.33,1226.47,True,on_dome_path_labels_24_to_1_start_side_pentagon_end_top_centre,23,88,0,23,88,0
3114,4,114,3424.89,23,89,-2547.49,1207.9,True,on_dome_path_labels_24_to_1_start_side_pentagon_end_top_centre,23,89,0,23,89,0
3115,4,115,3454.94,22,90,-2561.77,1189.96,True,on_dome_path_labels_24_to_1_start_side_pentagon_end_top_centre,22,90,0,22,90,0
3116,4,116,3484.98,21,91,-2571.53,1175.29,True,on_dome_path_labels_24_to_1_start_side_pentagon_end_top_centre,21,91,0,21,91,0
3117,4,117,3515.02,21,92,-2581.29,1160.62,True,on_dome_path_labels_24_to_1_start_side_pentagon_end_top_centre,21,92,0,21,92,0
3118,4,118,3545.06,20,92,-2591.05,1145.94,True,on_dome_path_labels_24_to_1_start_side_pentagon_end_top_centre,20,92,0,20,92,0
3119,4,119,3575.11,20,93,-2600.81,1131.27,True,on_dome_path_labels_24_to_1_start_side_pentagon_end_top_centre,20,93,0,20,93,0
3120,4,120,3605.15,19,94,-2610.56,1116.6,True,on_dome_path_labels_24_to_1_start_side_pentagon_end_top_centre,19,94,0,19,94,0
3121,4,121,3635.19,19,95,-2620.32,1101.92,True,on_dome_path_labels_24_to_1_start_side_pentagon_end_top_centre,19,95,0,19,95,0
3122,4,122,3665.24,18,95,-2630.08,1087.25,True,on_dome_path_labels_24_to_1_start_side_pentagon_end_top_centre,18,95,0,18,95,0
3123,4,123,3695.28,18,96,-2639.84,1072.58,True,on_dome_path_labels_24_to_1_start_side_pentagon_end_top_centre,18,96,0,18,96,0
3124,4,124,3725.32,17,97,-2649.6,1057.9,True,on_dome_path_labels_24_to_1_start_side_pentagon_end_top_centre,17,97,0,17,97,0
3125,4,125,3755.36,17,98,-2659.36,1043.23,True,on_dome_path_labels_24_to_1_start_side_pentagon_end_top_centre,17,98,0,17,98,0
3126,4,126,3785.41,16,98,-2669.12,1028.56,True,on_dome_path_labels_24_to_1_start_side_pentagon_end_top_centre,16,98,0,16,98,0
3127,4,127,3815.45,16,99,-2678.87,1013.88,True,on_dome_path_labels_24_to_1_start_side_pentagon_end_top_centre,16,99,0,16,99,0
3128,4,128,3845.49,16,100,-2688.63,999.21,True,on_dome_path_labels_24_to_1_start_side_pentagon_end_top_centre,16,100,0,16,100,0
3129,4,129,3875.54,15,100,-2698.39,984.53,True,on_dome_path_labels_24_to_1_start_side_pentagon_end_top_centre,15,100,0,15,100,0
3130,4,130,3905.58,15,101,-2708.15,969.86,True,on_dome_path_labels_24_to_1_start_side_pentagon_end_top_centre,15,101,0,15,101,0
3131,4,131,3935.62,14,102,-2717.91,955.19,True,on_dome_path_labels_24_to_1_start_side_pentagon_end_top_centre,14,102,0,14,102,0
3132,4,132,3965.67,14,103,-2727.67,940.51,True,on_dome_path_labels_24_to_1_start_side_pentagon_end_top_centre,14,103,0,14,103,0
3133,4,133,3995.71,13,103,-2737.42,925.84,True,on_dome_path_labels_24_to_1_start_side_pentagon_end_top_centre,13,103,0,13,103,0
3134,4,134,4025.75,13,104,-2747.18,911.17,True,on_dome_path_labels_24_to_1_start_side_pentagon_end_top_centre,13,104,0,13,104,0
3135,4,135,4055.79,12,105,-2756.94,896.49,True,on_dome_path_labels_24_to_1_start_side_pentagon_end_top_centre,12,105,0,12,105,0
3136,4,136,4085.84,12,106,-2766.7,881.82,True,on_dome_path_labels_24_to_1_start_side_pentagon_end_top_centre,12,106,0,12,106,0
3137,4,137,4115.88,11,106,-2776.46,867.15,True,on_dome_path_labels_24_to_1_start_side_pentagon_end_top_centre,11,106,0,11,106,0
3138,4,138,4145.92,11,107,-2786.22,852.47,True,on_dome_path_labels_24_to_1_start_side_pentagon_end_top_centre,11,107,0,11,107,0
3139,4,139,4175.97,10,108,-2795.98,837.8,True,on_dome_path_labels_24_to_1_start_side_pentagon_end_top_centre,10,108,0,10,108,0
3140,4,140,4206.01,10,108,-2805.73,823.13,True,on_dome_path_labels_24_to_1_start_side_pentagon_end_top_centre,10,107,1,10,107,1
3141,4,141,4236.05,9,109,-2815.49,808.45,True,on_dome_path_labels_24_to_1_start_side_pentagon_end_top_centre,9,109,0,9,109,0
3142,4,142,4266.09,9,110,-2825.25,793.78,True,on_dome_path_labels_24_to_1_start_side_pentagon_end_top_centre,9,110,0,9,110,0
3143,4,143,4296.14,8,111,-2835.01,779.11,True,on_dome_path_labels_24_to_1_start_side_pentagon_end_top_centre,8,111,0,8,111,0
3144,4,144,4326.18,8,111,-2844.77,764.43,True,on_dome_path_labels_24_to_1_start_side_pentagon_end_top_centre,8,110,1,8,110,1
3145,4,145,4356.22,7,112,-2854.53,749.76,True,on_dome_path_labels_24_to_1_start_side_pentagon_end_top_centre,7,112,0,7,112,0
3146,4,146,4386.27,7,113,-2864.28,735.08,True,on_dome_path_labels_24_to_1_start_side_pentagon_end_top_centre,7,113,0,7,113,0
3147,4,147,4416.31,6,114,-2874.04,720.41,True,on_dome_path_labels_24_to_1_start_side_pentagon_end_top_centre,6,114,0,6,114,0
3148,4,148,4446.35,6,114,-2883.8,705.74,True,on_dome_path_labels_24_to_1_start_side_pentagon_end_top_centre,6,113,1,6,113,1
3149,4,149,4476.39,5,115,-2893.56,691.06,True,on_dome_path_labels_24_to_1_start_side_pentagon_end_top_centre,5,115,0,5,115,0
3150,4,150,4506.44,5,116,-2903.32,676.39,True,on_dome_path_labels_24_to_1_start_side_pentagon_end_top_centre,5,116,0,5,116,0
3151,4,151,4536.48,4,117,-2913.08,661.72,True,on_dome_path_labels_24_to_1_start_side_pentagon_end_top_centre,4,117,0,4,117,0
3152,4,152,4566.52,4,117,-2922.84,647.04,True,on_dome_path_labels_24_to_1_start_side_pentagon_end_top_centre,4,116,1,4,116,1
3153,4,153,4596.57,3,118,-2932.59,632.37,True,on_dome_path_labels_24_to_1_start_side_pentagon_end_top_centre,3,118,0,3,118,0
3154,4,154,4626.61,4,118,-2915.55,624.75,True,on_dome_path_labels_24_to_1_start_side_pentagon_end_top_centre,4,118,0,4,118,0
3155,4,155,4656.65,5,119,-2895.06,618.04,True,on_dome_path_labels_24_to_1_start_side_pentagon_end_top_centre,5,119,0,5,119,0
3156,4,156,4686.7,6,119,-2874.56,611.33,True,on_dome_path_labels_24_to_1_start_side_pentagon_end_top_centre,6,119,0,6,119,0
3157,4,157,4716.74,7,119,-2854.06,604.63,True,on_dome_path_labels_24_to_1_start_side_pentagon_end_top_centre,7,119,0,7,119,0
3158,4,158,4746.78,8,120,-2833.57,597.92,True,on_dome_path_labels_24_to_1_start_side_pentagon_end_top_centre,8,120,0,8,120,0
3159,4,159,4776.82,9,120,-2813.07,591.21,True,on_dome_path_labels_24_to_1_start_side_pentagon_end_top_centre,9,120,0,9,120,0
3160,4,160,4806.87,10,120,-2792.57,584.5,True,on_dome_path_labels_24_to_1_start_side_pentagon_end_top_centre,10,120,0,10,120,0
3161,4,161,4836.91,11,121,-2772.07,577.79,True,on_dome_path_labels_24_to_1_start_side_pentagon_end_top_centre,11,121,0,11,121,0
3162,4,162,4866.95,12,121,-2751.58,571.08,True,on_dome_path_labels_24_to_1_start_side_pentagon_end_top_centre,12,121,0,12,121,0
3163,4,163,4897.0,13,121,-2731.08,564.37,True,on_dome_path_labels_24_to_1_start_side_pentagon_end_top_centre,13,121,0,13,121,0
3164,4,164,4927.04,14,122,-2710.58,557.66,True,on_dome_path_labels_24_to_1_start_side_pentagon_end_top_centre,14,122,0,14,122,0
3165,4,165,4957.08,15,122,-2690.08,550.96,True,on_dome_path_labels_24_to_1_start_side_pentagon_end_top_centre,15,122,0,15,122,0
3166,4,166,4987.12,16,122,-2669.59,544.25,True,on_dome_path_labels_24_to_1_start_side_pentagon_end_top_centre,16,122,0,16,122,0
3167,4,167,5017.17,17,123,-2649.09,537.54,True,on_dome_path_labels_24_to_1_start_side_pentagon_end_top_centre,17,123,0,17,123,0
3168,4,168,5047.21,19,123,-2628.59,530.83,True,on_dome_path_labels_24_to_1_start_side_pentagon_end_top_centre,19,123,0,19,123,0
3169,4,169,5077.25,20,123,-2608.1,524.12,True,on_dome_path_labels_24_to_1_start_side_pentagon_end_top_centre,20,123,0,20,123,0
3170,4,170,5107.3,21,124,-2587.6,517.41,True,on_dome_path_labels_24_to_1_start_side_pentagon_end_top_centre,21,124,0,21,124,0
3171,4,171,5137.34,22,124,-2567.1,510.7,True,on_dome_path_labels_24_to_1_start_side_pentagon_end_top_centre,22,124,0,22,124,0
3172,4,172,5167.38,23,124,-2546.6,504.0,True,on_dome_path_labels_24_to_1_start_side_pentagon_end_top_centre,23,124,0,23,124,0
3173,4,173,5197.42,24,125,-2526.11,497.29,True,on_dome_path_labels_24_to_1_start_side_pentagon_end_top_centre,24,125,0,24,125,0
3174,4,174,5227.47,25,125,-2505.61,490.58,True,on_dome_path_labels_24_to_1_start_side_pentagon_end_top_centre,25,125,0,25,125,0
3175,4,175,5257.51,26,125,-2485.11,483.87,True,on_dome_path_labels_24_to_1_start_side_pentagon_end_top_centre,26,125,0,26,125,0
3176,4,176,5287.55,27,126,-2464.62,477.16,True,on_dome_path_labels_24_to_1_start_side_pentagon_end_top_centre,27,126,0,27,126,0
3177,4,177,5317.6,28,126,-2444.12,470.45,True,on_dome_path_labels_24_to_1_start_side_pentagon_end_top_centre,28,126,0,28,126,0
3178,4,178,5347.64,29,126,-2423.62,463.74,True,on_dome_path_labels_24_to_1_start_side_pentagon_end_top_centre,29,126,0,29,126,0
3179,4,179,5377.68,30,127,-2403.12,457.04,True,on_dome_path_labels_24_to_1_start_side_pentagon_end_top_centre,30,127,0,30,127,0
3180,4,180,5407.73,31,127,-2382.63,450.33,True,on_dome_path_labels_24_to_1_start_side_pentagon_end_top_centre,31,127,0,31,127,0
3181,4,181,5437.77,32,127,-2362.13,443.62,True,on_dome_path_labels_24_to_1_start_side_pentagon_end_top_centre,32,127,0,32,127,0
3182,4,182,5467.81,33,128,-2341.63,436.91,True,on_dome_path_labels_24_to_1_start_side_pentagon_end_top_centre,33,128,0,33,128,0
3183,4,183,5497.85,34,128,-2321.13,430.2,True,on_dome_path_labels_24_to_1_start_side_pentagon_end_top_centre,34,128,0,34,128,0
3184,4,184,5527.9,35,128,-2300.64,423.49,True,on_dome_path_labels_24_to_1_start_side_pentagon_end_top_centre,35,128,0,35,128,0
3185,4,185,5557.94,36,129,-2280.14,416.78,True,on_dome_path_labels_24_to_1_start_side_pentagon_end_top_centre,36,129,0,36,129,0
3186,4,186,5587.98,37,129,-2259.64,410.08,True,on_dome_path_labels_24_to_1_start_side_pentagon_end_top_centre,37,129,0,37,129,0
3187,4,187,5618.03,38,129,-2239.15,403.37,True,on_dome_path_labels_24_to_1_start_side_pentagon_end_top_centre,38,129,0,38,129,0
3188,4,188,5648.07,39,130,-2218.65,396.66,True,on_dome_path_labels_24_to_1_start_side_pentagon_end_top_centre,39,130,0,39,130,0
3189,4,189,5678.11,40,130,-2198.15,389.95,True,on_dome_path_labels_24_to_1_start_side_pentagon_end_top_centre,40,130,0,40,130,0
3190,4,190,5708.15,41,130,-2177.65,383.24,True,on_dome_path_labels_24_to_1_start_side_pentagon_end_top_centre,41,130,0,41,130,0
3191,4,191,5738.2,42,131,-2157.16,376.53,True,on_dome_path_labels_24_to_1_start_side_pentagon_end_top_centre,42,131,0,42,131,0
3192,4,192,5768.24,42,130,-2155.58,386.63,True,on_dome_path_labels_24_to_1_start_side_pentagon_end_top_centre,42,130,0,42,130,0
3193,4,193,5798.28,42,129,-2166.24,407.61,True,on_dome_path_labels_24_to_1_start_side_pentagon_end_top_centre,42,129,0,42,129,0
3194,4,194,5828.33,41,128,-2176.9,428.58,True,on_dome_path_labels_24_to_1_start_side_pentagon_end_top_centre,41,128,0,41,128,0
3195,4,195,5858.37,40,127,-2187.56,449.56,True,on_dome_path_labels_24_to_1_start_side_pentagon_end_top_centre,40,127,0,40,127,0
3196,4,196,5888.41,40,126,-2198.22,470.53,True,on_dome_path_labels_24_to_1_start_side_pentagon_end_top_centre,40,126,0,40,126,0
3197,4,197,5918.45,39,125,-2208.88,491.51,True,on_dome_path_labels_24_to_1_start_side_pentagon_end_top_centre,39,125,0,39,125,0
3198,4,198,5948.5,39,124,-2219.54,512.49,True,on_dome_path_labels_24_to_1_start_side_pentagon_end_top_centre,39,124,0,39,124,0
3199,4,199,5978.54,38,123,-2230.21,533.46,True,on_dome_path_labels_24_to_1_start_side_pentagon_end_top_centre,38,123,0,38,123,0
3200,4,200,6008.58,38,122,-2240.87,554.44,True,on_dome_path_labels_24_to_1_start_side_pentagon_end_top_centre,38,122,0,38,122,0
3201,4,201,6038.63,37,121,-2251.53,575.41,True,on_dome_path_labels_24_to_1_start_side_pentagon_end_top_centre,37,121,0,37,121,0
3202,4,202,6068.67,37,120,-2262.19,596.39,True,on_dome_path_labels_24_to_1_start_side_pentagon_end_top_centre,37,120,0,37,120,0
3203,4,203,6098.71,36,119,-2272.85,617.36,True,on_dome_path_labels_24_to_1_start_side_pentagon_end_top_centre,36,119,0,36,119,0
3204,4,204,6128.76,36,118,-2283.51,638.34,True,on_dome_path_labels_24_to_1_start_side_pentagon_end_top_centre,36,118,0,36,118,0
3205,4,205,6158.8,35,117,-2294.17,659.31,True,on_dome_path_labels_24_to_1_start_side_pentagon_end_top_centre,35,117,0,35,117,0
3206,4,206,6188.84,35,116,-2304.83,680.29,True,on_dome_path_labels_24_to_1_start_side_pentagon_end_top_centre,35,116,0,35,116,0
3207,4,207,6218.88,34,115,-2315.49,701.27,True,on_dome_path_labels_24_to_1_start_side_pentagon_end_top_centre,34,115,0,34,115,0
3208,4,208,6248.93,34,114,-2326.16,722.24,True,on_dome_path_labels_24_to_1_start_side_pentagon_end_top_centre,34,114,0,34,114,0
3209,4,209,6278.97,33,112,-2336.82,743.22,True,on_dome_path_labels_24_to_1_start_side_pentagon_end_top_centre,33,112,0,33,112,0
3210,4,210,6309.01,33,111,-2347.48,764.19,True,on_dome_path_labels_24_to_1_start_side_pentagon_end_top_centre,33,111,0,33,111,0
3211,4,211,6339.06,32,110,-2358.14,785.17,True,on_dome_path_labels_24_to_1_start_side_pentagon_end_top_centre,32,110,0,32,110,0
3212,4,212,6369.1,31,109,-2368.8,806.14,True,on_dome_path_labels_24_to_1_start_side_pentagon_end_top_centre,31,109,0,31,109,0
3213,4,213,6399.14,31,108,-2379.46,827.12,True,on_dome_path_labels_24_to_1_start_side_pentagon_end_top_centre,31,108,0,31,108,0
3214,4,214,6429.18,30,107,-2390.12,848.09,True,on_dome_path_labels_24_to_1_start_side_pentagon_end_top_centre,30,107,0,30,107,0
3215,4,215,6459.23,30,106,-2400.78,869.07,True,on_dome_path_labels_24_to_1_start_side_pentagon_end_top_centre,30,106,0,30,106,0
3216,4,216,6489.27,29,105,-2411.45,890.04,True,on_dome_path_labels_24_to_1_start_side_pentagon_end_top_centre,29,105,0,29,105,0
3217,4,217,6519.31,29,104,-2422.11,911.02,True,on_dome_path_labels_24_to_1_start_side_pentagon_end_top_centre,29,104,0,29,104,0
3218,4,218,6549.36,28,103,-2432.77,932.0,True,on_dome_path_labels_24_to_1_start_side_pentagon_end_top_centre,28,103,0,28,103,0
3219,4,219,6579.4,28,102,-2443.43,952.97,True,on_dome_path_labels_24_to_1_start_side_pentagon_end_top_centre,28,102,0,28,102,0
3220,4,220,6609.44,27,101,-2454.09,973.95,True,on_dome_path_labels_24_to_1_start_side_pentagon_end_top_centre,27,101,0,27,101,0
3221,4,221,6639.48,27,100,-2464.75,994.92,True,on_dome_path_labels_24_to_1_start_side_pentagon_end_top_centre,27,100,0,27,100,0
3222,4,222,6669.53,26,99,-2475.41,1015.9,True,on_dome_path_labels_24_to_1_start_side_pentagon_end_top_centre,26,99,0,26,99,0
3223,4,223,6699.57,26,98,-2486.07,1036.87,True,on_dome_path_labels_24_to_1_start_side_pentagon_end_top_centre,26,98,0,26,98,0
3224,4,224,6729.61,25,97,-2496.73,1057.85,True,on_dome_path_labels_24_to_1_start_side_pentagon_end_top_centre,25,97,0,25,97,0
3225,4,225,6759.66,25,96,-2507.4,1078.82,True,on_dome_path_labels_24_to_1_start_side_pentagon_end_top_centre,25,96,0,25,96,0
3226,4,226,6789.7,24,95,-2518.06,1099.8,True,on_dome_path_labels_24_to_1_start_side_pentagon_end_top_centre,24,95,0,24,95,0
3227,4,227,6819.74,23,94,-2528.72,1120.78,True,on_dome_path_labels_24_to_1_start_side_pentagon_end_top_centre,23,94,0,23,94,0
3228,4,228,6849.79,23,93,-2539.38,1141.75,True,on_dome_path_labels_24_to_1_start_side_pentagon_end_top_centre,23,93,0,23,93,0
3229,4,229,6879.83,22,92,-2550.04,1162.73,True,on_dome_path_labels_24_to_1_start_side_pentagon_end_top_centre,22,92,0,22,92,0
3230,4,230,6909.87,22,91,-2549.83,1175.48,True,on_dome_path_labels_24_to_1_start_side_pentagon_end_top_centre,22,91,0,22,91,0
3231,4,231,6939.91,24,91,-2527.39,1171.41,True,on_dome_path_labels_24_to_1_start_side_pentagon_end_top_centre,24,91,0,24,91,0
3232,4,232,6969.96,25,91,-2504.95,1167.35,True,on_dome_path_labels_24_to_1_start_side_pentagon_end_top_centre,25,91,0,25,91,0
3233,4,233,7000.0,26,92,-2482.52,1163.29,True,on_dome_path_labels_24_to_1_start_side_pentagon_end_top_centre,26,92,0,26,92,0
3234,4,234,7030.04,27,92,-2460.08,1159.22,True,on_dome_path_labels_24_to_1_start_side_pentagon_end_top_centre,27,92,0,27,92,0
3235,4,235,7060.09,28,92,-2437.64,1155.16,True,on_dome_path_labels_24_to_1_start_side_pentagon_end_top_centre,28,92,0,28,92,0
3236,4,236,7090.13,29,92,-2415.21,1151.1,True,on_dome_path_labels_24_to_1_start_side_pentagon_end_top_centre,29,92,0,29,92,0
3237,4,237,7120.17,30,92,-2392.77,1147.04,True,on_dome_path_labels_24_to_1_start_side_pentagon_end_top_centre,30,92,0,30,92,0
3238,4,238,7150.21,31,93,-2370.33,1142.97,True,on_dome_path_labels_24_to_1_start_side_pentagon_end_top_centre,31,93,0,31,93,0
3239,4,239,7180.26,32,93,-2347.9,1138.91,True,on_dome_path_labels_24_to_1_start_side_pentagon_end_top_centre,32,93,0,32,93,0
3240,4,240,7210.3,34,93,-2325.46,1134.85,True,on_dome_path_labels_24_to_1_start_side_pentagon_end_top_centre,34,93,0,34,93,0
3241,4,241,7240.34,35,93,-2303.02,1130.78,True,on_dome_path_labels_24_to_1_start_side_pentagon_end_top_centre,35,93,0,35,93,0
3242,4,242,7270.39,36,93,-2280.59,1126.72,True,on_dome_path_labels_24_to_1_start_side_pentagon_end_top_centre,36,93,0,36,93,0
3243,4,243,7300.43,37,94,-2258.15,1122.66,True,on_dome_path_labels_24_to_1_start_side_pentagon_end_top_centre,37,94,0,37,94,0
3244,4,244,7330.47,38,94,-2235.71,1118.6,True,on_dome_path_labels_24_to_1_start_side_pentagon_end_top_centre,38,94,0,38,94,0
3245,4,245,7360.52,39,94,-2213.28,1114.53,True,on_dome_path_labels_24_to_1_start_side_pentagon_end_top_centre,39,94,0,39,94,0
3246,4,246,7390.56,40,94,-2190.84,1110.47,True,on_dome_path_labels_24_to_1_start_side_pentagon_end_top_centre,40,94,0,40,94,0
3247,4,247,7420.6,41,94,-2168.4,1106.41,True,on_dome_path_labels_24_to_1_start_side_pentagon_end_top_centre,41,94,0,41,94,0
3248,4,248,7450.64,43,95,-2145.97,1102.34,True,on_dome_path_labels_24_to_1_start_side_pentagon_end_top_centre,43,95,0,43,95,0
3249,4,249,7480.69,44,95,-2123.53,1098.28,True,on_dome_path_labels_24_to_1_start_side_pentagon_end_top_centre,44,95,0,44,95,0
3250,4,250,7510.73,45,95,-2101.09,1094.22,True,on_dome_path_labels_24_to_1_start_side_pentagon_end_top_centre,45,95,0,45,95,0
3251,4,251,7540.77,46,95,-2078.66,1090.16,True,on_dome_path_labels_24_to_1_start_side_pentagon_end_top_centre,46,95,0,46,95,0
3252,4,252,7570.82,47,95,-2056.22,1086.09,True,on_dome_path_labels_24_to_1_start_side_pentagon_end_top_centre,47,95,0,47,95,0
3253,4,253,7600.86,48,96,-2033.78,1082.03,True,on_dome_path_labels_24_to_1_start_side_pentagon_end_top_centre,48,96,0,48,96,0
3254,4,254,7630.9,49,96,-2011.35,1077.97,True,on_dome_path_labels_24_to_1_start_side_pentagon_end_top_centre,49,96,0,49,96,0
3255,4,255,7660.94,50,96,-1988.91,1073.91,True,on_dome_path_labels_24_to_1_start_side_pentagon_end_top_centre,50,96,0,50,96,0
3256,4,256,7690.99,52,96,-1966.47,1069.84,True,on_dome_path_labels_24_to_1_start_side_pentagon_end_top_centre,52,96,0,52,96,0
3257,4,257,7721.03,53,96,-1944.04,1065.78,True,on_dome_path_labels_24_to_1_start_side_pentagon_end_top_centre,53,96,0,53,96,0
3258,4,258,7751.07,54,97,-1921.6,1061.72,True,on_dome_path_labels_24_to_1_start_side_pentagon_end_top_centre,54,97,0,54,97,0
3259,4,259,7781.12,55,97,-1899.16,1057.65,True,on_dome_path_labels_24_to_1_start_side_pentagon_end_top_centre,55,97,0,55,97,0
3260,4,260,7811.16,56,97,-1876.73,1053.59,True,on_dome_path_labels_24_to_1_start_side_pentagon_end_top_centre,56,97,0,56,97,0
3261,4,261,7841.2,57,97,-1854.29,1049.53,True,on_dome_path_labels_24_to_1_start_side_pentagon_end_top_centre,57,97,0,57,97,0
3262,4,262,7871.24,58,97,-1831.85,1045.47,True,on_dome_path_labels_24_to_1_start_side_pentagon_end_top_centre,58,97,0,58,97,0
3263,4,263,7901.29,59,98,-1809.42,1041.4,True,on_dome_path_labels_24_to_1_start_side_pentagon_end_top_centre,59,98,0,59,98,0
3264,4,264,7931.33,60,98,-1786.98,1037.34,True,on_dome_path_labels_24_to_1_start_side_pentagon_end_top_centre,60,98,0,60,98,0
3265,4,265,7961.37,62,98,-1764.54,1033.28,True,on_dome_path_labels_24_to_1_start_side_pentagon_end_top_centre,62,98,0,62,98,0
3266,4,266,7991.42,63,98,-1742.11,1029.21,True,on_dome_path_labels_24_to_1_start_side_pentagon_end_top_centre,63,98,0,63,98,0
3267,4,267,8021.46,64,98,-1719.67,1025.15,True,on_dome_path_labels_24_to_1_start_side_pentagon_end_top_centre,64,98,0,64,98,0
3268,4,268,8051.5,65,99,-1698.72,1022.42,True,on_dome_path_labels_24_to_1_start_side_pentagon_end_top_centre,65,99,0,65,99,0
3269,4,269,8081.55,64,97,-1705.99,1045.06,True,on_dome_path_labels_24_to_1_start_side_pentagon_end_top_centre,64,97,0,64,97,0
3270,4,270,8111.59,64,96,-1713.26,1067.69,True,on_dome_path_labels_24_to_1_start_side_pentagon_end_top_centre,64,96,0,64,96,0
3271,4,271,8141.63,64,95,-1720.53,1090.33,True,on_dome_path_labels_24_to_1_start_side_pentagon_end_top_centre,64,95,0,64,95,0
3272,4,272,8171.67,63,94,-1727.8,1112.96,True,on_dome_path_labels_24_to_1_start_side_pentagon_end_top_centre,63,94,0,63,94,0
3273,4,273,8201.72,63,93,-1735.07,1135.59,True,on_dome_path_labels_24_to_1_start_side_pentagon_end_top_centre,63,93,0,63,93,0
3274,4,274,8231.76,63,92,-1742.33,1158.23,True,on_dome_path_labels_24_to_1_start_side_pentagon_end_top_centre,63,92,0,63,92,0
3275,4,275,8261.8,62,91,-1749.6,1180.86,True,on_dome_path_labels_24_to_1_start_side_pentagon_end_top_centre,62,91,0,62,91,0
3276,4,276,8291.85,62,90,-1756.87,1203.5,True,on_dome_path_labels_24_to_1_start_side_pentagon_end_top_centre,62,90,0,62,90,0
3277,4,277,8321.89,62,88,-1764.14,1226.13,True,on_dome_path_labels_24_to_1_start_side_pentagon_end_top_centre,62,88,0,62,88,0
3278,4,278,8351.93,61,87,-1771.41,1248.77,True,on_dome_path_labels_24_to_1_start_side_pentagon_end_top_centre,61,87,0,61,87,0
3279,4,279,8381.97,61,86,-1778.68,1271.4,True,on_dome_path_labels_24_to_1_start_side_pentagon_end_top_centre,61,86,0,61,86,0
3280,4,280,8412.02,61,85,-1785.95,1294.03,True,on_dome_path_labels_24_to_1_start_side_pentagon_end_top_centre,61,85,0,61,85,0
3281,4,281,8442.06,60,84,-1793.22,1316.67,True,on_dome_path_labels_24_to_1_start_side_pentagon_end_top_centre,60,84,0,60,84,0
3282,4,282,8472.1,60,83,-1800.49,1339.3,True,on_dome_path_labels_24_to_1_start_side_pentagon_end_top_centre,60,83,0,60,83,0
3283,4,283,8502.15,59,82,-1807.76,1361.94,True,on_dome_path_labels_24_to_1_start_side_pentagon_end_top_centre,59,82,0,59,82,0
3284,4,284,8532.19,59,81,-1815.03,1384.57,True,on_dome_path_labels_24_to_1_start_side_pentagon_end_top_centre,59,81,0,59,81,0
3285,4,285,8562.23,59,79,-1822.29,1407.21,True,on_dome_path_labels_24_to_1_start_side_pentagon_end_top_centre,59,79,0,59,79,0
3286,4,286,8592.27,58,78,-1829.56,1429.84,True,on_dome_path_labels_24_to_1_start_side_pentagon_end_top_centre,58,78,0,58,78,0
3287,4,287,8622.32,58,77,-1836.83,1452.47,True,on_dome_path_labels_24_to_1_start_side_pentagon_end_top_centre,58,77,0,58,77,0
3288,4,288,8652.36,58,76,-1844.1,1475.11,True,on_dome_path_labels_24_to_1_start_side_pentagon_end_top_centre,58,76,0,58,76,0
3289,4,289,8682.4,57,75,-1851.37,1497.74,True,on_dome_path_labels_24_to_1_start_side_pentagon_end_top_centre,57,75,0,57,75,0
3290,4,290,8712.45,57,74,-1858.64,1520.38,True,on_dome_path_labels_24_to_1_start_side_pentagon_end_top_centre,57,74,0,57,74,0
3291,4,291,8742.49,57,73,-1865.91,1543.01,True,on_dome_path_labels_24_to_1_start_side_pentagon_end_top_centre,57,73,0,57,73,0
3292,4,292,8772.53,56,71,-1873.18,1565.65,True,on_dome_path_labels_24_to_1_start_side_pentagon_end_top_centre,56,71,0,56,71,0
3293,4,293,8802.58,56,70,-1880.45,1588.28,True,on_dome_path_labels_24_to_1_start_side_pentagon_end_top_centre,56,70,0,56,70,0
3294,4,294,8832.62,55,69,-1887.72,1610.91,True,on_dome_path_labels_24_to_1_start_side_pentagon_end_top_centre,55,69,0,55,69,0
3295,4,295,8862.66,55,68,-1894.99,1633.55,True,on_dome_path_labels_24_to_1_start_side_pentagon_end_top_centre,55,68,0,55,68,0
3296,4,296,8892.7,55,67,-1902.26,1656.18,True,on_dome_path_labels_24_to_1_start_side_pentagon_end_top_centre,55,67,0,55,67,0
3297,4,297,8922.75,54,66,-1909.52,1678.82,True,on_dome_path_labels_24_to_1_start_side_pentagon_end_top_centre,54,66,0,54,66,0
3298,4,298,8952.79,54,65,-1916.79,1701.45,True,on_dome_path_labels_24_to_1_start_side_pentagon_end_top_centre,54,65,0,54,65,0
3299,4,299,8982.83,54,64,-1924.06,1724.08,True,on_dome_path_labels_24_to_1_start_side_pentagon_end_top_centre,54,64,0,54,64,0
3300,4,300,9012.88,53,62,-1931.33,1746.72,True,on_dome_path_labels_24_to_1_start_side_pentagon_end_top_centre,53,62,0,53,62,0
3301,4,301,9042.92,53,61,-1938.6,1769.35,True,on_dome_path_labels_24_to_1_start_side_pentagon_end_top_centre,53,61,0,53,61,0
3302,4,302,9072.96,53,60,-1945.87,1791.99,True,on_dome_path_labels_24_to_1_start_side_pentagon_end_top_centre,53,60,0,53,60,0
3303,4,303,9103.0,52,59,-1953.14,1814.62,True,on_dome_path_labels_24_to_1_start_side_pentagon_end_top_centre,52,59,0,52,59,0
3304,4,304,9133.05,52,58,-1960.41,1837.26,True,on_dome_path_labels_24_to_1_start_side_pentagon_end_top_centre,52,58,0,52,58,0
3305,4,305,9163.09,51,57,-1967.68,1859.89,True,on_dome_path_labels_24_to_1_start_side_pentagon_end_top_centre,51,57,0,51,57,0
3306,4,306,9193.13,51,56,-1974.95,1882.52,True,on_dome_path_labels_24_to_1_start_side_pentagon_end_top_centre,51,56,0,51,56,0
3307,4,307,9223.18,52,56,-1961.6,1883.34,True,on_dome_path_labels_24_to_1_start_side_pentagon_end_top_centre,52,56,0,52,56,0
3308,4,308,9253.22,53,56,-1942.15,1877.7,True,on_dome_path_labels_24_to_1_start_side_pentagon_end_top_centre,53,56,0,53,56,0
3309,4,309,9283.26,54,56,-1922.7,1872.06,True,on_dome_path_labels_24_to_1_start_side_pentagon_end_top_centre,54,56,0,54,56,0
3310,4,310,9313.3,55,56,-1903.25,1866.41,True,on_dome_path_labels_24_to_1_start_side_pentagon_end_top_centre,55,56,0,55,56,0
3311,4,311,9343.35,56,57,-1883.8,1860.77,True,on_dome_path_labels_24_to_1_start_side_pentagon_end_top_centre,56,57,0,56,57,0
3312,4,312,9373.39,57,57,-1864.35,1855.12,True,on_dome_path_labels_24_to_1_start_side_pentagon_end_top_centre,57,57,0,57,57,0
3313,4,313,9403.43,58,57,-1844.9,1849.48,True,on_dome_path_labels_24_to_1_start_side_pentagon_end_top_centre,58,57,0,58,57,0
3314,4,314,9433.48,59,58,-1825.44,1843.84,True,on_dome_path_labels_24_to_1_start_side_pentagon_end_top_centre,59,58,0,59,58,0
3315,4,315,9463.52,60,58,-1805.99,1838.19,True,on_dome_path_labels_24_to_1_start_side_pentagon_end_top_centre,60,58,0,60,58,0
3316,4,316,9493.56,60,58,-1786.54,1832.55,True,on_dome_path_labels_24_to_1_start_side_pentagon_end_top_centre,60,57,1,60,57,1
3317,4,317,9523.61,61,58,-1767.09,1826.9,True,on_dome_path_labels_24_to_1_start_side_pentagon_end_top_centre,61,58,0,61,58,0
3318,4,318,9553.65,62,59,-1747.64,1821.26,True,on_dome_path_labels_24_to_1_start_side_pentagon_end_top_centre,62,59,0,62,59,0
3319,4,319,9583.69,63,59,-1728.19,1815.62,True,on_dome_path_labels_24_to_1_start_side_pentagon_end_top_centre,63,59,0,63,59,0
3320,4,320,9613.73,64,59,-1708.74,1809.97,True,on_dome_path_labels_24_to_1_start_side_pentagon_end_top_centre,64,59,0,64,59,0
3321,4,321,9643.78,65,60,-1689.29,1804.33,True,on_dome_path_labels_24_to_1_start_side_pentagon_end_top_centre,65,60,0,65,60,0
3322,4,322,9673.82,66,60,-1669.83,1798.69,True,on_dome_path_labels_24_to_1_start_side_pentagon_end_top_centre,66,60,0,66,60,0
3323,4,323,9703.86,67,60,-1650.38,1793.04,True,on_dome_path_labels_24_to_1_start_side_pentagon_end_top_centre,67,60,0,67,60,0
3324,4,324,9733.91,68,60,-1630.93,1787.4,True,on_dome_path_labels_24_to_1_start_side_pentagon_end_top_centre,68,60,0,68,60,0
3325,4,325,9763.95,69,61,-1611.48,1781.75,True,on_dome_path_labels_24_to_1_start_side_pentagon_end_top_centre,69,61,0,69,61,0
3326,4,326,9793.99,70,61,-1592.03,1776.11,True,on_dome_path_labels_24_to_1_start_side_pentagon_end_top_centre,70,61,0,70,61,0
3327,4,327,9824.03,71,61,-1572.58,1770.47,True,on_dome_path_labels_24_to_1_start_side_pentagon_end_top_centre,71,61,0,71,61,0
3328,4,328,9854.08,72,62,-1553.13,1764.82,True,on_dome_path_labels_24_to_1_start_side_pentagon_end_top_centre,72,62,0,72,62,0
3329,4,329,9884.12,73,62,-1533.68,1759.18,True,on_dome_path_labels_24_to_1_start_side_pentagon_end_top_centre,73,62,0,73,62,0
3330,4,330,9914.16,74,62,-1514.22,1753.53,True,on_dome_path_labels_24_to_1_start_side_pentagon_end_top_centre,74,62,0,74,62,0
3331,4,331,9944.21,75,62,-1494.77,1747.89,True,on_dome_path_labels_24_to_1_start_side_pentagon_end_top_centre,75,62,0,75,62,0
3332,4,332,9974.25,76,63,-1475.32,1742.25,True,on_dome_path_labels_24_to_1_start_side_pentagon_end_top_centre,76,63,0,76,63,0
3333,4,333,10004.29,77,63,-1455.87,1736.6,True,on_dome_path_labels_24_to_1_start_side_pentagon_end_top_centre,77,63,0,77,63,0
3334,4,334,10034.33,78,63,-1436.42,1730.96,True,on_dome_path_labels_24_to_1_start_side_pentagon_end_top_centre,78,63,0,78,63,0
3335,4,335,10064.38,79,64,-1416.97,1725.31,True,on_dome_path_labels_24_to_1_start_side_pentagon_end_top_centre,79,64,0,79,64,0
3336,4,336,10094.42,80,64,-1397.52,1719.67,True,on_dome_path_labels_24_to_1_start_side_pentagon_end_top_centre,80,64,0,80,64,0
3337,4,337,10124.46,81,64,-1378.07,1714.03,True,on_dome_path_labels_24_to_1_start_side_pentagon_end_top_centre,81,64,0,81,64,0
3338,4,338,10154.51,82,64,-1358.62,1708.38,True,on_dome_path_labels_24_to_1_start_side_pentagon_end_top_centre,82,64,0,82,64,0
3339,4,339,10184.55,83,65,-1339.16,1702.74,True,on_dome_path_labels_24_to_1_start_side_pentagon_end_top_centre,83,65,0,83,65,0
3340,4,340,10214.59,84,65,-1319.71,1697.09,True,on_dome_path_labels_24_to_1_start_side_pentagon_end_top_centre,84,65,0,84,65,0
3341,4,341,10244.64,85,65,-1300.26,1691.45,True,on_dome_path_labels_24_to_1_start_side_pentagon_end_top_centre,85,65,0,85,65,0
3342,4,342,10274.68,86,65,-1280.81,1685.81,True,on_dome_path_labels_24_to_1_start_side_pentagon_end_top_centre,86,65,0,86,65,0
3343,4,343,10304.72,87,66,-1261.36,1680.16,True,on_dome_path_labels_24_to_1_start_side_pentagon_end_top_centre,87,66,0,87,66,0
3344,4,344,10334.76,88,66,-1241.91,1674.52,True,on_dome_path_labels_24_to_1_start_side_pentagon_end_top_centre,88,66,0,88,66,0
3345,4,345,10364.81,89,66,-1222.16,1674.95,True,on_dome_path_labels_24_to_1_start_side_pentagon_end_top_centre,90,66,1,90,66,1
3346,4,346,10394.85,90,66,-1202.12,1681.65,True,on_dome_path_labels_24_to_1_start_side_pentagon_end_top_centre,90,65,1,90,65,1
3347,4,347,10424.89,91,65,-1182.07,1688.34,True,on_dome_path_labels_24_to_1_start_side_pentagon_end_top_centre,91,65,0,91,65,0
3348,4,348,10454.94,92,65,-1162.02,1695.03,True,on_dome_path_labels_24_to_1_start_side_pentagon_end_top_centre,92,65,0,92,65,0
3349,4,349,10484.98,93,65,-1141.97,1701.72,True,on_dome_path_labels_24_to_1_start_side_pentagon_end_top_centre,93,65,0,93,65,0
3350,4,350,10515.02,94,64,-1121.93,1708.41,True,on_dome_path_labels_24_to_1_start_side_pentagon_end_top_centre,94,64,0,94,64,0
3351,4,351,10545.06,95,64,-1101.88,1715.1,True,on_dome_path_labels_24_to_1_start_side_pentagon_end_top_centre,95,64,0,95,64,0
3352,4,352,10575.11,96,64,-1081.83,1721.79,True,on_dome_path_labels_24_to_1_start_side_pentagon_end_top_centre,96,64,0,96,64,0
3353,4,353,10605.15,97,63,-1061.78,1728.48,True,on_dome_path_labels_24_to_1_start_side_pentagon_end_top_centre,97,63,0,97,63,0
3354,4,354,10635.19,98,63,-1041.74,1735.18,True,on_dome_path_labels_24_to_1_start_side_pentagon_end_top_centre,98,63,0,98,63,0
3355,4,355,10665.24,99,63,-1021.69,1741.87,True,on_dome_path_labels_24_to_1_start_side_pentagon_end_top_centre,99,63,0,99,63,0
3356,4,356,10695.28,100,62,-1001.64,1748.56,True,on_dome_path_labels_24_to_1_start_side_pentagon_end_top_centre,100,62,0,100,62,0
3357,4,357,10725.32,101,62,-981.59,1755.25,True,on_dome_path_labels_24_to_1_start_side_pentagon_end_top_centre,101,62,0,101,62,0
3358,4,358,10755.36,102,62,-961.55,1761.94,True,on_dome_path_labels_24_to_1_start_side_pentagon_end_top_centre,102,62,0,102,62,0
3359,4,359,10785.41,103,61,-941.5,1768.63,True,on_dome_path_labels_24_to_1_start_side_pentagon_end_top_centre,103,61,0,103,61,0
3360,4,360,10815.45,104,61,-921.45,1775.32,True,on_dome_path_labels_24_to_1_start_side_pentagon_end_top_centre,104,61,0,104,61,0
3361,4,361,10845.49,105,61,-901.4,1782.01,True,on_dome_path_labels_24_to_1_start_side_pentagon_end_top_centre,105,61,0,105,61,0
3362,4,362,10875.54,106,60,-881.36,1788.71,True,on_dome_path_labels_24_to_1_start_side_pentagon_end_top_centre,106,60,0,106,60,0
3363,4,363,10905.58,107,60,-861.31,1795.4,True,on_dome_path_labels_24_to_1_start_side_pentagon_end_top_centre,107,60,0,107,60,0
3364,4,364,10935.62,108,60,-841.26,1802.09,True,on_dome_path_labels_24_to_1_start_side_pentagon_end_top_centre,108,60,0,108,60,0
3365,4,365,10965.67,109,59,-821.21,1808.78,True,on_dome_path_labels_24_to_1_start_side_pentagon_end_top_centre,109,59,0,109,59,0
3366,4,366,10995.71,110,59,-801.17,1815.47,True,on_dome_path_labels_24_to_1_start_side_pentagon_end_top_centre,110,59,0,110,59,0
3367,4,367,11025.75,111,59,-781.12,1822.16,True,on_dome_path_labels_24_to_1_start_side_pentagon_end_top_centre,111,59,0,111,59,0
3368,4,368,11055.79,112,58,-761.07,1828.85,True,on_dome_path_labels_24_to_1_start_side_pentagon_end_top_centre,112,58,0,112,58,0
3369,4,369,11085.84,113,58,-741.03,1835.54,True,on_dome_path_labels_24_to_1_start_side_pentagon_end_top_centre,113,58,0,113,58,0
3370,4,370,11115.88,114,58,-720.98,1842.23,True,on_dome_path_labels_24_to_1_start_side_pentagon_end_top_centre,114,58,0,114,58,0
3371,4,371,11145.92,115,57,-700.93,1848.93,True,on_dome_path_labels_24_to_1_start_side_pentagon_end_top_centre,115,57,0,115,57,0
3372,4,372,11175.97,116,57,-680.88,1855.62,True,on_dome_path_labels_24_to_1_start_side_pentagon_end_top_centre,116,57,0,116,57,0
3373,4,373,11206.01,117,57,-660.84,1862.31,True,on_dome_path_labels_24_to_1_start_side_pentagon_end_top_centre,117,57,0,117,57,0
3374,4,374,11236.05,118,56,-640.79,1869.0,True,on_dome_path_labels_24_to_1_start_side_pentagon_end_top_centre,118,56,0,118,56,0
3375,4,375,11266.09,119,56,-620.74,1875.69,True,on_dome_path_labels_24_to_1_start_side_pentagon_end_top_centre,119,56,0,119,56,0
3376,4,376,11296.14,120,56,-600.69,1882.38,True,on_dome_path_labels_24_to_1_start_side_pentagon_end_top_centre,120,56,0,120,56,0
3377,4,377,11326.18,121,55,-580.65,1889.07,True,on_dome_path_labels_24_to_1_start_side_pentagon_end_top_centre,121,55,0,121,55,0
3378,4,378,11356.22,122,55,-560.6,1895.76,True,on_dome_path_labels_24_to_1_start_side_pentagon_end_top_centre,122,55,0,122,55,0
3379,4,379,11386.27,123,55,-540.55,1902.46,True,on_dome_path_labels_24_to_1_start_side_pentagon_end_top_centre,123,55,0,123,55,0
3380,4,380,11416.31,124,54,-520.5,1909.15,True,on_dome_path_labels_24_to_1_start_side_pentagon_end_top_centre,124,54,0,124,54,0
3381,4,381,11446.35,125,54,-500.46,1915.84,True,on_dome_path_labels_24_to_1_start_side_pentagon_end_top_centre,125,54,0,125,54,0
3382,4,382,11476.39,126,54,-480.41,1922.53,True,on_dome_path_labels_24_to_1_start_side_pentagon_end_top_centre,126,54,0,126,54,0
3383,4,383,11506.44,126,54,-466.21,1922.76,True,on_dome_path_labels_24_to_1_start_side_pentagon_end_top_centre,126,53,1,126,53,1
3384,4,384,11536.48,126,55,-473.45,1899.3,True,on_dome_path_labels_24_to_1_start_side_pentagon_end_top_centre,126,55,0,126,55,0
3385,4,385,11566.52,126,56,-480.69,1875.83,True,on_dome_path_labels_24_to_1_start_side_pentagon_end_top_centre,126,56,0,126,56,0
3386,4,386,11596.57,125,57,-487.92,1852.37,True,on_dome_path_labels_24_to_1_start_side_pentagon_end_top_centre,125,57,0,125,57,0
3387,4,387,11626.61,125,58,-495.16,1828.9,True,on_dome_path_labels_24_to_1_start_side_pentagon_end_top_centre,125,58,0,125,58,0
3388,4,388,11656.65,124,60,-502.4,1805.44,True,on_dome_path_labels_24_to_1_start_side_pentagon_end_top_centre,124,60,0,124,60,0
3389,4,389,11686.7,124,61,-509.64,1781.98,True,on_dome_path_labels_24_to_1_start_side_pentagon_end_top_centre,124,61,0,124,61,0
3390,4,390,11716.74,124,62,-516.88,1758.51,True,on_dome_path_labels_24_to_1_start_side_pentagon_end_top_centre,124,62,0,124,62,0
3391,4,391,11746.78,123,63,-524.11,1735.05,True,on_dome_path_labels_24_to_1_start_side_pentagon_end_top_centre,123,63,0,123,63,0
3392,4,392,11776.82,123,64,-531.35,1711.58,True,on_dome_path_labels_24_to_1_start_side_pentagon_end_top_centre,123,64,0,123,64,0
3393,4,393,11806.87,123,65,-538.59,1688.12,True,on_dome_path_labels_24_to_1_start_side_pentagon_end_top_centre,123,65,0,123,65,0
3394,4,394,11836.91,122,67,-545.83,1664.65,True,on_dome_path_labels_24_to_1_start_side_pentagon_end_top_centre,122,67,0,122,67,0
3395,4,395,11866.95,122,68,-553.07,1641.19,True,on_dome_path_labels_24_to_1_start_side_pentagon_end_top_centre,122,68,0,122,68,0
3396,4,396,11897.0,122,69,-560.31,1617.73,True,on_dome_path_labels_24_to_1_start_side_pentagon_end_top_centre,122,69,0,122,69,0
3397,4,397,11927.04,121,70,-567.54,1594.26,True,on_dome_path_labels_24_to_1_start_side_pentagon_end_top_centre,121,70,0,121,70,0
3398,4,398,11957.08,121,71,-574.78,1570.8,True,on_dome_path_labels_24_to_1_start_side_pentagon_end_top_centre,121,71,0,121,71,0
3399,4,399,11987.12,120,72,-582.02,1547.33,True,on_dome_path_labels_24_to_1_start_side_pentagon_end_top_centre,120,72,0,120,72,0
3400,4,400,12017.17,120,74,-589.26,1523.87,True,on_dome_path_labels_24_to_1_start_side_pentagon_end_top_centre,120,74,0,120,74,0
3401,4,401,12047.21,120,75,-596.5,1500.41,True,on_dome_path_labels_24_to_1_start_side_pentagon_end_top_centre,120,75,0,120,75,0
3402,4,402,12077.25,119,76,-603.73,1476.94,True,on_dome_path_labels_24_to_1_start_side_pentagon_end_top_centre,119,76,0,119,76,0
3403,4,403,12107.3,119,77,-610.97,1453.48,True,on_dome_path_labels_24_to_1_start_side_pentagon_end_top_centre,119,77,0,119,77,0
3404,4,404,12137.34,119,78,-618.21,1430.01,True,on_dome_path_labels_24_to_1_start_side_pentagon_end_top_centre,119,78,0,119,78,0
3405,4,405,12167.38,118,79,-625.45,1406.55,True,on_dome_path_labels_24_to_1_start_side_pentagon_end_top_centre,118,79,0,118,79,0
3406,4,406,12197.42,118,81,-632.69,1383.09,True,on_dome_path_labels_24_to_1_start_side_pentagon_end_top_centre,118,81,0,118,81,0
3407,4,407,12227.47,118,82,-639.93,1359.62,True,on_dome_path_labels_24_to_1_start_side_pentagon_end_top_centre,118,82,0,118,82,0
3408,4,408,12257.51,117,83,-647.16,1336.16,True,on_dome_path_labels_24_to_1_start_side_pentagon_end_top_centre,117,83,0,117,83,0
3409,4,409,12287.55,117,84,-654.4,1312.69,True,on_dome_path_labels_24_to_1_start_side_pentagon_end_top_centre,117,84,0,117,84,0
3410,4,410,12317.6,117,85,-661.64,1289.23,True,on_dome_path_labels_24_to_1_start_side_pentagon_end_top_centre,117,85,0,117,85,0
3411,4,411,12347.64,116,86,-668.88,1265.77,True,on_dome_path_labels_24_to_1_start_side_pentagon_end_top_centre,116,86,0,116,86,0
3412,4,412,12377.68,116,88,-676.12,1242.3,True,on_dome_path_labels_24_to_1_start_side_pentagon_end_top_centre,116,88,0,116,88,0
3413,4,413,12407.73,115,89,-683.35,1218.84,True,on_dome_path_labels_24_to_1_start_side_pentagon_end_top_centre,115,89,0,115,89,0
3414,4,414,12437.77,115,90,-690.59,1195.37,True,on_dome_path_labels_24_to_1_start_side_pentagon_end_top_centre,115,90,0,115,90,0
3415,4,415,12467.81,115,91,-697.83,1171.91,True,on_dome_path_labels_24_to_1_start_side_pentagon_end_top_centre,115,91,0,115,91,0
3416,4,416,12497.85,114,92,-705.07,1148.45,True,on_dome_path_labels_24_to_1_start_side_pentagon_end_top_centre,114,92,0,114,92,0
3417,4,417,12527.9,114,93,-712.31,1124.98,True,on_dome_path_labels_24_to_1_start_side_pentagon_end_top_centre,114,93,0,114,93,0
3418,4,418,12557.94,114,95,-719.55,1101.52,True,on_dome_path_labels_24_to_1_start_side_pentagon_end_top_centre,114,95,0,114,95,0
3419,4,419,12587.98,113,96,-726.78,1078.05,True,on_dome_path_labels_24_to_1_start_side_pentagon_end_top_centre,113,96,0,113,96,0
3420,4,420,12618.03,113,97,-734.02,1054.59,True,on_dome_path_labels_24_to_1_start_side_pentagon_end_top_centre,113,97,0,113,97,0
3421,4,421,12648.07,113,98,-741.26,1031.13,True,on_dome_path_labels_24_to_1_start_side_pentagon_end_top_centre,113,98,0,113,98,0
3422,4,422,12678.11,112,97,-753.26,1045.0,True,on_dome_path_labels_24_to_1_start_side_pentagon_end_top_centre,112,97,0,112,97,0
3423,4,423,12708.15,111,97,-765.58,1061.45,True,on_dome_path_labels_24_to_1_start_side_pentagon_end_top_centre,111,97,0,111,97,0
3424,4,424,12738.2,111,96,-777.91,1077.89,True,on_dome_path_labels_24_to_1_start_side_pentagon_end_top_centre,111,96,0,111,96,0
3425,4,425,12768.24,110,95,-790.23,1094.34,True,on_dome_path_labels_24_to_1_start_side_pentagon_end_top_centre,110,95,0,110,95,0
3426,4,426,12798.28,110,94,-802.56,1110.78,True,on_dome_path_labels_24_to_1_start_side_pentagon_end_top_centre,110,94,0,110,94,0
3427,4,427,12828.33,109,93,-814.88,1127.22,True,on_dome_path_labels_24_to_1_start_side_pentagon_end_top_centre,109,93,0,109,93,0
3428,4,428,12858.37,108,93,-827.21,1143.67,True,on_dome_path_labels_24_to_1_start_side_pentagon_end_top_centre,108,93,0,108,93,0
3429,4,429,12888.41,108,92,-839.53,1160.11,True,on_dome_path_labels_24_to_1_start_side_pentagon_end_top_centre,108,92,0,108,92,0
3430,4,430,12918.45,107,91,-851.86,1176.55,True,on_dome_path_labels_24_to_1_start_side_pentagon_end_top_centre,107,91,0,107,91,0
3431,4,431,12948.5,106,90,-864.18,1193.0,True,on_dome_path_labels_24_to_1_start_side_pentagon_end_top_centre,106,90,0,106,90,0
3432,4,432,12978.54,106,89,-876.51,1209.44,True,on_dome_path_labels_24_to_1_start_side_pentagon_end_top_centre,106,89,0,106,89,0
3433,4,433,13008.58,105,88,-888.83,1225.89,True,on_dome_path_labels_24_to_1_start_side_pentagon_end_top_centre,105,88,0,105,88,0
3434,4,434,13038.63,105,88,-901.16,1242.33,True,on_dome_path_labels_24_to_1_start_side_pentagon_end_top_centre,105,87,1,105,87,1
3435,4,435,13068.67,104,87,-913.48,1258.77,True,on_dome_path_labels_24_to_1_start_side_pentagon_end_top_centre,104,87,0,104,87,0
3436,4,436,13098.71,103,86,-925.81,1275.22,True,on_dome_path_labels_24_to_1_start_side_pentagon_end_top_centre,103,86,0,103,86,0
3437,4,437,13128.76,103,85,-938.13,1291.66,True,on_dome_path_labels_24_to_1_start_side_pentagon_end_top_centre,103,85,0,103,85,0
3438,4,438,13158.8,102,84,-950.46,1308.1,True,on_dome_path_labels_24_to_1_start_side_pentagon_end_top_centre,102,84,0,102,84,0
3439,4,439,13188.84,102,83,-962.78,1324.55,True,on_dome_path_labels_24_to_1_start_side_pentagon_end_top_centre,102,83,0,102,83,0
3440,4,440,13218.88,101,83,-975.11,1340.99,True,on_dome_path_labels_24_to_1_start_side_pentagon_end_top_centre,101,83,0,101,83,0
3441,4,441,13248.93,100,82,-987.43,1357.44,True,on_dome_path_labels_24_to_1_start_side_pentagon_end_top_centre,100,82,0,100,82,0
3442,4,442,13278.97,100,81,-999.76,1373.88,True,on_dome_path_labels_24_to_1_start_side_pentagon_end_top_centre,100,81,0,100,81,0
3443,4,443,13309.01,99,80,-1012.08,1390.32,True,on_dome_path_labels_24_to_1_start_side_pentagon_end_top_centre,99,80,0,99,80,0
3444,4,444,13339.06,98,79,-1024.41,1406.77,True,on_dome_path_labels_24_to_1_start_side_pentagon_end_top_centre,98,79,0,98,79,0
3445,4,445,13369.1,98,79,-1036.73,1423.21,True,on_dome_path_labels_24_to_1_start_side_pentagon_end_top_centre,98,78,1,98,78,1
3446,4,446,13399.14,97,78,-1049.06,1439.65,True,on_dome_path_labels_24_to_1_start_side_pentagon_end_top_centre,97,78,0,97,78,0
3447,4,447,13429.18,97,77,-1061.38,1456.1,True,on_dome_path_labels_24_to_1_start_side_pentagon_end_top_centre,97,77,0,97,77,0
3448,4,448,13459.23,96,76,-1073.71,1472.54,True,on_dome_path_labels_24_to_1_start_side_pentagon_end_top_centre,96,76,0,96,76,0
3449,4,449,13489.27,95,75,-1086.03,1488.99,True,on_dome_path_labels_24_to_1_start_side_pentagon_end_top_centre,95,75,0,95,75,0
3450,4,450,13519.31,95,74,-1098.36,1505.43,True,on_dome_path_labels_24_to_1_start_side_pentagon_end_top_centre,95,74,0,95,74,0
3451,4,451,13549.36,94,74,-1110.68,1521.87,True,on_dome_path_labels_24_to_1_start_side_pentagon_end_top_centre,94,74,0,94,74,0
3452,4,452,13579.4,94,73,-1123.01,1538.32,True,on_dome_path_labels_24_to_1_start_side_pentagon_end_top_centre,94,73,0,94,73,0
3453,4,453,13609.44,93,72,-1135.33,1554.76,True,on_dome_path_labels_24_to_1_start_side_pentagon_end_top_centre,93,72,0,93,72,0
3454,4,454,13639.48,92,71,-1147.66,1571.21,True,on_dome_path_labels_24_to_1_start_side_pentagon_end_top_centre,92,71,0,92,71,0
3455,4,455,13669.53,92,70,-1159.98,1587.65,True,on_dome_path_labels_24_to_1_start_side_pentagon_end_top_centre,92,70,0,92,70,0
3456,4,456,13699.57,91,70,-1172.31,1604.09,True,on_dome_path_labels_24_to_1_start_side_pentagon_end_top_centre,91,70,0,91,70,0
3457,4,457,13729.61,90,69,-1184.63,1620.54,True,on_dome_path_labels_24_to_1_start_side_pentagon_end_top_centre,90,69,0,90,69,0
3458,4,458,13759.66,90,68,-1196.96,1636.98,True,on_dome_path_labels_24_to_1_start_side_pentagon_end_top_centre,90,68,0,90,68,0
3459,4,459,13789.7,89,67,-1209.28,1653.42,True,on_dome_path_labels_24_to_1_start_side_pentagon_end_top_centre,89,67,0,89,67,0
3460,4,460,13819.74,89,67,-1221.64,1648.09,True,on_dome_path_labels_24_to_1_start_side_pentagon_end_top_centre,88,67,1,88,67,1
3461,4,461,13849.79,88,68,-1234.02,1631.39,True,on_dome_path_labels_24_to_1_start_side_pentagon_end_top_centre,88,68,0,88,68,0
3462,4,462,13879.83,87,69,-1246.4,1614.7,True,on_dome_path_labels_24_to_1_start_side_pentagon_end_top_centre,87,69,0,87,69,0
3463,4,463,13909.87,87,70,-1258.77,1598.0,True,on_dome_path_labels_24_to_1_start_side_pentagon_end_top_centre,87,70,0,87,70,0
3464,4,464,13939.91,86,71,-1271.15,1581.3,True,on_dome_path_labels_24_to_1_start_side_pentagon_end_top_centre,86,71,0,86,71,0
3465,4,465,13969.96,86,72,-1283.53,1564.61,True,on_dome_path_labels_24_to_1_start_side_pentagon_end_top_centre,86,72,0,86,72,0
3466,4,466,14000.0,85,72,-1295.9,1547.91,True,on_dome_path_labels_24_to_1_start_side_pentagon_end_top_centre,85,72,0,85,72,0
3467,4,467,14030.04,84,73,-1308.28,1531.22,True,on_dome_path_labels_24_to_1_start_side_pentagon_end_top_centre,84,73,0,84,73,0
3468,4,468,14060.09,84,74,-1320.66,1514.52,True,on_dome_path_labels_24_to_1_start_side_pentagon_end_top_centre,84,74,0,84,74,0
3469,4,469,14090.13,83,75,-1333.04,1497.82,True,on_dome_path_labels_24_to_1_start_side_pentagon_end_top_centre,83,75,0,83,75,0
3470,4,470,14120.17,82,76,-1345.41,1481.13,True,on_dome_path_labels_24_to_1_start_side_pentagon_end_top_centre,82,76,0,82,76,0
3471,4,471,14150.21,82,77,-1357.79,1464.43,True,on_dome_path_labels_24_to_1_start_side_pentagon_end_top_centre,82,77,0,82,77,0
3472,4,472,14180.26,81,77,-1370.17,1447.73,True,on_dome_path_labels_24_to_1_start_side_pentagon_end_top_centre,81,77,0,81,77,0
3473,4,473,14210.3,81,78,-1382.54,1431.04,True,on_dome_path_labels_24_to_1_start_side_pentagon_end_top_centre,81,78,0,81,78,0
3474,4,474,14240.34,80,79,-1394.92,1414.34,True,on_dome_path_labels_24_to_1_start_side_pentagon_end_top_centre,80,79,0,80,79,0
3475,4,475,14270.39,79,80,-1407.3,1397.65,True,on_dome_path_labels_24_to_1_start_side_pentagon_end_top_centre,79,80,0,79,80,0
3476,4,476,14300.43,79,81,-1419.67,1380.95,True,on_dome_path_labels_24_to_1_start_side_pentagon_end_top_centre,79,81,0,79,81,0
3477,4,477,14330.47,78,82,-1432.05,1364.25,True,on_dome_path_labels_24_to_1_start_side_pentagon_end_top_centre,78,82,0,78,82,0
3478,4,478,14360.52,78,82,-1444.43,1347.56,True,on_dome_path_labels_24_to_1_start_side_pentagon_end_top_centre,78,81,1,78,81,1
3479,4,479,14390.56,77,83,-1456.81,1330.86,True,on_dome_path_labels_24_to_1_start_side_pentagon_end_top_centre,77,83,0,77,83,0
3480,4,480,14420.6,76,84,-1469.18,1314.16,True,on_dome_path_labels_24_to_1_start_side_pentagon_end_top_centre,76,84,0,76,84,0
3481,4,481,14450.64,76,85,-1481.56,1297.47,True,on_dome_path_labels_24_to_1_start_side_pentagon_end_top_centre,76,85,0,76,85,0
3482,4,482,14480.69,75,86,-1493.94,1280.77,True,on_dome_path_labels_24_to_1_start_side_pentagon_end_top_centre,75,86,0,75,86,0
3483,4,483,14510.73,74,87,-1506.31,1264.07,True,on_dome_path_labels_24_to_1_start_side_pentagon_end_top_centre,74,87,0,74,87,0
3484,4,484,14540.77,74,87,-1518.69,1247.38,True,on_dome_path_labels_24_to_1_start_side_pentagon_end_top_centre,74,86,1,74,86,1
3485,4,485,14570.82,73,88,-1531.07,1230.68,True,on_dome_path_labels_24_to_1_start_side_pentagon_end_top_centre,73,88,0,73,88,0
3486,4,486,14600.86,73,89,-1543.45,1213.99,True,on_dome_path_labels_24_to_1_start_side_pentagon_end_top_centre,73,89,0,73,89,0
3487,4,487,14630.9,72,90,-1555.82,1197.29,True,on_dome_path_labels_24_to_1_start_side_pentagon_end_top_centre,72,90,0,72,90,0
3488,4,488,14660.94,71,91,-1568.2,1180.59,True,on_dome_path_labels_24_to_1_start_side_pentagon_end_top_centre,71,91,0,71,91,0
3489,4,489,14690.99,71,91,-1580.58,1163.9,True,on_dome_path_labels_24_to_1_start_side_pentagon_end_top_centre,71,90,1,71,90,1
3490,4,490,14721.03,70,92,-1592.95,1147.2,True,on_dome_path_labels_24_to_1_start_side_pentagon_end_top_centre,70,92,0,70,92,0
3491,4,491,14751.07,70,93,-1605.33,1130.5,True,on_dome_path_labels_24_to_1_start_side_pentagon_end_top_centre,70,93,0,70,93,0
3492,4,492,14781.12,69,94,-1617.71,1113.81,True,on_dome_path_labels_24_to_1_start_side_pentagon_end_top_centre,69,94,0,69,94,0
3493,4,493,14811.16,68,95,-1630.09,1097.11,True,on_dome_path_labels_24_to_1_start_side_pentagon_end_top_centre,68,95,0,68,95,0
3494,4,494,14841.2,68,96,-1642.46,1080.42,True,on_dome_path_labels_24_to_1_start_side_pentagon_end_top_centre,68,96,0,68,96,0
3495,4,495,14871.24,67,96,-1654.84,1063.72,True,on_dome_path_labels_24_to_1_start_side_pentagon_end_top_centre,67,96,0,67,96,0
3496,4,496,14901.29,66,97,-1667.22,1047.02,True,on_dome_path_labels_24_to_1_start_side_pentagon_end_top_centre,66,97,0,66,97,0
3497,4,497,14931.33,66,98,-1679.59,1030.33,True,on_dome_path_labels_24_to_1_start_side_pentagon_end_top_centre,66,98,0,66,98,0
3498,4,498,14961.37,65,99,-1691.97,1013.63,True,on_dome_path_labels_24_to_1_start_side_pentagon_end_top_centre,65,98,1,65,98,1
3499,4,499,14991.42,65,100,-1704.0,997.2,True,on_dome_path_labels_24_to_1_start_side_pentagon_end_top_centre,65,100,0,65,100,0
3500,4,500,15021.46,64,101,-1715.09,981.48,True,on_dome_path_labels_24_to_1_start_side_pentagon_end_top_centre,64,101,0,64,101,0
3501,4,501,15051.5,63,101,-1726.18,965.77,True,on_dome_path_labels_24_to_1_start_side_pentagon_end_top_centre,63,101,0,63,101,0
3502,4,502,15081.55,63,102,-1737.27,950.06,True,on_dome_path_labels_24_to_1_start_side_pentagon_end_top_centre,63,102,0,63,102,0
3503,4,503,15111.59,62,103,-1748.36,934.34,True,on_dome_path_labels_24_to_1_start_side_pentagon_end_top_centre,62,103,0,62,103,0
3504,4,504,15141.63,62,104,-1759.45,918.63,True,on_dome_path_labels_24_to_1_start_side_pentagon_end_top_centre,62,104,0,62,104,0
3505,4,505,15171.67,61,105,-1770.54,902.92,True,on_dome_path_labels_24_to_1_start_side_pentagon_end_top_centre,61,105,0,61,105,0
3506,4,506,15201.72,61,105,-1781.63,887.2,True,on_dome_path_labels_24_to_1_start_side_pentagon_end_top_centre,61,104,1,61,104,1
3507,4,507,15231.76,60,106,-1792.72,871.49,True,on_dome_path_labels_24_to_1_start_side_pentagon_end_top_centre,60,106,0,60,106,0
3508,4,508,15261.8,60,107,-1803.81,855.78,True,on_dome_path_labels_24_to_1_start_side_pentagon_end_top_centre,60,107,0,60,107,0
3509,4,509,15291.85,59,108,-1814.9,840.06,True,on_dome_path_labels_24_to_1_start_side_pentagon_end_top_centre,59,108,0,59,108,0
3510,4,510,15321.89,59,108,-1825.99,824.35,True,on_dome_path_labels_24_to_1_start_side_pentagon_end_top_centre,59,107,1,59,107,1
3511,4,511,15351.93,58,109,-1837.08,808.64,True,on_dome_path_labels_24_to_1_start_side_pentagon_end_top_centre,58,109,0,58,109,0
3512,4,512,15381.97,57,110,-1848.17,792.92,True,on_dome_path_labels_24_to_1_start_side_pentagon_end_top_centre,57,110,0,57,110,0
3513,4,513,15412.02,57,111,-1859.26,777.21,True,on_dome_path_labels_24_to_1_start_side_pentagon_end_top_centre,57,111,0,57,111,0
3514,4,514,15442.06,56,112,-1870.35,761.49,True,on_dome_path_labels_24_to_1_start_side_pentagon_end_top_centre,56,112,0,56,112,0
3515,4,515,15472.1,56,112,-1881.44,745.78,True,on_dome_path_labels_24_to_1_start_side_pentagon_end_top_centre,56,111,1,56,111,1
3516,4,516,15502.15,55,113,-1892.54,730.07,True,on_dome_path_labels_24_to_1_start_side_pentagon_end_top_centre,55,113,0,55,113,0
3517,4,517,15532.19,55,114,-1903.63,714.35,True,on_dome_path_labels_24_to_1_start_side_pentagon_end_top_centre,55,114,0,55,114,0
3518,4,518,15562.23,54,115,-1914.72,698.64,True,on_dome_path_labels_24_to_1_start_side_pentagon_end_top_centre,54,115,0,54,115,0
3519,4,519,15592.27,54,115,-1925.81,682.93,True,on_dome_path_labels_24_to_1_start_side_pentagon_end_top_centre,54,114,1,54,114,1
3520,4,520,15622.32,53,116,-1936.9,667.21,True,on_dome_path_labels_24_to_1_start_side_pentagon_end_top_centre,53,116,0,53,116,0
3521,4,521,15652.36,52,117,-1947.99,651.5,True,on_dome_path_labels_24_to_1_start_side_pentagon_end_top_centre,52,117,0,52,117,0
3522,4,522,15682.4,52,118,-1959.08,635.79,True,on_dome_path_labels_24_to_1_start_side_pentagon_end_top_centre,52,118,0,52,118,0
3523,4,523,15712.45,51,119,-1970.17,620.07,True,on_dome_path_labels_24_to_1_start_side_pentagon_end_top_centre,51,119,0,51,119,0
3524,4,524,15742.49,51,119,-1981.26,604.36,True,on_dome_path_labels_24_to_1_start_side_pentagon_end_top_centre,51,118,1,51,118,1
3525,4,525,15772.53,50,120,-1992.35,588.65,True,on_dome_path_labels_24_to_1_start_side_pentagon_end_top_centre,50,120,0,50,120,0
3526,4,526,15802.58,50,121,-2003.44,572.93,True,on_dome_path_labels_24_to_1_start_side_pentagon_end_top_centre,50,121,0,50,121,0
3527,4,527,15832.62,49,122,-2014.53,557.22,True,on_dome_path_labels_24_to_1_start_side_pentagon_end_top_centre,49,122,0,49,122,0
3528,4,528,15862.66,49,123,-2025.62,541.51,True,on_dome_path_labels_24_to_1_start_side_pentagon_end_top_centre,49,123,0,49,123,0
3529,4,529,15892.7,48,123,-2036.71,525.79,True,on_dome_path_labels_24_to_1_start_side_pentagon_end_top_centre,48,123,0,48,123,0
3530,4,530,15922.75,47,124,-2047.8,510.08,True,on_dome_path_labels_24_to_1_start_side_pentagon_end_top_centre,47,124,0,47,124,0
3531,4,531,15952.79,47,125,-2058.89,494.36,True,on_dome_path_labels_24_to_1_start_side_pentagon_end_top_centre,47,125,0,47,125,0
3532,4,532,15982.83,46,126,-2069.98,478.65,True,on_dome_path_labels_24_to_1_start_side_pentagon_end_top_centre,46,126,0,46,126,0
3533,4,533,16012.88,46,126,-2081.07,462.94,True,on_dome_path_labels_24_to_1_start_side_pentagon_end_top_centre,46,125,1,46,125,1
3534,4,534,16042.92,45,127,-2092.16,447.22,True,on_dome_path_labels_24_to_1_start_side_pentagon_end_top_centre,45,127,0,45,127,0
3535,4,535,16072.96,45,128,-2103.25,431.51,True,on_dome_path_labels_24_to_1_start_side_pentagon_end_top_centre,45,128,0,45,128,0
3536,4,536,16103.0,44,129,-2114.34,415.8,True,on_dome_path_labels_24_to_1_start_side_pentagon_end_top_centre,44,129,0,44,129,0
3537,4,537,16133.05,44,130,-2125.43,400.08,True,on_dome_path_labels_24_to_1_start_side_pentagon_end_top_centre,44,130,0,44,130,0
3538,4,538,16163.09,43,130,-2136.52,384.37,True,on_dome_path_labels_24_to_1_start_side_pentagon_end_top_centre,43,130,0,43,130,0
3539,4,539,16193.13,44,131,-2117.08,378.81,True,on_dome_path_labels_24_to_1_start_side_pentagon_end_top_centre,44,131,0,44,131,0
3540,4,540,16223.18,45,131,-2093.51,374.63,True,on_dome_path_labels_24_to_1_start_side_pentagon_end_top_centre,45,131,0,45,131,0
3541,4,541,16253.22,46,131,-2069.94,370.44,True,on_dome_path_labels_24_to_1_start_side_pentagon_end_top_centre,46,131,0,46,131,0
3542,4,542,16283.26,48,131,-2046.37,366.26,True,on_dome_path_labels_24_to_1_start_side_pentagon_end_top_centre,48,131,0,48,131,0
3543,4,543,16313.3,49,131,-2022.8,362.07,True,on_dome_path_labels_24_to_1_start_side_pentagon_end_top_centre,49,131,0,49,131,0
3544,4,544,16343.35,50,132,-1999.23,357.89,True,on_dome_path_labels_24_to_1_start_side_pentagon_end_top_centre,50,132,0,50,132,0
3545,4,545,16373.39,51,132,-1975.66,353.7,True,on_dome_path_labels_24_to_1_start_side_pentagon_end_top_centre,51,132,0,51,132,0
3546,4,546,16403.43,52,132,-1952.09,349.52,True,on_dome_path_labels_24_to_1_start_side_pentagon_end_top_centre,52,132,0,52,132,0
3547,4,547,16433.48,53,132,-1928.52,345.33,True,on_dome_path_labels_24_to_1_start_side_pentagon_end_top_centre,53,132,0,53,132,0
3548,4,548,16463.52,55,132,-1904.95,341.15,True,on_dome_path_labels_24_to_1_start_side_pentagon_end_top_centre,55,132,0,55,132,0
3549,4,549,16493.56,56,133,-1881.38,336.96,True,on_dome_path_labels_24_to_1_start_side_pentagon_end_top_centre,56,133,0,56,133,0
3550,4,550,16523.61,57,133,-1857.81,332.78,True,on_dome_path_labels_24_to_1_start_side_pentagon_end_top_centre,57,133,0,57,133,0
3551,4,551,16553.65,58,133,-1834.24,328.59,True,on_dome_path_labels_24_to_1_start_side_pentagon_end_top_centre,58,133,0,58,133,0
3552,4,552,16583.69,59,133,-1810.67,324.41,True,on_dome_path_labels_24_to_1_start_side_pentagon_end_top_centre,59,133,0,59,133,0
3553,4,553,16613.73,60,134,-1787.1,320.22,True,on_dome_path_labels_24_to_1_start_side_pentagon_end_top_centre,60,134,0,60,134,0
3554,4,554,16643.78,62,134,-1763.53,316.04,True,on_dome_path_labels_24_to_1_start_side_pentagon_end_top_centre,62,134,0,62,134,0
3555,4,555,16673.82,63,134,-1739.96,311.85,True,on_dome_path_labels_24_to_1_start_side_pentagon_end_top_centre,63,134,0,63,134,0
3556,4,556,16703.86,64,134,-1716.39,307.67,True,on_dome_path_labels_24_to_1_start_side_pentagon_end_top_centre,64,134,0,64,134,0
3557,4,557,16733.91,65,134,-1692.82,303.48,True,on_dome_path_labels_24_to_1_start_side_pentagon_end_top_centre,65,134,0,65,134,0
3558,4,558,16763.95,66,135,-1669.25,299.3,True,on_dome_path_labels_24_to_1_start_side_pentagon_end_top_centre,66,135,0,66,135,0
3559,4,559,16793.99,67,135,-1645.68,295.11,True,on_dome_path_labels_24_to_1_start_side_pentagon_end_top_centre,67,135,0,67,135,0
3560,4,560,16824.03,69,135,-1622.11,290.93,True,on_dome_path_labels_24_to_1_start_side_pentagon_end_top_centre,69,135,0,69,135,0
3561,4,561,16854.08,70,135,-1598.54,286.74,True,on_dome_path_labels_24_to_1_start_side_pentagon_end_top_centre,70,135,0,70,135,0
3562,4,562,16884.12,71,135,-1574.97,282.56,True,on_dome_path_labels_24_to_1_start_side_pentagon_end_top_centre,71,135,0,71,135,0
3563,4,563,16914.16,72,136,-1551.4,278.38,True,on_dome_path_labels_24_to_1_start_side_pentagon_end_top_centre,72,136,0,72,136,0
3564,4,564,16944.21,73,136,-1527.83,274.19,True,on_dome_path_labels_24_to_1_start_side_pentagon_end_top_centre,73,136,0,73,136,0
3565,4,565,16974.25,75,136,-1504.26,270.01,True,on_dome_path_labels_24_to_1_start_side_pentagon_end_top_centre,75,136,0,75,136,0
3566,4,566,17004.29,76,136,-1480.69,265.82,True,on_dome_path_labels_24_to_1_start_side_pentagon_end_top_centre,76,136,0,76,136,0
3567,4,567,17034.33,77,136,-1457.12,261.64,True,on_dome_path_labels_24_to_1_start_side_pentagon_end_top_centre,77,136,0,77,136,0
3568,4,568,17064.38,78,137,-1433.55,257.45,True,on_dome_path_labels_24_to_1_start_side_pentagon_end_top_centre,78,137,0,78,137,0
3569,4,569,17094.42,79,137,-1409.98,253.27,True,on_dome_path_labels_24_to_1_start_side_pentagon_end_top_centre,79,137,0,79,137,0
3570,4,570,17124.46,80,137,-1386.41,249.08,True,on_dome_path_labels_24_to_1_start_side_pentagon_end_top_centre,80,137,0,80,137,0
3571,4,571,17154.51,82,137,-1362.84,244.9,True,on_dome_path_labels_24_to_1_start_side_pentagon_end_top_centre,82,137,0,82,137,0
3572,4,572,17184.55,83,138,-1339.27,240.71,True,on_dome_path_labels_24_to_1_start_side_pentagon_end_top_centre,83,138,0,83,138,0
3573,4,573,17214.59,84,138,-1315.7,236.53,True,on_dome_path_labels_24_to_1_start_side_pentagon_end_top_centre,84,138,0,84,138,0
3574,4,574,17244.64,85,138,-1292.13,232.34,True,on_dome_path_labels_24_to_1_start_side_pentagon_end_top_centre,85,138,0,85,138,0
3575,4,575,17274.68,86,138,-1268.56,228.16,True,on_dome_path_labels_24_to_1_start_side_pentagon_end_top_centre,86,138,0,86,138,0
3576,4,576,17304.72,87,138,-1244.99,223.97,True,on_dome_path_labels_24_to_1_start_side_pentagon_end_top_centre,87,138,0,87,138,0
3577,4,577,17334.76,89,139,-1221.42,219.79,True,on_dome_path_labels_24_to_1_start_side_pentagon_end_top_centre,89,139,0,89,139,0
3578,4,578,17364.81,89,138,-1215.69,227.86,True,on_dome_path_labels_24_to_1_start_side_pentagon_end_top_centre,89,138,0,89,138,0
3579,4,579,17394.85,88,137,-1228.32,248.55,True,on_dome_path_labels_24_to_1_start_side_pentagon_end_top_centre,88,137,0,88,137,0
3580,4,580,17424.89,88,136,-1240.95,269.24,True,on_dome_path_labels_24_to_1_start_side_pentagon_end_top_centre,88,136,0,88,136,0
3581,4,581,17454.94,87,135,-1253.58,289.93,True,on_dome_path_labels_24_to_1_start_side_pentagon_end_top_centre,87,135,0,87,135,0
3582,4,582,17484.98,86,134,-1266.21,310.62,True,on_dome_path_labels_24_to_1_start_side_pentagon_end_top_centre,86,134,0,86,134,0
3583,4,583,17515.02,86,133,-1278.84,331.3,True,on_dome_path_labels_24_to_1_start_side_pentagon_end_top_centre,86,133,0,86,133,0
3584,4,584,17545.06,85,132,-1291.47,351.99,True,on_dome_path_labels_24_to_1_start_side_pentagon_end_top_centre,85,132,0,85,132,0
3585,4,585,17575.11,85,131,-1304.1,372.68,True,on_dome_path_labels_24_to_1_start_side_pentagon_end_top_centre,85,131,0,85,131,0
3586,4,586,17605.15,84,130,-1316.74,393.37,True,on_dome_path_labels_24_to_1_start_side_pentagon_end_top_centre,84,130,0,84,130,0
3587,4,587,17635.19,83,129,-1329.37,414.06,True,on_dome_path_labels_24_to_1_start_side_pentagon_end_top_centre,83,129,0,83,129,0
3588,4,588,17665.24,83,128,-1342.0,434.75,True,on_dome_path_labels_24_to_1_start_side_pentagon_end_top_centre,83,128,0,83,128,0
3589,4,589,17695.28,82,127,-1354.63,455.44,True,on_dome_path_labels_24_to_1_start_side_pentagon_end_top_centre,82,127,0,82,127,0
3590,4,590,17725.32,81,126,-1367.26,476.13,True,on_dome_path_labels_24_to_1_start_side_pentagon_end_top_centre,81,126,0,81,126,0
3591,4,591,17755.36,81,125,-1379.89,496.81,True,on_dome_path_labels_24_to_1_start_side_pentagon_end_top_centre,81,125,0,81,125,0
3592,4,592,17785.41,80,124,-1392.52,517.5,True,on_dome_path_labels_24_to_1_start_side_pentagon_end_top_centre,80,124,0,80,124,0
3593,4,593,17815.45,79,123,-1405.15,538.19,True,on_dome_path_labels_24_to_1_start_side_pentagon_end_top_centre,79,123,0,79,123,0
3594,4,594,17845.49,79,122,-1417.78,558.88,True,on_dome_path_labels_24_to_1_start_side_pentagon_end_top_centre,79,122,0,79,122,0
3595,4,595,17875.54,78,121,-1430.41,579.57,True,on_dome_path_labels_24_to_1_start_side_pentagon_end_top_centre,78,121,0,78,121,0
3596,4,596,17905.58,78,120,-1443.04,600.26,True,on_dome_path_labels_24_to_1_start_side_pentagon_end_top_centre,78,120,0,78,120,0
3597,4,597,17935.62,77,119,-1455.67,620.95,True,on_dome_path_labels_24_to_1_start_side_pentagon_end_top_centre,77,119,0,77,119,0
3598,4,598,17965.67,76,118,-1468.3,641.64,True,on_dome_path_labels_24_to_1_start_side_pentagon_end_top_centre,76,118,0,76,118,0
3599,4,599,17995.71,76,116,-1480.93,662.33,True,on_dome_path_labels_24_to_1_start_side_pentagon_end_top_centre,76,116,0,76,116,0
3600,4,600,18025.75,75,115,-1493.56,683.01,True,on_dome_path_labels_24_to_1_start_side_pentagon_end_top_centre,75,115,0,75,115,0
3601,4,601,18055.79,74,114,-1506.19,703.7,True,on_dome_path_labels_24_to_1_start_side_pentagon_end_top_centre,74,114,0,74,114,0
3602,4,602,18085.84,74,113,-1518.82,724.39,True,on_dome_path_labels_24_to_1_start_side_pentagon_end_top_centre,74,113,0,74,113,0
3603,4,603,18115.88,73,112,-1531.45,745.08,True,on_dome_path_labels_24_to_1_start_side_pentagon_end_top_centre,73,112,0,73,112,0
3604,4,604,18145.92,73,111,-1544.08,765.77,True,on_dome_path_labels_24_to_1_start_side_pentagon_end_top_centre,73,111,0,73,111,0
3605,4,605,18175.97,72,110,-1556.72,786.46,True,on_dome_path_labels_24_to_1_start_side_pentagon_end_top_centre,72,110,0,72,110,0
3606,4,606,18206.01,71,109,-1569.35,807.15,True,on_dome_path_labels_24_to_1_start_side_pentagon_end_top_centre,71,109,0,71,109,0
3607,4,607,18236.05,71,108,-1581.98,827.84,True,on_dome_path_labels_24_to_1_start_side_pentagon_end_top_centre,71,108,0,71,108,0
3608,4,608,18266.09,70,107,-1594.61,848.52,True,on_dome_path_labels_24_to_1_start_side_pentagon_end_top_centre,70,107,0,70,107,0
3609,4,609,18296.14,69,106,-1607.24,869.21,True,on_dome_path_labels_24_to_1_start_side_pentagon_end_top_centre,69,106,0,69,106,0
3610,4,610,18326.18,69,105,-1619.87,889.9,True,on_dome_path_labels_24_to_1_start_side_pentagon_end_top_centre,69,105,0,69,105,0
3611,4,611,18356.22,68,104,-1632.5,910.59,True,on_dome_path_labels_24_to_1_start_side_pentagon_end_top_centre,68,104,0,68,104,0
3612,4,612,18386.27,68,103,-1645.13,931.28,True,on_dome_path_labels_24_to_1_start_side_pentagon_end_top_centre,68,103,0,68,103,0
3613,4,613,18416.31,67,102,-1657.76,951.97,True,on_dome_path_labels_24_to_1_start_side_pentagon_end_top_centre,67,102,0,67,102,0
3614,4,614,18446.35,66,101,-1670.39,972.66,True,on_dome_path_labels_24_to_1_start_side_pentagon_end_top_centre,66,101,0,66,101,0
3615,4,615,18476.39,66,100,-1683.02,993.35,True,on_dome_path_labels_24_to_1_start_side_pentagon_end_top_centre,66,100,0,66,100,0
3616,4,616,18506.44,65,99,-1695.65,1014.03,True,on_dome_path_labels_24_to_1_start_side_pentagon_end_top_centre,64,99,1,64,99,1
3617,4,617,18536.48,65,98,-1704.42,1032.52,True,on_dome_path_labels_24_to_1_start_side_pentagon_end_top_centre,65,97,1,65,97,1
3618,4,618,18566.52,66,98,-1680.2,1032.23,True,on_dome_path_labels_24_to_1_start_side_pentagon_end_top_centre,67,98,1,67,98,1
3619,4,619,18596.57,67,98,-1655.98,1031.94,True,on_dome_path_labels_24_to_1_start_side_pentagon_end_top_centre,67,97,1,67,97,1
3620,4,620,18626.61,68,98,-1631.76,1031.65,True,on_dome_path_labels_24_to_1_start_side_pentagon_end_top_centre,68,98,0,68,98,0
3621,4,621,18656.65,69,98,-1607.54,1031.35,True,on_dome_path_labels_24_to_1_start_side_pentagon_end_top_centre,69,98,0,69,98,0
3622,4,622,18686.7,71,98,-1583.32,1031.06,True,on_dome_path_labels_24_to_1_start_side_pentagon_end_top_centre,71,98,0,71,98,0
3623,4,623,18716.74,72,98,-1559.1,1030.77,True,on_dome_path_labels_24_to_1_start_side_pentagon_end_top_centre,72,98,0,72,98,0
3624,4,624,18746.78,73,98,-1534.88,1030.47,True,on_dome_path_labels_24_to_1_start_side_pentagon_end_top_centre,73,98,0,73,98,0
3625,4,625,18776.82,74,98,-1510.66,1030.18,True,on_dome_path_labels_24_to_1_start_side_pentagon_end_top_centre,74,98,0,74,98,0
3626,4,626,18806.87,75,98,-1486.44,1029.89,True,on_dome_path_labels_24_to_1_start_side_pentagon_end_top_centre,75,98,0,75,98,0
3627,4,627,18836.91,77,98,-1462.22,1029.6,True,on_dome_path_labels_24_to_1_start_side_pentagon_end_top_centre,77,98,0,77,98,0
3628,4,628,18866.95,78,98,-1438.0,1029.3,True,on_dome_path_labels_24_to_1_start_side_pentagon_end_top_centre,78,98,0,78,98,0
3629,4,629,18897.0,79,98,-1413.78,1029.01,True,on_dome_path_labels_24_to_1_start_side_pentagon_end_top_centre,79,98,0,79,98,0
3630,4,630,18927.04,80,98,-1389.56,1028.72,True,on_dome_path_labels_24_to_1_start_side_pentagon_end_top_centre,80,98,0,80,98,0
3631,4,631,18957.08,81,98,-1365.34,1028.42,True,on_dome_path_labels_24_to_1_start_side_pentagon_end_top_centre,81,98,0,81,98,0
3632,4,632,18987.12,83,98,-1341.12,1028.13,True,on_dome_path_labels_24_to_1_start_side_pentagon_end_top_centre,83,98,0,83,98,0
3633,4,633,19017.17,84,98,-1316.91,1027.84,True,on_dome_path_labels_24_to_1_start_side_pentagon_end_top_centre,84,98,0,84,98,0
3634,4,634,19047.21,85,98,-1292.69,1027.54,True,on_dome_path_labels_24_to_1_start_side_pentagon_end_top_centre,85,98,0,85,98,0
3635,4,635,19077.25,86,98,-1268.47,1027.25,True,on_dome_path_labels_24_to_1_start_side_pentagon_end_top_centre,86,98,0,86,98,0
3636,4,636,19107.3,87,98,-1244.25,1026.96,True,on_dome_path_labels_24_to_1_start_side_pentagon_end_top_centre,87,98,0,87,98,0
3637,4,637,19137.34,89,98,-1220.03,1026.67,True,on_dome_path_labels_24_to_1_start_side_pentagon_end_top_centre,89,98,0,89,98,0
3638,4,638,19167.38,90,98,-1195.81,1026.37,True,on_dome_path_labels_24_to_1_start_side_pentagon_end_top_centre,90,98,0,90,98,0
3639,4,639,19197.42,91,98,-1171.59,1026.08,True,on_dome_path_labels_24_to_1_start_side_pentagon_end_top_centre,91,98,0,91,98,0
3640,4,640,19227.47,92,98,-1147.37,1025.79,True,on_dome_path_labels_24_to_1_start_side_pentagon_end_top_centre,92,98,0,92,98,0
3641,4,641,19257.51,94,98,-1123.15,1025.49,True,on_dome_path_labels_24_to_1_start_side_pentagon_end_top_centre,94,98,0,94,98,0
3642,4,642,19287.55,95,98,-1098.93,1025.2,True,on_dome_path_labels_24_to_1_start_side_pentagon_end_top_centre,95,98,0,95,98,0
3643,4,643,19317.6,96,98,-1074.71,1024.91,True,on_dome_path_labels_24_to_1_start_side_pentagon_end_top_centre,96,98,0,96,98,0
3644,4,644,19347.64,97,98,-1050.49,1024.61,True,on_dome_path_labels_24_to_1_start_side_pentagon_end_top_centre,97,98,0,97,98,0
3645,4,645,19377.68,98,98,-1026.27,1024.32,True,on_dome_path_labels_24_to_1_start_side_pentagon_end_top_centre,98,98,0,98,98,0
3646,4,646,19407.73,100,98,-1002.05,1024.03,True,on_dome_path_labels_24_to_1_start_side_pentagon_end_top_centre,100,98,0,100,98,0
3647,4,647,19437.77,101,98,-977.83,1023.74,True,on_dome_path_labels_24_to_1_start_side_pentagon_end_top_centre,101,98,0,101,98,0
3648,4,648,19467.81,102,98,-953.61,1023.44,True,on_dome_path_labels_24_to_1_start_side_pentagon_end_top_centre,102,98,0,102,98,0
3649,4,649,19497.85,103,99,-929.39,1023.15,True,on_dome_path_labels_24_to_1_start_side_pentagon_end_top_centre,103,99,0,103,99,0
3650,4,650,19527.9,104,99,-905.17,1022.86,True,on_dome_path_labels_24_to_1_start_side_pentagon_end_top_centre,104,99,0,104,99,0
3651,4,651,19557.94,106,99,-880.95,1022.56,True,on_dome_path_labels_24_to_1_start_side_pentagon_end_top_centre,106,99,0,106,99,0
3652,4,652,19587.98,107,99,-856.73,1022.27,True,on_dome_path_labels_24_to_1_start_side_pentagon_end_top_centre,107,99,0,107,99,0
3653,4,653,19618.03,108,99,-832.51,1021.98,True,on_dome_path_labels_24_to_1_start_side_pentagon_end_top_centre,108,99,0,108,99,0
3654,4,654,19648.07,109,99,-808.29,1021.68,True,on_dome_path_labels_24_to_1_start_side_pentagon_end_top_centre,109,99,0,109,99,0
3655,4,655,19678.11,110,99,-784.07,1021.39,True,on_dome_path_labels_24_to_1_start_side_pentagon_end_top_centre,110,99,0,110,99,0
3656,4,656,19708.15,112,99,-759.85,1021.1,True,on_dome_path_labels_24_to_1_start_side_pentagon_end_top_centre,112,99,0,112,99,0
3657,4,657,19738.2,112,99,-761.14,1006.84,True,on_dome_path_labels_24_to_1_start_side_pentagon_end_top_centre,112,98,1,112,98,1
3658,4,658,19768.24,111,100,-772.52,987.06,True,on_dome_path_labels_24_to_1_start_side_pentagon_end_top_centre,111,100,0,111,100,0
3659,4,659,19798.28,110,101,-783.9,967.27,True,on_dome_path_labels_24_to_1_start_side_pentagon_end_top_centre,110,101,0,110,101,0
3660,4,660,19828.33,110,102,-795.28,947.49,True,on_dome_path_labels_24_to_1_start_side_pentagon_end_top_centre,110,102,0,110,102,0
3661,4,661,19858.37,109,103,-806.66,927.71,True,on_dome_path_labels_24_to_1_start_side_pentagon_end_top_centre,109,103,0,109,103,0
3662,4,662,19888.41,109,104,-818.04,907.93,True,on_dome_path_labels_24_to_1_start_side_pentagon_end_top_centre,109,104,0,109,104,0
3663,4,663,19918.45,108,105,-829.42,888.15,True,on_dome_path_labels_24_to_1_start_side_pentagon_end_top_centre,108,105,0,108,105,0
3664,4,664,19948.5,108,106,-840.79,868.36,True,on_dome_path_labels_24_to_1_start_side_pentagon_end_top_centre,108,106,0,108,106,0
3665,4,665,19978.54,107,107,-852.17,848.58,True,on_dome_path_labels_24_to_1_start_side_pentagon_end_top_centre,107,107,0,107,107,0
3666,4,666,20008.58,106,108,-863.55,828.8,True,on_dome_path_labels_24_to_1_start_side_pentagon_end_top_centre,106,108,0,106,108,0
3667,4,667,20038.63,106,109,-874.93,809.02,True,on_dome_path_labels_24_to_1_start_side_pentagon_end_top_centre,106,109,0,106,109,0
3668,4,668,20068.67,105,110,-886.31,789.23,True,on_dome_path_labels_24_to_1_start_side_pentagon_end_top_centre,105,110,0,105,110,0
3669,4,669,20098.71,105,111,-897.69,769.45,True,on_dome_path_labels_24_to_1_start_side_pentagon_end_top_centre,105,111,0,105,111,0
3670,4,670,20128.76,104,112,-909.07,749.67,True,on_dome_path_labels_24_to_1_start_side_pentagon_end_top_centre,104,112,0,104,112,0
3671,4,671,20158.8,104,113,-920.45,729.89,True,on_dome_path_labels_24_to_1_start_side_pentagon_end_top_centre,104,113,0,104,113,0
3672,4,672,20188.84,103,114,-931.82,710.11,True,on_dome_path_labels_24_to_1_start_side_pentagon_end_top_centre,103,114,0,103,114,0
3673,4,673,20218.88,102,115,-943.2,690.32,True,on_dome_path_labels_24_to_1_start_side_pentagon_end_top_centre,102,115,0,102,115,0
3674,4,674,20248.93,102,116,-954.58,670.54,True,on_dome_path_labels_24_to_1_start_side_pentagon_end_top_centre,102,116,0,102,116,0
3675,4,675,20278.97,101,117,-965.96,650.76,True,on_dome_path_labels_24_to_1_start_side_pentagon_end_top_centre,101,117,0,101,117,0
3676,4,676,20309.01,101,118,-977.34,630.98,True,on_dome_path_labels_24_to_1_start_side_pentagon_end_top_centre,101,118,0,101,118,0
3677,4,677,20339.06,100,119,-988.72,611.19,True,on_dome_path_labels_24_to_1_start_side_pentagon_end_top_centre,100,119,0,100,119,0
3678,4,678,20369.1,100,120,-1000.1,591.41,True,on_dome_path_labels_24_to_1_start_side_pentagon_end_top_centre,100,120,0,100,120,0
3679,4,679,20399.14,99,121,-1011.47,571.63,True,on_dome_path_labels_24_to_1_start_side_pentagon_end_top_centre,99,121,0,99,121,0
3680,4,680,20429.18,99,122,-1022.85,551.85,True,on_dome_path_labels_24_to_1_start_side_pentagon_end_top_centre,99,122,0,99,122,0
3681,4,681,20459.23,98,123,-1034.23,532.06,True,on_dome_path_labels_24_to_1_start_side_pentagon_end_top_centre,98,123,0,98,123,0
3682,4,682,20489.27,97,124,-1045.61,512.28,True,on_dome_path_labels_24_to_1_start_side_pentagon_end_top_centre,97,124,0,97,124,0
3683,4,683,20519.31,97,125,-1056.99,492.5,True,on_dome_path_labels_24_to_1_start_side_pentagon_end_top_centre,97,125,0,97,125,0
3684,4,684,20549.36,96,126,-1068.37,472.72,True,on_dome_path_labels_24_to_1_start_side_pentagon_end_top_centre,96,126,0,96,126,0
3685,4,685,20579.4,96,127,-1079.75,452.94,True,on_dome_path_labels_24_to_1_start_side_pentagon_end_top_centre,96,127,0,96,127,0
3686,4,686,20609.44,95,128,-1091.12,433.15,True,on_dome_path_labels_24_to_1_start_side_pentagon_end_top_centre,95,128,0,95,128,0
3687,4,687,20639.48,95,129,-1102.5,413.37,True,on_dome_path_labels_24_to_1_start_side_pentagon_end_top_centre,95,129,0,95,129,0
3688,4,688,20669.53,94,130,-1113.88,393.59,True,on_dome_path_labels_24_to_1_start_side_pentagon_end_top_centre,94,130,0,94,130,0
3689,4,689,20699.57,93,131,-1125.26,373.81,True,on_dome_path_labels_24_to_1_start_side_pentagon_end_top_centre,93,131,0,93,131,0
3690,4,690,20729.61,93,132,-1136.64,354.02,True,on_dome_path_labels_24_to_1_start_side_pentagon_end_top_centre,93,132,0,93,132,0
3691,4,691,20759.66,92,133,-1148.02,334.24,True,on_dome_path_labels_24_to_1_start_side_pentagon_end_top_centre,92,133,0,92,133,0
3692,4,692,20789.7,92,134,-1159.4,314.46,True,on_dome_path_labels_24_to_1_start_side_pentagon_end_top_centre,92,134,0,92,134,0
3693,4,693,20819.74,91,135,-1170.78,294.68,True,on_dome_path_labels_24_to_1_start_side_pentagon_end_top_centre,91,135,0,91,135,0
3694,4,694,20849.79,91,136,-1182.15,274.9,True,on_dome_path_labels_24_to_1_start_side_pentagon_end_top_centre,91,136,0,91,136,0
3695,4,695,20879.83,90,137,-1193.53,255.11,True,on_dome_path_labels_24_to_1_start_side_pentagon_end_top_centre,90,137,0,90,137,0
3696,4,696,20909.87,90,137,-1193.39,242.94,True,on_dome_path_labels_24_to_1_start_side_pentagon_end_top_centre,90,136,1,90,136,1
3697,4,697,20939.91,91,137,-1169.71,246.31,True,on_dome_path_labels_24_to_1_start_side_pentagon_end_top_centre,91,137,0,91,137,0
3698,4,698,20969.96,92,137,-1146.02,249.68,True,on_dome_path_labels_24_to_1_start_side_pentagon_end_top_centre,92,137,0,92,137,0
3699,4,699,21000.0,94,137,-1122.34,253.06,True,on_dome_path_labels_24_to_1_start_side_pentagon_end_top_centre,94,137,0,94,137,0
3700,4,700,21030.04,95,137,-1098.65,256.43,True,on_dome_path_labels_24_to_1_start_side_pentagon_end_top_centre,95,137,0,95,137,0
3701,4,701,21060.09,96,137,-1074.97,259.8,True,on_dome_path_labels_24_to_1_start_side_pentagon_end_top_centre,96,137,0,96,137,0
3702,4,702,21090.13,97,136,-1051.29,263.18,True,on_dome_path_labels_24_to_1_start_side_pentagon_end_top_centre,97,136,0,97,136,0
3703,4,703,21120.17,98,136,-1027.6,266.55,True,on_dome_path_labels_24_to_1_start_side_pentagon_end_top_centre,98,136,0,98,136,0
3704,4,704,21150.21,99,136,-1003.92,269.92,True,on_dome_path_labels_24_to_1_start_side_pentagon_end_top_centre,99,136,0,99,136,0
3705,4,705,21180.26,101,136,-980.23,273.29,True,on_dome_path_labels_24_to_1_start_side_pentagon_end_top_centre,101,136,0,101,136,0
3706,4,706,21210.3,102,136,-956.55,276.67,True,on_dome_path_labels_24_to_1_start_side_pentagon_end_top_centre,102,136,0,102,136,0
3707,4,707,21240.34,103,136,-932.87,280.04,True,on_dome_path_labels_24_to_1_start_side_pentagon_end_top_centre,103,136,0,103,136,0
3708,4,708,21270.39,104,135,-909.18,283.41,True,on_dome_path_labels_24_to_1_start_side_pentagon_end_top_centre,104,135,0,104,135,0
3709,4,709,21300.43,105,135,-885.5,286.78,True,on_dome_path_labels_24_to_1_start_side_pentagon_end_top_centre,105,135,0,105,135,0
3710,4,710,21330.47,107,135,-861.81,290.16,True,on_dome_path_labels_24_to_1_start_side_pentagon_end_top_centre,107,135,0,107,135,0
3711,4,711,21360.52,108,135,-838.13,293.53,True,on_dome_path_labels_24_to_1_start_side_pentagon_end_top_centre,108,135,0,108,135,0
3712,4,712,21390.56,109,135,-814.45,296.9,True,on_dome_path_labels_24_to_1_start_side_pentagon_end_top_centre,109,135,0,109,135,0
3713,4,713,21420.6,110,135,-790.76,300.28,True,on_dome_path_labels_24_to_1_start_side_pentagon_end_top_centre,110,135,0,110,135,0
3714,4,714,21450.64,111,134,-767.08,303.65,True,on_dome_path_labels_24_to_1_start_side_pentagon_end_top_centre,111,134,0,111,134,0
3715,4,715,21480.69,112,134,-743.39,307.02,True,on_dome_path_labels_24_to_1_start_side_pentagon_end_top_centre,112,134,0,112,134,0
3716,4,716,21510.73,114,134,-719.71,310.39,True,on_dome_path_labels_24_to_1_start_side_pentagon_end_top_centre,114,134,0,114,134,0
3717,4,717,21540.77,115,134,-696.03,313.77,True,on_dome_path_labels_24_to_1_start_side_pentagon_end_top_centre,115,134,0,115,134,0
3718,4,718,21570.82,116,134,-672.34,317.14,True,on_dome_path_labels_24_to_1_start_side_pentagon_end_top_centre,116,134,0,116,134,0
3719,4,719,21600.86,117,134,-648.66,320.51,True,on_dome_path_labels_24_to_1_start_side_pentagon_end_top_centre,117,134,0,117,134,0
3720,4,720,21630.9,118,133,-624.97,323.88,True,on_dome_path_labels_24_to_1_start_side_pentagon_end_top_centre,118,133,0,118,133,0
3721,4,721,21660.94,120,133,-601.29,327.26,True,on_dome_path_labels_24_to_1_start_side_pentagon_end_top_centre,120,133,0,120,133,0
3722,4,722,21690.99,121,133,-577.61,330.63,True,on_dome_path_labels_24_to_1_start_side_pentagon_end_top_centre,121,133,0,121,133,0
3723,4,723,21721.03,122,133,-553.92,334.0,True,on_dome_path_labels_24_to_1_start_side_pentagon_end_top_centre,122,133,0,122,133,0
3724,4,724,21751.07,123,133,-530.24,337.38,True,on_dome_path_labels_24_to_1_start_side_pentagon_end_top_centre,123,133,0,123,133,0
3725,4,725,21781.12,124,133,-506.55,340.75,True,on_dome_path_labels_24_to_1_start_side_pentagon_end_top_centre,124,133,0,124,133,0
3726,4,726,21811.16,125,132,-482.87,344.12,True,on_dome_path_labels_24_to_1_start_side_pentagon_end_top_centre,125,132,0,125,132,0
3727,4,727,21841.2,127,132,-459.19,347.49,True,on_dome_path_labels_24_to_1_start_side_pentagon_end_top_centre,127,132,0,127,132,0
3728,4,728,21871.24,128,132,-435.5,350.87,True,on_dome_path_labels_24_to_1_start_side_pentagon_end_top_centre,128,132,0,128,132,0
3729,4,729,21901.29,129,132,-411.82,354.24,True,on_dome_path_labels_24_to_1_start_side_pentagon_end_top_centre,129,132,0,129,132,0
3730,4,730,21931.33,130,132,-388.13,357.61,True,on_dome_path_labels_24_to_1_start_side_pentagon_end_top_centre,130,132,0,130,132,0
3731,4,731,21961.37,131,132,-364.45,360.98,True,on_dome_path_labels_24_to_1_start_side_pentagon_end_top_centre,131,132,0,131,132,0
3732,4,732,21991.42,133,131,-340.77,364.36,True,on_dome_path_labels_24_to_1_start_side_pentagon_end_top_centre,133,131,0,133,131,0
3733,4,733,22021.46,134,131,-317.08,367.73,True,on_dome_path_labels_24_to_1_start_side_pentagon_end_top_centre,134,131,0,134,131,0
3734,4,734,22051.5,135,131,-293.4,371.1,True,on_dome_path_labels_24_to_1_start_side_pentagon_end_top_centre,135,131,0,135,131,0
3735,4,735,22081.55,136,131,-269.71,374.48,True,on_dome_path_labels_24_to_1_start_side_pentagon_end_top_centre,136,131,0,136,131,0
3736,4,736,22111.59,136,130,-279.54,389.94,True,on_dome_path_labels_24_to_1_start_side_pentagon_end_top_centre,136,130,0,136,130,0
3737,4,737,22141.63,135,129,-291.48,406.18,True,on_dome_path_labels_24_to_1_start_side_pentagon_end_top_centre,135,129,0,135,129,0
3738,4,738,22171.67,134,128,-303.42,422.41,True,on_dome_path_labels_24_to_1_start_side_pentagon_end_top_centre,134,128,0,134,128,0
3739,4,739,22201.72,134,128,-315.37,438.64,True,on_dome_path_labels_24_to_1_start_side_pentagon_end_top_centre,134,127,1,134,127,1
3740,4,740,22231.76,133,127,-327.31,454.87,True,on_dome_path_labels_24_to_1_start_side_pentagon_end_top_centre,133,127,0,133,127,0
3741,4,741,22261.8,133,126,-339.26,471.11,True,on_dome_path_labels_24_to_1_start_side_pentagon_end_top_centre,133,126,0,133,126,0
3742,4,742,22291.85,132,125,-351.2,487.34,True,on_dome_path_labels_24_to_1_start_side_pentagon_end_top_centre,132,125,0,132,125,0
3743,4,743,22321.89,131,124,-363.14,503.57,True,on_dome_path_labels_24_to_1_start_side_pentagon_end_top_centre,131,124,0,131,124,0
3744,4,744,22351.93,131,124,-375.09,519.8,True,on_dome_path_labels_24_to_1_start_side_pentagon_end_top_centre,131,123,1,131,123,1
3745,4,745,22381.97,130,123,-387.03,536.04,True,on_dome_path_labels_24_to_1_start_side_pentagon_end_top_centre,130,123,0,130,123,0
3746,4,746,22412.02,130,122,-398.98,552.27,True,on_dome_path_labels_24_to_1_start_side_pentagon_end_top_centre,130,122,0,130,122,0
3747,4,747,22442.06,129,121,-410.92,568.5,True,on_dome_path_labels_24_to_1_start_side_pentagon_end_top_centre,129,121,0,129,121,0
3748,4,748,22472.1,128,120,-422.86,584.74,True,on_dome_path_labels_24_to_1_start_side_pentagon_end_top_centre,128,120,0,128,120,0
3749,4,749,22502.15,128,120,-434.81,600.97,True,on_dome_path_labels_24_to_1_start_side_pentagon_end_top_centre,128,119,1,128,119,1
3750,4,750,22532.19,127,119,-446.75,617.2,True,on_dome_path_labels_24_to_1_start_side_pentagon_end_top_centre,127,119,0,127,119,0
3751,4,751,22562.23,127,118,-458.7,633.43,True,on_dome_path_labels_24_to_1_start_side_pentagon_end_top_centre,127,118,0,127,118,0
3752,4,752,22592.27,126,117,-470.64,649.67,True,on_dome_path_labels_24_to_1_start_side_pentagon_end_top_centre,126,117,0,126,117,0
3753,4,753,22622.32,125,116,-482.58,665.9,True,on_dome_path_labels_24_to_1_start_side_pentagon_end_top_centre,125,116,0,125,116,0
3754,4,754,22652.36,125,116,-494.53,682.13,True,on_dome_path_labels_24_to_1_start_side_pentagon_end_top_centre,125,115,1,125,115,1
3755,4,755,22682.4,124,115,-506.47,698.37,True,on_dome_path_labels_24_to_1_start_side_pentagon_end_top_centre,124,115,0,124,115,0
3756,4,756,22712.45,124,114,-518.42,714.6,True,on_dome_path_labels_24_to_1_start_side_pentagon_end_top_centre,124,114,0,124,114,0
3757,4,757,22742.49,123,113,-530.36,730.83,True,on_dome_path_labels_24_to_1_start_side_pentagon_end_top_centre,123,113,0,123,113,0
3758,4,758,22772.53,122,112,-542.3,747.06,True,on_dome_path_labels_24_to_1_start_side_pentagon_end_top_centre,122,112,0,122,112,0
3759,4,759,22802.58,122,111,-554.25,763.3,True,on_dome_path_labels_24_to_1_start_side_pentagon_end_top_centre,122,111,0,122,111,0
3760,4,760,22832.62,121,111,-566.19,779.53,True,on_dome_path_labels_24_to_1_start_side_pentagon_end_top_centre,121,111,0,121,111,0
3761,4,761,22862.66,121,110,-578.14,795.76,True,on_dome_path_labels_24_to_1_start_side_pentagon_end_top_centre,121,110,0,121,110,0
3762,4,762,22892.7,120,109,-590.08,811.99,True,on_dome_path_labels_24_to_1_start_side_pentagon_end_top_centre,120,109,0,120,109,0
3763,4,763,22922.75,119,108,-602.02,828.23,True,on_dome_path_labels_24_to_1_start_side_pentagon_end_top_centre,119,108,0,119,108,0
3764,4,764,22952.79,119,107,-613.97,844.46,True,on_dome_path_labels_24_to_1_start_side_pentagon_end_top_centre,119,107,0,119,107,0
3765,4,765,22982.83,118,107,-625.91,860.69,True,on_dome_path_labels_24_to_1_start_side_pentagon_end_top_centre,118,107,0,118,107,0
3766,4,766,23012.88,118,106,-637.86,876.93,True,on_dome_path_labels_24_to_1_start_side_pentagon_end_top_centre,118,106,0,118,106,0
3767,4,767,23042.92,117,105,-649.8,893.16,True,on_dome_path_labels_24_to_1_start_side_pentagon_end_top_centre,117,105,0,117,105,0
3768,4,768,23072.96,117,104,-661.74,909.39,True,on_dome_path_labels_24_to_1_start_side_pentagon_end_top_centre,117,104,0,117,104,0
3769,4,769,23103.0,116,103,-673.69,925.62,True,on_dome_path_labels_24_to_1_start_side_pentagon_end_top_centre,116,103,0,116,103,0
3770,4,770,23133.05,115,103,-685.63,941.86,True,on_dome_path_labels_24_to_1_start_side_pentagon_end_top_centre,115,103,0,115,103,0
3771,4,771,23163.09,115,102,-697.58,958.09,True,on_dome_path_labels_24_to_1_start_side_pentagon_end_top_centre,115,102,0,115,102,0
3772,4,772,23193.13,114,101,-709.52,974.32,True,on_dome_path_labels_24_to_1_start_side_pentagon_end_top_centre,114,101,0,114,101,0
3773,4,773,23223.18,114,100,-721.46,990.55,True,on_dome_path_labels_24_to_1_start_side_pentagon_end_top_centre,114,100,0,114,100,0
3774,4,774,23253.22,113,99,-733.41,1006.79,True,on_dome_path_labels_24_to_1_start_side_pentagon_end_top_centre,113,99,0,113,99,0
3775,4,775,23283.26,113,99,-726.54,1016.88,True,on_dome_path_labels_24_to_1_start_side_pentagon_end_top_centre,114,99,1,114,99,1
3776,4,776,23313.3,114,99,-704.41,1022.01,True,on_dome_path_labels_24_to_1_start_side_pentagon_end_top_centre,114,98,1,114,98,1
3777,4,777,23343.35,115,98,-682.29,1027.13,True,on_dome_path_labels_24_to_1_start_side_pentagon_end_top_centre,115,98,0,115,98,0
3778,4,778,23373.39,117,98,-660.17,1032.25,True,on_dome_path_labels_24_to_1_start_side_pentagon_end_top_centre,117,98,0,117,98,0
3779,4,779,23403.43,118,98,-638.05,1037.37,True,on_dome_path_labels_24_to_1_start_side_pentagon_end_top_centre,118,98,0,118,98,0
3780,4,780,23433.48,119,98,-615.93,1042.49,True,on_dome_path_labels_24_to_1_start_side_pentagon_end_top_centre,119,98,0,119,98,0
3781,4,781,23463.52,120,97,-593.81,1047.62,True,on_dome_path_labels_24_to_1_start_side_pentagon_end_top_centre,120,97,0,120,97,0
3782,4,782,23493.56,121,97,-571.69,1052.74,True,on_dome_path_labels_24_to_1_start_side_pentagon_end_top_centre,121,97,0,121,97,0
3783,4,783,23523.61,122,97,-549.56,1057.86,True,on_dome_path_labels_24_to_1_start_side_pentagon_end_top_centre,122,97,0,122,97,0
3784,4,784,23553.65,123,97,-527.44,1062.98,True,on_dome_path_labels_24_to_1_start_side_pentagon_end_top_centre,123,97,0,123,97,0
3785,4,785,23583.69,124,96,-505.32,1068.11,True,on_dome_path_labels_24_to_1_start_side_pentagon_end_top_centre,124,96,0,124,96,0
3786,4,786,23613.73,125,96,-483.2,1073.23,True,on_dome_path_labels_24_to_1_start_side_pentagon_end_top_centre,125,96,0,125,96,0
3787,4,787,23643.78,127,96,-461.08,1078.35,True,on_dome_path_labels_24_to_1_start_side_pentagon_end_top_centre,127,96,0,127,96,0
3788,4,788,23673.82,128,96,-438.96,1083.47,True,on_dome_path_labels_24_to_1_start_side_pentagon_end_top_centre,128,96,0,128,96,0
3789,4,789,23703.86,129,95,-416.83,1088.6,True,on_dome_path_labels_24_to_1_start_side_pentagon_end_top_centre,129,95,0,129,95,0
3790,4,790,23733.91,130,95,-394.71,1093.72,True,on_dome_path_labels_24_to_1_start_side_pentagon_end_top_centre,130,95,0,130,95,0
3791,4,791,23763.95,131,95,-372.59,1098.84,True,on_dome_path_labels_24_to_1_start_side_pentagon_end_top_centre,131,95,0,131,95,0
3792,4,792,23793.99,132,94,-350.47,1103.96,True,on_dome_path_labels_24_to_1_start_side_pentagon_end_top_centre,132,94,0,132,94,0
3793,4,793,23824.03,133,94,-328.35,1109.08,True,on_dome_path_labels_24_to_1_start_side_pentagon_end_top_centre,133,94,0,133,94,0
3794,4,794,23854.08,134,94,-306.23,1114.21,True,on_dome_path_labels_24_to_1_start_side_pentagon_end_top_centre,134,94,0,134,94,0
3795,4,795,23884.12,135,94,-284.11,1119.33,True,on_dome_path_labels_24_to_1_start_side_pentagon_end_top_centre,135,94,0,135,94,0
3796,4,796,23914.16,136,93,-261.98,1124.45,True,on_dome_path_labels_24_to_1_start_side_pentagon_end_top_centre,136,93,0,136,93,0
3797,4,797,23944.21,138,93,-239.86,1129.57,True,on_dome_path_labels_24_to_1_start_side_pentagon_end_top_centre,138,93,0,138,93,0
3798,4,798,23974.25,139,93,-217.74,1134.7,True,on_dome_path_labels_24_to_1_start_side_pentagon_end_top_centre,139,93,0,139,93,0
3799,4,799,24004.29,140,93,-195.62,1139.82,True,on_dome_path_labels_24_to_1_start_side_pentagon_end_top_centre,140,93,0,140,93,0
3800,4,800,24034.33,141,92,-173.5,1144.94,True,on_dome_path_labels_24_to_1_start_side_pentagon_end_top_centre,141,92,0,141,92,0
3801,4,801,24064.38,142,92,-151.38,1150.06,True,on_dome_path_labels_24_to_1_start_side_pentagon_end_top_centre,142,92,0,142,92,0
3802,4,802,24094.42,143,92,-129.26,1155.19,True,on_dome_path_labels_24_to_1_start_side_pentagon_end_top_centre,143,92,0,143,92,0
3803,4,803,24124.46,144,92,-107.13,1160.31,True,on_dome_path_labels_24_to_1_start_side_pentagon_end_top_centre,145,92,1,145,92,1
3804,4,804,24154.51,145,91,-85.01,1165.43,True,on_dome_path_labels_24_to_1_start_side_pentagon_end_top_centre,145,91,0,145,91,0
3805,4,805,24184.55,146,91,-62.89,1170.55,True,on_dome_path_labels_24_to_1_start_side_pentagon_end_top_centre,146,91,0,146,91,0
3806,4,806,24214.59,147,91,-40.77,1175.68,True,on_dome_path_labels_24_to_1_start_side_pentagon_end_top_centre,147,91,0,147,91,0
3807,4,807,24244.64,149,91,-18.65,1180.8,True,on_dome_path_labels_24_to_1_start_side_pentagon_end_top_centre,149,91,0,149,91,0
3808,4,808,24274.68,150,90,3.47,1185.92,True,on_dome_path_labels_24_to_1_start_side_pentagon_end_top_centre,150,89,1,150,89,1
3809,4,809,24304.72,151,90,25.6,1191.04,True,on_dome_path_labels_24_to_1_start_side_pentagon_end_top_centre,151,90,0,151,90,0
3810,4,810,24334.76,152,90,47.72,1196.16,True,on_dome_path_labels_24_to_1_start_side_pentagon_end_top_centre,152,90,0,152,90,0
3811,4,811,24364.81,153,90,69.84,1201.29,True,on_dome_path_labels_24_to_1_start_side_pentagon_end_top_centre,153,90,0,153,90,0
3812,4,812,24394.85,154,89,91.96,1206.41,True,on_dome_path_labels_24_to_1_start_side_pentagon_end_top_centre,154,89,0,154,89,0
3813,4,813,24424.89,155,89,114.08,1211.53,True,on_dome_path_labels_24_to_1_start_side_pentagon_end_top_centre,155,89,0,155,89,0
3814,4,814,24454.94,156,89,130.94,1212.34,True,on_dome_path_labels_24_to_1_start_side_pentagon_end_top_centre,156,89,0,156,89,0
3815,4,815,24484.98,156,90,121.05,1191.2,True,on_dome_path_labels_24_to_1_start_side_pentagon_end_top_centre,156,90,0,156,90,0
3816,4,816,24515.02,155,91,111.16,1170.07,True,on_dome_path_labels_24_to_1_start_side_pentagon_end_top_centre,155,91,0,155,91,0
3817,4,817,24545.06,155,92,101.27,1148.93,True,on_dome_path_labels_24_to_1_start_side_pentagon_end_top_centre,154,92,1,154,92,1
3818,4,818,24575.11,154,93,91.38,1127.79,True,on_dome_path_labels_24_to_1_start_side_pentagon_end_top_centre,154,93,0,154,93,0
3819,4,819,24605.15,154,94,81.49,1106.66,True,on_dome_path_labels_24_to_1_start_side_pentagon_end_top_centre,154,94,0,154,94,0
3820,4,820,24635.19,153,95,71.59,1085.52,True,on_dome_path_labels_24_to_1_start_side_pentagon_end_top_centre,153,95,0,153,95,0
3821,4,821,24665.24,153,96,61.7,1064.38,True,on_dome_path_labels_24_to_1_start_side_pentagon_end_top_centre,153,96,0,153,96,0
3822,4,822,24695.28,152,98,51.81,1043.25,True,on_dome_path_labels_24_to_1_start_side_pentagon_end_top_centre,152,98,0,152,98,0
3823,4,823,24725.32,152,99,41.92,1022.11,True,on_dome_path_labels_24_to_1_start_side_pentagon_end_top_centre,152,99,0,152,99,0
3824,4,824,24755.36,151,100,32.03,1000.97,True,on_dome_path_labels_24_to_1_start_side_pentagon_end_top_centre,151,100,0,151,100,0
3825,4,825,24785.41,151,101,22.14,979.84,True,on_dome_path_labels_24_to_1_start_side_pentagon_end_top_centre,151,101,0,151,101,0
3826,4,826,24815.45,150,102,12.25,958.7,True,on_dome_path_labels_24_to_1_start_side_pentagon_end_top_centre,150,102,0,150,102,0
3827,4,827,24845.49,150,103,2.35,937.56,True,on_dome_path_labels_24_to_1_start_side_pentagon_end_top_centre,150,103,0,150,103,0
3828,4,828,24875.54,149,104,-7.54,916.43,True,on_dome_path_labels_24_to_1_start_side_pentagon_end_top_centre,149,104,0,149,104,0
3829,4,829,24905.58,149,105,-17.43,895.29,True,on_dome_path_labels_24_to_1_start_side_pentagon_end_top_centre,149,105,0,149,105,0
3830,4,830,24935.62,148,106,-27.32,874.15,True,on_dome_path_labels_24_to_1_start_side_pentagon_end_top_centre,148,106,0,148,106,0
3831,4,831,24965.67,148,107,-37.21,853.02,True,on_dome_path_labels_24_to_1_start_side_pentagon_end_top_centre,148,107,0,148,107,0
3832,4,832,24995.71,147,108,-47.1,831.88,True,on_dome_path_labels_24_to_1_start_side_pentagon_end_top_centre,147,108,0,147,108,0
3833,4,833,25025.75,147,109,-57.0,810.74,True,on_dome_path_labels_24_to_1_start_side_pentagon_end_top_centre,147,109,0,147,109,0
3834,4,834,25055.79,146,110,-66.89,789.61,True,on_dome_path_labels_24_to_1_start_side_pentagon_end_top_centre,146,110,0,146,110,0
3835,4,835,25085.84,146,111,-76.78,768.47,True,on_dome_path_labels_24_to_1_start_side_pentagon_end_top_centre,146,111,0,146,111,0
3836,4,836,25115.88,145,112,-86.67,747.33,True,on_dome_path_labels_24_to_1_start_side_pentagon_end_top_centre,145,112,0,145,112,0
3837,4,837,25145.92,145,113,-96.56,726.2,True,on_dome_path_labels_24_to_1_start_side_pentagon_end_top_centre,145,113,0,145,113,0
3838,4,838,25175.97,144,114,-106.45,705.06,True,on_dome_path_labels_24_to_1_start_side_pentagon_end_top_centre,144,114,0,144,114,0
3839,4,839,25206.01,144,115,-116.34,683.92,True,on_dome_path_labels_24_to_1_start_side_pentagon_end_top_centre,144,115,0,144,115,0
3840,4,840,25236.05,143,116,-126.24,662.79,True,on_dome_path_labels_24_to_1_start_side_pentagon_end_top_centre,143,116,0,143,116,0
3841,4,841,25266.09,143,118,-136.13,641.65,True,on_dome_path_labels_24_to_1_start_side_pentagon_end_top_centre,143,118,0,143,118,0
3842,4,842,25296.14,142,119,-146.02,620.51,True,on_dome_path_labels_24_to_1_start_side_pentagon_end_top_centre,142,119,0,142,119,0
3843,4,843,25326.18,142,120,-155.91,599.38,True,on_dome_path_labels_24_to_1_start_side_pentagon_end_top_centre,142,120,0,142,120,0
3844,4,844,25356.22,141,121,-165.8,578.24,True,on_dome_path_labels_24_to_1_start_side_pentagon_end_top_centre,141,121,0,141,121,0
3845,4,845,25386.27,141,122,-175.69,557.1,True,on_dome_path_labels_24_to_1_start_side_pentagon_end_top_centre,141,122,0,141,122,0
3846,4,846,25416.31,140,123,-185.58,535.97,True,on_dome_path_labels_24_to_1_start_side_pentagon_end_top_centre,140,123,0,140,123,0
3847,4,847,25446.35,140,124,-195.48,514.83,True,on_dome_path_labels_24_to_1_start_side_pentagon_end_top_centre,140,124,0,140,124,0
3848,4,848,25476.39,139,125,-205.37,493.69,True,on_dome_path_labels_24_to_1_start_side_pentagon_end_top_centre,139,125,0,139,125,0
3849,4,849,25506.44,139,126,-215.26,472.56,True,on_dome_path_labels_24_to_1_start_side_pentagon_end_top_centre,139,126,0,139,126,0
3850,4,850,25536.48,138,127,-225.15,451.42,True,on_dome_path_labels_24_to_1_start_side_pentagon_end_top_centre,138,127,0,138,127,0
3851,4,851,25566.52,138,128,-235.04,430.28,True,on_dome_path_labels_24_to_1_start_side_pentagon_end_top_centre,138,128,0,138,128,0
3852,4,852,25596.57,137,129,-244.93,409.15,True,on_dome_path_labels_24_to_1_start_side_pentagon_end_top_centre,137,129,0,137,129,0
3853,4,853,25626.61,137,130,-254.83,388.01,True,on_dome_path_labels_24_to_1_start_side_pentagon_end_top_centre,137,130,0,137,130,0
3854,4,854,25656.65,137,130,-241.89,388.52,True,on_dome_path_labels_24_to_1_start_side_pentagon_end_top_centre,138,130,1,138,130,1
3855,4,855,25686.7,138,130,-222.37,395.28,True,on_dome_path_labels_24_to_1_start_side_pentagon_end_top_centre,138,129,1,138,129,1
3856,4,856,25716.74,139,129,-202.86,402.03,True,on_dome_path_labels_24_to_1_start_side_pentagon_end_top_centre,139,129,0,139,129,0
3857,4,857,25746.78,140,129,-183.34,408.79,True,on_dome_path_labels_24_to_1_start_side_pentagon_end_top_centre,140,129,0,140,129,0
3858,4,858,25776.82,141,129,-163.83,415.54,True,on_dome_path_labels_24_to_1_start_side_pentagon_end_top_centre,141,129,0,141,129,0
3859,4,859,25806.87,142,128,-144.31,422.3,True,on_dome_path_labels_24_to_1_start_side_pentagon_end_top_centre,142,128,0,142,128,0
3860,4,860,25836.91,143,128,-124.79,429.05,True,on_dome_path_labels_24_to_1_start_side_pentagon_end_top_centre,143,128,0,143,128,0
3861,4,861,25866.95,144,128,-105.28,435.81,True,on_dome_path_labels_24_to_1_start_side_pentagon_end_top_centre,144,128,0,144,128,0
3862,4,862,25897.0,145,127,-85.76,442.56,True,on_dome_path_labels_24_to_1_start_side_pentagon_end_top_centre,145,127,0,145,127,0
3863,4,863,25927.04,146,127,-66.24,449.32,True,on_dome_path_labels_24_to_1_start_side_pentagon_end_top_centre,146,127,0,146,127,0
3864,4,864,25957.08,147,127,-46.73,456.07,True,on_dome_path_labels_24_to_1_start_side_pentagon_end_top_centre,147,127,0,147,127,0
3865,4,865,25987.12,148,126,-27.21,462.83,True,on_dome_path_labels_24_to_1_start_side_pentagon_end_top_centre,148,126,0,148,126,0
3866,4,866,26017.17,149,126,-7.69,469.58,True,on_dome_path_labels_24_to_1_start_side_pentagon_end_top_centre,149,126,0,149,126,0
3867,4,867,26047.21,150,126,11.82,476.34,True,on_dome_path_labels_24_to_1_start_side_pentagon_end_top_centre,150,126,0,150,126,0
3868,4,868,26077.25,151,125,31.34,483.09,True,on_dome_path_labels_24_to_1_start_side_pentagon_end_top_centre,151,125,0,151,125,0
3869,4,869,26107.3,152,125,50.86,489.85,True,on_dome_path_labels_24_to_1_start_side_pentagon_end_top_centre,152,125,0,152,125,0
3870,4,870,26137.34,153,125,70.37,496.6,True,on_dome_path_labels_24_to_1_start_side_pentagon_end_top_centre,153,125,0,153,125,0
3871,4,871,26167.38,154,124,89.89,503.36,True,on_dome_path_labels_24_to_1_start_side_pentagon_end_top_centre,154,124,0,154,124,0
3872,4,872,26197.42,155,124,109.41,510.11,True,on_dome_path_labels_24_to_1_start_side_pentagon_end_top_centre,155,124,0,155,124,0
3873,4,873,26227.47,156,124,128.92,516.87,True,on_dome_path_labels_24_to_1_start_side_pentagon_end_top_centre,156,124,0,156,124,0
3874,4,874,26257.51,157,123,148.44,523.62,True,on_dome_path_labels_24_to_1_start_side_pentagon_end_top_centre,157,123,0,157,123,0
3875,4,875,26287.55,158,123,167.95,530.38,True,on_dome_path_labels_24_to_1_start_side_pentagon_end_top_centre,158,123,0,158,123,0
3876,4,876,26317.6,159,123,187.47,537.13,True,on_dome_path_labels_24_to_1_start_side_pentagon_end_top_centre,160,123,1,160,123,1
3877,4,877,26347.64,160,122,206.99,543.89,True,on_dome_path_labels_24_to_1_start_side_pentagon_end_top_centre,160,122,0,160,122,0
3878,4,878,26377.68,161,122,226.5,550.64,True,on_dome_path_labels_24_to_1_start_side_pentagon_end_top_centre,161,122,0,161,122,0
3879,4,879,26407.73,162,122,246.02,557.39,True,on_dome_path_labels_24_to_1_start_side_pentagon_end_top_centre,162,122,0,162,122,0
3880,4,880,26437.77,163,121,265.54,564.15,True,on_dome_path_labels_24_to_1_start_side_pentagon_end_top_centre,163,121,0,163,121,0
3881,4,881,26467.81,164,121,285.05,570.9,True,on_dome_path_labels_24_to_1_start_side_pentagon_end_top_centre,164,121,0,164,121,0
3882,4,882,26497.85,165,121,304.57,577.66,True,on_dome_path_labels_24_to_1_start_side_pentagon_end_top_centre,165,121,0,165,121,0
3883,4,883,26527.9,166,120,324.09,584.41,True,on_dome_path_labels_24_to_1_start_side_pentagon_end_top_centre,166,120,0,166,120,0
3884,4,884,26557.94,167,120,343.6,591.17,True,on_dome_path_labels_24_to_1_start_side_pentagon_end_top_centre,167,120,0,167,120,0
3885,4,885,26587.98,168,120,363.12,597.92,True,on_dome_path_labels_24_to_1_start_side_pentagon_end_top_centre,168,120,0,168,120,0
3886,4,886,26618.03,169,119,382.64,604.68,True,on_dome_path_labels_24_to_1_start_side_pentagon_end_top_centre,169,119,0,169,119,0
3887,4,887,26648.07,170,119,402.15,611.43,True,on_dome_path_labels_24_to_1_start_side_pentagon_end_top_centre,170,119,0,170,119,0
3888,4,888,26678.11,171,119,421.67,618.19,True,on_dome_path_labels_24_to_1_start_side_pentagon_end_top_centre,171,118,1,171,118,1
3889,4,889,26708.15,171,118,441.18,624.94,True,on_dome_path_labels_24_to_1_start_side_pentagon_end_top_centre,171,117,1,171,117,1
3890,4,890,26738.2,172,118,460.7,631.7,True,on_dome_path_labels_24_to_1_start_side_pentagon_end_top_centre,172,117,1,172,117,1
3891,4,891,26768.24,173,118,480.22,638.45,True,on_dome_path_labels_24_to_1_start_side_pentagon_end_top_centre,173,118,0,173,118,0
3892,4,892,26798.28,174,117,499.73,645.21,True,on_dome_path_labels_24_to_1_start_side_pentagon_end_top_centre,174,117,0,174,117,0
3893,4,893,26828.33,175,117,506.63,642.94,True,on_dome_path_labels_24_to_1_start_side_pentagon_end_top_centre,175,117,0,175,117,0
3894,4,894,26858.37,174,118,493.64,626.46,True,on_dome_path_labels_24_to_1_start_side_pentagon_end_top_centre,174,118,0,174,118,0
3895,4,895,26888.41,173,119,480.65,609.97,True,on_dome_path_labels_24_to_1_start_side_pentagon_end_top_centre,173,119,0,173,119,0
3896,4,896,26918.45,173,120,467.66,593.49,True,on_dome_path_labels_24_to_1_start_side_pentagon_end_top_centre,173,120,0,173,120,0
3897,4,897,26948.5,172,121,454.67,577.0,True,on_dome_path_labels_24_to_1_start_side_pentagon_end_top_centre,172,121,0,172,121,0
3898,4,898,26978.54,172,122,441.68,560.52,True,on_dome_path_labels_24_to_1_start_side_pentagon_end_top_centre,172,122,0,172,122,0
3899,4,899,27008.58,171,122,428.69,544.03,True,on_dome_path_labels_24_to_1_start_side_pentagon_end_top_centre,171,122,0,171,122,0
3900,4,900,27038.63,170,123,415.7,527.54,True,on_dome_path_labels_24_to_1_start_side_pentagon_end_top_centre,170,123,0,170,123,0
3901,4,901,27068.67,170,124,402.71,511.06,True,on_dome_path_labels_24_to_1_start_side_pentagon_end_top_centre,170,124,0,170,124,0
3902,4,902,27098.71,169,125,389.72,494.57,True,on_dome_path_labels_24_to_1_start_side_pentagon_end_top_centre,169,125,0,169,125,0
3903,4,903,27128.76,168,126,376.73,478.09,True,on_dome_path_labels_24_to_1_start_side_pentagon_end_top_centre,168,126,0,168,126,0
3904,4,904,27158.8,168,126,363.74,461.6,True,on_dome_path_labels_24_to_1_start_side_pentagon_end_top_centre,169,126,1,169,126,1
3905,4,905,27188.84,167,127,350.75,445.12,True,on_dome_path_labels_24_to_1_start_side_pentagon_end_top_centre,167,127,0,167,127,0
3906,4,906,27218.88,166,128,337.76,428.63,True,on_dome_path_labels_24_to_1_start_side_pentagon_end_top_centre,166,128,0,166,128,0
3907,4,907,27248.93,166,129,324.77,412.14,True,on_dome_path_labels_24_to_1_start_side_pentagon_end_top_centre,166,129,0,166,129,0
3908,4,908,27278.97,165,130,311.78,395.66,True,on_dome_path_labels_24_to_1_start_side_pentagon_end_top_centre,165,130,0,165,130,0
3909,4,909,27309.01,164,131,298.78,379.17,True,on_dome_path_labels_24_to_1_start_side_pentagon_end_top_centre,165,131,1,165,131,1
3910,4,910,27339.06,164,131,285.79,362.69,True,on_dome_path_labels_24_to_1_start_side_pentagon_end_top_centre,163,132,1,163,132,1
3911,4,911,27369.1,163,132,272.8,346.2,True,on_dome_path_labels_24_to_1_start_side_pentagon_end_top_centre,162,132,1,162,132,1
3912,4,912,27399.14,162,133,259.81,329.71,True,on_dome_path_labels_24_to_1_start_side_pentagon_end_top_centre,162,133,0,162,133,0
3913,4,913,27429.18,162,134,246.82,313.23,True,on_dome_path_labels_24_to_1_start_side_pentagon_end_top_centre,162,134,0,162,134,0
3914,4,914,27459.23,161,135,233.83,296.74,True,on_dome_path_labels_24_to_1_start_side_pentagon_end_top_centre,161,135,0,161,135,0
3915,4,915,27489.27,161,136,220.84,280.26,True,on_dome_path_labels_24_to_1_start_side_pentagon_end_top_centre,161,136,0,161,136,0
3916,4,916,27519.31,160,136,207.85,263.77,True,on_dome_path_labels_24_to_1_start_side_pentagon_end_top_centre,160,136,0,160,136,0
3917,4,917,27549.36,159,137,194.86,247.29,True,on_dome_path_labels_24_to_1_start_side_pentagon_end_top_centre,159,137,0,159,137,0
3918,4,918,27579.4,159,138,181.87,230.8,True,on_dome_path_labels_24_to_1_start_side_pentagon_end_top_centre,159,138,0,159,138,0
3919,4,919,27609.44,158,139,168.88,214.31,True,on_dome_path_labels_24_to_1_start_side_pentagon_end_top_centre,158,139,0,158,139,0
3920,4,920,27639.48,157,140,155.89,197.83,True,on_dome_path_labels_24_to_1_start_side_pentagon_end_top_centre,157,140,0,157,140,0
3921,4,921,27669.53,157,140,142.9,181.34,True,on_dome_path_labels_24_to_1_start_side_pentagon_end_top_centre,157,139,1,157,139,1
3922,4,922,27699.57,156,141,129.91,164.86,True,on_dome_path_labels_24_to_1_start_side_pentagon_end_top_centre,156,141,0,156,141,0
3923,4,923,27729.61,155,142,116.92,148.37,True,on_dome_path_labels_24_to_1_start_side_pentagon_end_top_centre,155,142,0,155,142,0
3924,4,924,27759.66,155,143,103.93,131.89,True,on_dome_path_labels_24_to_1_start_side_pentagon_end_top_centre,155,143,0,154,142,1
3925,4,925,27789.7,154,144,90.93,115.4,True,on_dome_path_labels_24_to_1_start_side_pentagon_end_top_centre,154,144,0,153,142,2
3926,4,926,27819.74,153,145,77.94,98.91,True,on_dome_path_labels_24_to_1_start_side_pentagon_end_top_centre,153,145,0,152,142,3
3927,4,927,27849.79,153,145,64.95,82.43,True,on_dome_path_labels_24_to_1_start_side_pentagon_end_top_centre,153,144,1,151,142,3
3928,4,928,27879.83,152,146,51.96,65.94,True,on_dome_path_labels_24_to_1_start_side_pentagon_end_top_centre,152,146,0,149,142,4
3929,4,929,27909.87,151,147,38.97,49.46,True,on_dome_path_labels_24_to_1_start_side_pentagon_end_top_centre,151,147,0,148,142,5
3930,4,930,27939.91,151,148,25.98,32.97,True,on_dome_path_labels_24_to_1_start_side_pentagon_end_top_centre,151,148,0,147,142,6
3931,4,931,27969.96,150,149,12.99,16.49,True,on_dome_path_labels_24_to_1_start_side_pentagon_end_top_centre,150,148,1,146,142,7
3932,4,932,28000.0,150,150,0.0,-0.0,True,on_dome_path_labels_24_to_1_start_side_pentagon_end_top_centre,151,149,1,142,150,8
3933,4,933,28000.0,150,150,0.0,0.0,False,tail_hangs_down_from_top_centre_raw_xy_overlap,,,,158,150,8
3934,4,934,28030.0,150,150,0.0,0.0,False,tail_hangs_down_from_top_centre_raw_xy_overlap,,,,150,158,8
3935,4,935,28060.0,150,150,0.0,0.0,False,tail_hangs_down_from_top_centre_raw_xy_overlap,,,,142,149,8
3936,4,936,28090.0,150,150,0.0,0.0,False,tail_hangs_down_from_top_centre_raw_xy_overlap,,,,158,149,8
3937,4,937,28120.0,150,150,0.0,0.0,False,tail_hangs_down_from_top_centre_raw_xy_overlap,,,,158,151,8
3938,4,938,28150.0,150,150,0.0,0.0,False,tail_hangs_down_from_top_centre_raw_xy_overlap,,,,151,158,8
3939,4,939,28180.0,150,150,0.0,0.0,False,tail_hangs_down_from_top_centre_raw_xy_overlap,,,,142,148,8
3940,4,940,28210.0,150,150,0.0,0.0,False,tail_hangs_down_from_top_centre_raw_xy_overlap,,,,158,148,8
3941,4,941,28240.0,150,150,0.0,0.0,False,tail_hangs_down_from_top_centre_raw_xy_overlap,,,,142,152,8
3942,4,942,28270.0,150,150,0.0,0.0,False,tail_hangs_down_from_top_centre_raw_xy_overlap,,,,158,152,8
3943,4,943,28300.0,150,150,0.0,0.0,False,tail_hangs_down_from_top_centre_raw_xy_overlap,,,,148,158,8
3944,4,944,28330.0,150,150,0.0,0.0,False,tail_hangs_down_from_top_centre_raw_xy_overlap,,,,152,158,8
3945,4,945,28360.0,150,150,0.0,0.0,False,tail_hangs_down_from_top_centre_raw_xy_overlap,,,,142,147,8
3946,4,946,28390.0,150,150,0.0,0.0,False,tail_hangs_down_from_top_centre_raw_xy_overlap,,,,158,147,8
3947,4,947,28420.0,150,150,0.0,0.0,False,tail_hangs_down_from_top_centre_raw_xy_overlap,,,,142,153,8
3948,4,948,28450.0,150,150,0.0,0.0,False,tail_hangs_down_from_top_centre_raw_xy_overlap,,,,147,158,8
3949,4,949,28480.0,150,150,0.0,0.0,False,tail_hangs_down_from_top_centre_raw_xy_overlap,,,,153,158,8
3950,4,950,28510.0,150,150,0.0,0.0,False,tail_hangs_down_from_top_centre_raw_xy_overlap,,,,142,146,8
3951,4,951,28540.0,150,150,0.0,0.0,False,tail_hangs_down_from_top_centre_raw_xy_overlap,,,,158,146,8
3952,4,952,28570.0,150,150,0.0,0.0,False,tail_hangs_down_from_top_centre_raw_xy_overlap,,,,142,154,8
3953,4,953,28600.0,150,150,0.0,0.0,False,tail_hangs_down_from_top_centre_raw_xy_overlap,,,,158,154,8
3954,4,954,28630.0,150,150,0.0,0.0,False,tail_hangs_down_from_top_centre_raw_xy_overlap,,,,146,158,8
3955,4,955,28660.0,150,150,0.0,0.0,False,tail_hangs_down_from_top_centre_raw_xy_overlap,,,,154,158,8
3956,4,956,28690.0,150,150,0.0,0.0,False,tail_hangs_down_from_top_centre_raw_xy_overlap,,,,145,142,8
3957,4,957,28720.0,150,150,0.0,0.0,False,tail_hangs_down_from_top_centre_raw_xy_overlap,,,,142,145,8
3958,4,958,28750.0,150,150,0.0,0.0,False,tail_hangs_down_from_top_centre_raw_xy_overlap,,,,158,145,8
3959,4,959,28780.0,150,150,0.0,0.0,False,tail_hangs_down_from_top_centre_raw_xy_overlap,,,,142,155,8
3960,4,960,28810.0,150,150,0.0,0.0,False,tail_hangs_down_from_top_centre_raw_xy_overlap,,,,158,155,8
3961,4,961,28840.0,150,150,0.0,0.0,False,tail_hangs_down_from_top_centre_raw_xy_overlap,,,,145,158,8
3962,4,962,28870.0,150,150,0.0,0.0,False,tail_hangs_down_from_top_centre_raw_xy_overlap,,,,155,158,8
3963,4,963,28900.0,150,150,0.0,0.0,False,tail_hangs_down_from_top_centre_raw_xy_overlap,,,,144,142,8
3964,4,964,28930.0,150,150,0.0,0.0,False,tail_hangs_down_from_top_centre_raw_xy_overlap,,,,156,142,8
3965,4,965,28960.0,150,150,0.0,0.0,False,tail_hangs_down_from_top_centre_raw_xy_overlap,,,,142,144,8
3966,4,966,28990.0,150,150,0.0,0.0,False,tail_hangs_down_from_top_centre_raw_xy_overlap,,,,158,144,8
3967,4,967,29020.0,150,150,0.0,0.0,False,tail_hangs_down_from_top_centre_raw_xy_overlap,,,,142,156,8
3968,4,968,29050.0,150,150,0.0,0.0,False,tail_hangs_down_from_top_centre_raw_xy_overlap,,,,158,156,8
3969,4,969,29080.0,150,150,0.0,0.0,False,tail_hangs_down_from_top_centre_raw_xy_overlap,,,,144,158,8
3970,4,970,29110.0,150,150,0.0,0.0,False,tail_hangs_down_from_top_centre_raw_xy_overlap,,,,156,158,8
3971,4,971,29140.0,150,150,0.0,0.0,False,tail_hangs_down_from_top_centre_raw_xy_overlap,,,,143,142,8
3972,4,972,29170.0,150,150,0.0,0.0,False,tail_hangs_down_from_top_centre_raw_xy_overlap,,,,157,142,8
3973,4,973,29200.0,150,150,0.0,0.0,False,tail_hangs_down_from_top_centre_raw_xy_overlap,,,,142,143,8
3974,4,974,29230.0,150,150,0.0,0.0,False,tail_hangs_down_from_top_centre_raw_xy_overlap,,,,158,143,8
3975,4,975,29260.0,150,150,0.0,0.0,False,tail_hangs_down_from_top_centre_raw_xy_overlap,,,,142,157,8
3976,4,976,29290.0,150,150,0.0,0.0,False,tail_hangs_down_from_top_centre_raw_xy_overlap,,,,158,157,8
3977,4,977,29320.0,150,150,0.0,0.0,False,tail_hangs_down_from_top_centre_raw_xy_overlap,,,,143,158,8
3978,4,978,29350.0,150,150,0.0,0.0,False,tail_hangs_down_from_top_centre_raw_xy_overlap,,,,157,158,8
3979,4,979,29380.0,150,150,0.0,0.0,False,tail_hangs_down_from_top_centre_raw_xy_overlap,,,,142,142,8
3980,4,980,29410.0,150,150,0.0,0.0,False,tail_hangs_down_from_top_centre_raw_xy_overlap,,,,158,142,8
3981,4,981,29440.0,150,150,0.0,0.0,False,tail_hangs_down_from_top_centre_raw_xy_overlap,,,,142,158,8
3982,4,982,29470.0,150,150,0.0,0.0,False,tail_hangs_down_from_top_centre_raw_xy_overlap,,,,158,158,8
3983,4,983,29500.0,150,150,0.0,0.0,False,tail_hangs_down_from_top_centre_raw_xy_overlap,,,,150,141,9
3984,4,984,29530.0,150,150,0.0,0.0,False,tail_hangs_down_from_top_centre_raw_xy_overlap,,,,141,150,9
3985,4,985,29560.0,150,150,0.0,0.0,False,tail_hangs_down_from_top_centre_raw_xy_overlap,,,,159,150,9
3986,4,986,29590.0,150,150,0.0,0.0,False,tail_hangs_down_from_top_centre_raw_xy_overlap,,,,150,159,9
3987,4,987,29620.0,150,150,0.0,0.0,False,tail_hangs_down_from_top_centre_raw_xy_overlap,,,,149,141,9
3988,4,988,29650.0,150,150,0.0,0.0,False,tail_hangs_down_from_top_centre_raw_xy_overlap,,,,151,141,9
3989,4,989,29680.0,150,150,0.0,0.0,False,tail_hangs_down_from_top_centre_raw_xy_overlap,,,,141,149,9
3990,4,990,29710.0,150,150,0.0,0.0,False,tail_hangs_down_from_top_centre_raw_xy_overlap,,,,159,149,9
3991,4,991,29740.0,150,150,0.0,0.0,False,tail_hangs_down_from_top_centre_raw_xy_overlap,,,,141,151,9
3992,4,992,29770.0,150,150,0.0,0.0,False,tail_hangs_down_from_top_centre_raw_xy_overlap,,,,159,151,9
3993,4,993,29800.0,150,150,0.0,0.0,False,tail_hangs_down_from_top_centre_raw_xy_overlap,,,,151,159,9
3994,4,994,29830.0,150,150,0.0,0.0,False,tail_hangs_down_from_top_centre_raw_xy_overlap,,,,148,141,9
3995,4,995,29860.0,150,150,0.0,0.0,False,tail_hangs_down_from_top_centre_raw_xy_overlap,,,,152,141,9
3996,4,996,29890.0,150,150,0.0,0.0,False,tail_hangs_down_from_top_centre_raw_xy_overlap,,,,141,148,9
3997,4,997,29920.0,150,150,0.0,0.0,False,tail_hangs_down_from_top_centre_raw_xy_overlap,,,,159,148,9
3998,4,998,29950.0,150,150,0.0,0.0,False,tail_hangs_down_from_top_centre_raw_xy_overlap,,,,159,152,9
3999,4,999,29980.0,150,150,0.0,0.0,False,tail_hangs_down_from_top_centre_raw_xy_overlap,,,,148,159,9
4000,5,0,0.0,51,181,-1975.26,-641.8,True,on_dome_path_labels_24_to_1_start_side_pentagon_end_top_centre,51,181,0,51,181,0
4001,5,1,30.04,50,181,-1993.98,-636.02,True,on_dome_path_labels_24_to_1_start_side_pentagon_end_top_centre,50,181,0,50,181,0
4002,5,2,60.09,49,181,-2012.69,-630.23,True,on_dome_path_labels_24_to_1_start_side_pentagon_end_top_centre,49,181,0,49,181,0
4003,5,3,90.13,48,181,-2031.4,-624.45,True,on_dome_path_labels_24_to_1_start_side_pentagon_end_top_centre,48,181,0,48,181,0
4004,5,4,120.17,47,180,-2050.12,-618.66,True,on_dome_path_labels_24_to_1_start_side_pentagon_end_top_centre,47,180,0,47,180,0
4005,5,5,150.21,46,180,-2068.83,-612.88,True,on_dome_path_labels_24_to_1_start_side_pentagon_end_top_centre,46,180,0,46,180,0
4006,5,6,180.26,45,180,-2087.54,-607.1,True,on_dome_path_labels_24_to_1_start_side_pentagon_end_top_centre,45,180,0,45,180,0
4007,5,7,210.3,45,179,-2106.26,-601.31,True,on_dome_path_labels_24_to_1_start_side_pentagon_end_top_centre,45,179,0,45,179,0
4008,5,8,240.34,44,179,-2124.97,-595.53,True,on_dome_path_labels_24_to_1_start_side_pentagon_end_top_centre,44,179,0,44,179,0
4009,5,9,270.39,43,179,-2143.68,-589.74,True,on_dome_path_labels_24_to_1_start_side_pentagon_end_top_centre,43,179,0,43,179,0
4010,5,10,300.43,42,179,-2162.39,-583.96,True,on_dome_path_labels_24_to_1_start_side_pentagon_end_top_centre,42,179,0,42,179,0
4011,5,11,330.47,41,178,-2181.11,-578.17,True,on_dome_path_labels_24_to_1_start_side_pentagon_end_top_centre,41,178,0,41,178,0
4012,5,12,360.52,40,178,-2199.82,-572.39,True,on_dome_path_labels_24_to_1_start_side_pentagon_end_top_centre,40,178,0,40,178,0
4013,5,13,390.56,39,178,-2218.53,-566.61,True,on_dome_path_labels_24_to_1_start_side_pentagon_end_top_centre,39,178,0,39,178,0
4014,5,14,420.6,38,177,-2237.25,-560.82,True,on_dome_path_labels_24_to_1_start_side_pentagon_end_top_centre,38,177,0,38,177,0
4015,5,15,450.64,37,177,-2255.96,-555.04,True,on_dome_path_labels_24_to_1_start_side_pentagon_end_top_centre,37,177,0,37,177,0
4016,5,16,480.69,36,177,-2274.67,-549.25,True,on_dome_path_labels_24_to_1_start_side_pentagon_end_top_centre,36,177,0,36,177,0
4017,5,17,510.73,35,177,-2293.39,-543.47,True,on_dome_path_labels_24_to_1_start_side_pentagon_end_top_centre,35,177,0,35,177,0
4018,5,18,540.77,34,176,-2312.1,-537.68,True,on_dome_path_labels_24_to_1_start_side_pentagon_end_top_centre,34,176,0,34,176,0
4019,5,19,570.82,33,176,-2330.81,-531.9,True,on_dome_path_labels_24_to_1_start_side_pentagon_end_top_centre,33,176,0,33,176,0
4020,5,20,600.86,32,176,-2349.53,-526.12,True,on_dome_path_labels_24_to_1_start_side_pentagon_end_top_centre,32,176,0,32,176,0
4021,5,21,630.9,31,175,-2368.24,-520.33,True,on_dome_path_labels_24_to_1_start_side_pentagon_end_top_centre,31,175,0,31,175,0
4022,5,22,660.94,31,175,-2386.95,-514.55,True,on_dome_path_labels_24_to_1_start_side_pentagon_end_top_centre,31,174,1,31,174,1
4023,5,23,690.99,30,175,-2405.67,-508.76,True,on_dome_path_labels_24_to_1_start_side_pentagon_end_top_centre,30,175,0,30,175,0
4024,5,24,721.03,29,175,-2424.38,-502.98,True,on_dome_path_labels_24_to_1_start_side_pentagon_end_top_centre,29,175,0,29,175,0
4025,5,25,751.07,28,174,-2443.09,-497.19,True,on_dome_path_labels_24_to_1_start_side_pentagon_end_top_centre,28,174,0,28,174,0
4026,5,26,781.12,27,174,-2461.81,-491.41,True,on_dome_path_labels_24_to_1_start_side_pentagon_end_top_centre,27,174,0,27,174,0
4027,5,27,811.16,26,174,-2480.52,-485.63,True,on_dome_path_labels_24_to_1_start_side_pentagon_end_top_centre,26,174,0,26,174,0
4028,5,28,841.2,25,173,-2499.23,-479.84,True,on_dome_path_labels_24_to_1_start_side_pentagon_end_top_centre,25,173,0,25,173,0
4029,5,29,871.24,24,173,-2517.95,-474.06,True,on_dome_path_labels_24_to_1_start_side_pentagon_end_top_centre,24,173,0,24,173,0
4030,5,30,901.29,23,173,-2536.66,-468.27,True,on_dome_path_labels_24_to_1_start_side_pentagon_end_top_centre,23,173,0,23,173,0
4031,5,31,931.33,22,173,-2555.37,-462.49,True,on_dome_path_labels_24_to_1_start_side_pentagon_end_top_centre,22,173,0,22,173,0
4032,5,32,961.37,21,172,-2574.09,-456.71,True,on_dome_path_labels_24_to_1_start_side_pentagon_end_top_centre,21,172,0,21,172,0
4033,5,33,991.42,20,172,-2592.8,-450.92,True,on_dome_path_labels_24_to_1_start_side_pentagon_end_top_centre,20,172,0,20,172,0
4034,5,34,1021.46,19,172,-2611.51,-445.14,True,on_dome_path_labels_24_to_1_start_side_pentagon_end_top_centre,19,172,0,19,172,0
4035,5,35,1051.5,18,171,-2630.23,-439.35,True,on_dome_path_labels_24_to_1_start_side_pentagon_end_top_centre,18,171,0,18,171,0
4036,5,36,1081.55,17,171,-2648.94,-433.57,True,on_dome_path_labels_24_to_1_start_side_pentagon_end_top_centre,17,171,0,17,171,0
4037,5,37,1111.59,17,171,-2667.65,-427.78,True,on_dome_path_labels_24_to_1_start_side_pentagon_end_top_centre,17,170,1,17,170,1
4038,5,38,1141.63,16,171,-2686.37,-422.0,True,on_dome_path_labels_24_to_1_start_side_pentagon_end_top_centre,16,171,0,16,171,0
4039,5,39,1171.67,16,171,-2686.49,-436.86,True,on_dome_path_labels_24_to_1_start_side_pentagon_end_top_centre,16,170,1,16,170,1
4040,5,40,1201.72,16,172,-2679.45,-459.7,True,on_dome_path_labels_24_to_1_start_side_pentagon_end_top_centre,16,172,0,16,172,0
4041,5,41,1231.76,16,174,-2672.4,-482.54,True,on_dome_path_labels_24_to_1_start_side_pentagon_end_top_centre,16,174,0,16,174,0
4042,5,42,1261.8,17,175,-2665.35,-505.37,True,on_dome_path_labels_24_to_1_start_side_pentagon_end_top_centre,17,175,0,17,175,0
4043,5,43,1291.85,17,176,-2658.31,-528.21,True,on_dome_path_labels_24_to_1_start_side_pentagon_end_top_centre,17,176,0,17,176,0
4044,5,44,1321.89,17,177,-2651.26,-551.05,True,on_dome_path_labels_24_to_1_start_side_pentagon_end_top_centre,17,177,0,17,177,0
4045,5,45,1351.93,18,178,-2644.21,-573.88,True,on_dome_path_labels_24_to_1_start_side_pentagon_end_top_centre,18,178,0,18,178,0
4046,5,46,1381.97,18,179,-2637.17,-596.72,True,on_dome_path_labels_24_to_1_start_side_pentagon_end_top_centre,18,179,0,18,179,0
4047,5,47,1412.02,18,180,-2630.12,-619.56,True,on_dome_path_labels_24_to_1_start_side_pentagon_end_top_centre,18,180,0,18,180,0
4048,5,48,1442.06,19,182,-2623.07,-642.4,True,on_dome_path_labels_24_to_1_start_side_pentagon_end_top_centre,19,182,0,19,182,0
4049,5,49,1472.1,19,183,-2616.03,-665.23,True,on_dome_path_labels_24_to_1_start_side_pentagon_end_top_centre,19,183,0,19,183,0
4050,5,50,1502.15,19,184,-2608.98,-688.07,True,on_dome_path_labels_24_to_1_start_side_pentagon_end_top_centre,19,184,0,19,184,0
4051,5,51,1532.19,20,185,-2601.93,-710.91,True,on_dome_path_labels_24_to_1_start_side_pentagon_end_top_centre,20,185,0,20,185,0
4052,5,52,1562.23,20,186,-2594.89,-733.74,True,on_dome_path_labels_24_to_1_start_side_pentagon_end_top_centre,20,186,0,20,186,0
4053,5,53,1592.27,21,187,-2587.84,-756.58,True,on_dome_path_labels_24_to_1_start_side_pentagon_end_top_centre,21,187,0,21,187,0
4054,5,54,1622.32,21,188,-2580.79,-779.42,True,on_dome_path_labels_24_to_1_start_side_pentagon_end_top_centre,21,188,0,21,188,0
4055,5,55,1652.36,21,189,-2573.74,-802.25,True,on_dome_path_labels_24_to_1_start_side_pentagon_end_top_centre,21,189,0,21,189,0
4056,5,56,1682.4,22,191,-2566.7,-825.09,True,on_dome_path_labels_24_to_1_start_side_pentagon_end_top_centre,22,191,0,22,191,0
4057,5,57,1712.45,22,192,-2559.65,-847.93,True,on_dome_path_labels_24_to_1_start_side_pentagon_end_top_centre,22,192,0,22,192,0
4058,5,58,1742.49,22,193,-2552.6,-870.76,True,on_dome_path_labels_24_to_1_start_side_pentagon_end_top_centre,22,193,0,22,193,0
4059,5,59,1772.53,23,194,-2545.56,-893.6,True,on_dome_path_labels_24_to_1_start_side_pentagon_end_top_centre,23,194,0,23,194,0
4060,5,60,1802.58,23,195,-2538.51,-916.44,True,on_dome_path_labels_24_to_1_start_side_pentagon_end_top_centre,23,195,0,23,195,0
4061,5,61,1832.62,23,196,-2531.46,-939.27,True,on_dome_path_labels_24_to_1_start_side_pentagon_end_top_centre,23,196,0,23,196,0
4062,5,62,1862.66,24,197,-2524.42,-962.11,True,on_dome_path_labels_24_to_1_start_side_pentagon_end_top_centre,24,197,0,24,197,0
4063,5,63,1892.7,24,199,-2517.37,-984.95,True,on_dome_path_labels_24_to_1_start_side_pentagon_end_top_centre,24,199,0,24,199,0
4064,5,64,1922.75,24,200,-2510.32,-1007.78,True,on_dome_path_labels_24_to_1_start_side_pentagon_end_top_centre,24,200,0,24,200,0
4065,5,65,1952.79,25,201,-2503.28,-1030.62,True,on_dome_path_labels_24_to_1_start_side_pentagon_end_top_centre,25,201,0,25,201,0
4066,5,66,1982.83,25,202,-2496.23,-1053.46,True,on_dome_path_labels_24_to_1_start_side_pentagon_end_top_centre,25,202,0,25,202,0
4067,5,67,2012.88,25,203,-2489.18,-1076.3,True,on_dome_path_labels_24_to_1_start_side_pentagon_end_top_centre,25,203,0,25,203,0
4068,5,68,2042.92,26,204,-2482.14,-1099.13,True,on_dome_path_labels_24_to_1_start_side_pentagon_end_top_centre,26,204,0,26,204,0
4069,5,69,2072.96,26,205,-2475.09,-1121.97,True,on_dome_path_labels_24_to_1_start_side_pentagon_end_top_centre,26,205,0,26,205,0
4070,5,70,2103.0,27,207,-2468.04,-1144.81,True,on_dome_path_labels_24_to_1_start_side_pentagon_end_top_centre,27,207,0,27,207,0
4071,5,71,2133.05,27,208,-2460.99,-1167.64,True,on_dome_path_labels_24_to_1_start_side_pentagon_end_top_centre,27,208,0,27,208,0
4072,5,72,2163.09,27,209,-2453.95,-1190.48,True,on_dome_path_labels_24_to_1_start_side_pentagon_end_top_centre,27,209,0,27,209,0
4073,5,73,2193.13,28,210,-2446.9,-1213.32,True,on_dome_path_labels_24_to_1_start_side_pentagon_end_top_centre,28,210,0,28,210,0
4074,5,74,2223.18,28,211,-2439.85,-1236.15,True,on_dome_path_labels_24_to_1_start_side_pentagon_end_top_centre,28,211,0,28,211,0
4075,5,75,2253.22,28,212,-2432.81,-1258.99,True,on_dome_path_labels_24_to_1_start_side_pentagon_end_top_centre,28,212,0,28,212,0
4076,5,76,2283.26,29,213,-2425.76,-1281.83,True,on_dome_path_labels_24_to_1_start_side_pentagon_end_top_centre,29,213,0,29,213,0
4077,5,77,2313.3,29,214,-2416.09,-1303.48,True,on_dome_path_labels_24_to_1_start_side_pentagon_end_top_centre,29,214,0,29,214,0
4078,5,78,2343.35,30,215,-2403.11,-1323.64,True,on_dome_path_labels_24_to_1_start_side_pentagon_end_top_centre,30,215,0,30,215,0
4079,5,79,2373.39,30,216,-2390.14,-1343.81,True,on_dome_path_labels_24_to_1_start_side_pentagon_end_top_centre,30,216,0,30,216,0
4080,5,80,2403.43,31,217,-2377.16,-1363.97,True,on_dome_path_labels_24_to_1_start_side_pentagon_end_top_centre,31,217,0,31,217,0
4081,5,81,2433.48,32,218,-2364.19,-1384.14,True,on_dome_path_labels_24_to_1_start_side_pentagon_end_top_centre,32,218,0,32,218,0
4082,5,82,2463.52,32,219,-2351.21,-1404.3,True,on_dome_path_labels_24_to_1_start_side_pentagon_end_top_centre,32,219,0,32,219,0
4083,5,83,2493.56,33,220,-2338.23,-1424.46,True,on_dome_path_labels_24_to_1_start_side_pentagon_end_top_centre,33,220,0,33,220,0
4084,5,84,2523.61,34,221,-2325.26,-1444.63,True,on_dome_path_labels_24_to_1_start_side_pentagon_end_top_centre,34,221,0,34,221,0
4085,5,85,2553.65,34,222,-2312.28,-1464.79,True,on_dome_path_labels_24_to_1_start_side_pentagon_end_top_centre,34,222,0,34,222,0
4086,5,86,2583.69,35,224,-2299.31,-1484.96,True,on_dome_path_labels_24_to_1_start_side_pentagon_end_top_centre,35,224,0,35,224,0
4087,5,87,2613.73,36,225,-2286.33,-1505.12,True,on_dome_path_labels_24_to_1_start_side_pentagon_end_top_centre,36,225,0,36,225,0
4088,5,88,2643.78,36,226,-2273.36,-1525.28,True,on_dome_path_labels_24_to_1_start_side_pentagon_end_top_centre,36,226,0,36,226,0
4089,5,89,2673.82,37,227,-2260.38,-1545.45,True,on_dome_path_labels_24_to_1_start_side_pentagon_end_top_centre,37,227,0,37,227,0
4090,5,90,2703.86,38,228,-2247.41,-1565.61,True,on_dome_path_labels_24_to_1_start_side_pentagon_end_top_centre,38,228,0,38,228,0
4091,5,91,2733.91,38,229,-2234.43,-1585.78,True,on_dome_path_labels_24_to_1_start_side_pentagon_end_top_centre,38,229,0,38,229,0
4092,5,92,2763.95,39,230,-2221.46,-1605.94,True,on_dome_path_labels_24_to_1_start_side_pentagon_end_top_centre,39,230,0,39,230,0
4093,5,93,2793.99,39,231,-2208.48,-1626.11,True,on_dome_path_labels_24_to_1_start_side_pentagon_end_top_centre,39,231,0,39,231,0
4094,5,94,2824.03,40,232,-2195.5,-1646.27,True,on_dome_path_labels_24_to_1_start_side_pentagon_end_top_centre,40,232,0,40,232,0
4095,5,95,2854.08,41,233,-2182.53,-1666.43,True,on_dome_path_labels_24_to_1_start_side_pentagon_end_top_centre,41,233,0,41,233,0
4096,5,96,2884.12,41,234,-2169.55,-1686.6,True,on_dome_path_labels_24_to_1_start_side_pentagon_end_top_centre,41,234,0,41,234,0
4097,5,97,2914.16,42,235,-2156.58,-1706.76,True,on_dome_path_labels_24_to_1_start_side_pentagon_end_top_centre,42,235,0,42,235,0
4098,5,98,2944.21,43,236,-2143.6,-1726.93,True,on_dome_path_labels_24_to_1_start_side_pentagon_end_top_centre,43,236,0,43,236,0
4099,5,99,2974.25,43,237,-2130.63,-1747.09,True,on_dome_path_labels_24_to_1_start_side_pentagon_end_top_centre,43,237,0,43,237,0
4100,5,100,3004.29,44,238,-2117.65,-1767.25,True,on_dome_path_labels_24_to_1_start_side_pentagon_end_top_centre,44,238,0,44,238,0
4101,5,101,3034.33,45,239,-2104.68,-1787.42,True,on_dome_path_labels_24_to_1_start_side_pentagon_end_top_centre,45,239,0,45,239,0
4102,5,102,3064.38,45,240,-2091.7,-1807.58,True,on_dome_path_labels_24_to_1_start_side_pentagon_end_top_centre,45,240,0,45,240,0
4103,5,103,3094.42,46,241,-2078.73,-1827.75,True,on_dome_path_labels_24_to_1_start_side_pentagon_end_top_centre,46,241,0,46,241,0
4104,5,104,3124.46,47,242,-2065.75,-1847.91,True,on_dome_path_labels_24_to_1_start_side_pentagon_end_top_centre,47,242,0,47,242,0
4105,5,105,3154.51,47,243,-2052.77,-1868.07,True,on_dome_path_labels_24_to_1_start_side_pentagon_end_top_centre,47,243,0,47,243,0
4106,5,106,3184.55,48,244,-2039.8,-1888.24,True,on_dome_path_labels_24_to_1_start_side_pentagon_end_top_centre,48,244,0,48,244,0
4107,5,107,3214.59,48,245,-2026.82,-1908.4,True,on_dome_path_labels_24_to_1_start_side_pentagon_end_top_centre,48,245,0,48,245,0
4108,5,108,3244.64,49,246,-2013.85,-1928.57,True,on_dome_path_labels_24_to_1_start_side_pentagon_end_top_centre,49,246,0,49,246,0
4109,5,109,3274.68,50,247,-2000.87,-1948.73,True,on_dome_path_labels_24_to_1_start_side_pentagon_end_top_centre,50,247,0,50,247,0
4110,5,110,3304.72,50,248,-1987.9,-1968.89,True,on_dome_path_labels_24_to_1_start_side_pentagon_end_top_centre,50,248,0,50,248,0
4111,5,111,3334.76,51,249,-1974.92,-1989.06,True,on_dome_path_labels_24_to_1_start_side_pentagon_end_top_centre,51,249,0,51,249,0
4112,5,112,3364.81,52,250,-1961.95,-2009.22,True,on_dome_path_labels_24_to_1_start_side_pentagon_end_top_centre,52,250,0,52,250,0
4113,5,113,3394.85,52,251,-1948.97,-2029.39,True,on_dome_path_labels_24_to_1_start_side_pentagon_end_top_centre,52,251,0,52,251,0
4114,5,114,3424.89,53,252,-1936.0,-2049.55,True,on_dome_path_labels_24_to_1_start_side_pentagon_end_top_centre,53,252,0,53,252,0
4115,5,115,3454.94,54,253,-1923.35,-2068.67,True,on_dome_path_labels_24_to_1_start_side_pentagon_end_top_centre,54,253,0,54,253,0
4116,5,116,3484.98,54,253,-1912.41,-2082.49,True,on_dome_path_labels_24_to_1_start_side_pentagon_end_top_centre,54,252,1,54,252,1
4117,5,117,3515.02,55,254,-1901.47,-2096.3,True,on_dome_path_labels_24_to_1_start_side_pentagon_end_top_centre,55,254,0,55,254,0
4118,5,118,3545.06,55,255,-1890.54,-2110.12,True,on_dome_path_labels_24_to_1_start_side_pentagon_end_top_centre,55,255,0,55,255,0
4119,5,119,3575.11,56,255,-1879.6,-2123.93,True,on_dome_path_labels_24_to_1_start_side_pentagon_end_top_centre,56,255,0,56,255,0
4120,5,120,3605.15,56,256,-1868.66,-2137.75,True,on_dome_path_labels_24_to_1_start_side_pentagon_end_top_centre,56,256,0,56,256,0
4121,5,121,3635.19,57,257,-1857.72,-2151.56,True,on_dome_path_labels_24_to_1_start_side_pentagon_end_top_centre,57,257,0,57,257,0
4122,5,122,3665.24,57,257,-1846.78,-2165.38,True,on_dome_path_labels_24_to_1_start_side_pentagon_end_top_centre,57,256,1,57,256,1
4123,5,123,3695.28,58,258,-1835.84,-2179.19,True,on_dome_path_labels_24_to_1_start_side_pentagon_end_top_centre,58,258,0,58,258,0
4124,5,124,3725.32,59,259,-1824.9,-2193.01,True,on_dome_path_labels_24_to_1_start_side_pentagon_end_top_centre,59,259,0,59,259,0
4125,5,125,3755.36,59,259,-1813.96,-2206.82,True,on_dome_path_labels_24_to_1_start_side_pentagon_end_top_centre,59,258,1,59,258,1
4126,5,126,3785.41,60,260,-1803.02,-2220.64,True,on_dome_path_labels_24_to_1_start_side_pentagon_end_top_centre,60,260,0,60,260,0
4127,5,127,3815.45,60,261,-1792.08,-2234.45,True,on_dome_path_labels_24_to_1_start_side_pentagon_end_top_centre,60,261,0,60,261,0
4128,5,128,3845.49,61,262,-1781.14,-2248.27,True,on_dome_path_labels_24_to_1_start_side_pentagon_end_top_centre,61,262,0,61,262,0
4129,5,129,3875.54,61,262,-1770.2,-2262.08,True,on_dome_path_labels_24_to_1_start_side_pentagon_end_top_centre,61,261,1,61,261,1
4130,5,130,3905.58,62,263,-1759.26,-2275.9,True,on_dome_path_labels_24_to_1_start_side_pentagon_end_top_centre,62,263,0,62,263,0
4131,5,131,3935.62,62,264,-1748.32,-2289.71,True,on_dome_path_labels_24_to_1_start_side_pentagon_end_top_centre,62,264,0,62,264,0
4132,5,132,3965.67,63,264,-1737.38,-2303.53,True,on_dome_path_labels_24_to_1_start_side_pentagon_end_top_centre,63,264,0,63,264,0
4133,5,133,3995.71,63,265,-1726.44,-2317.35,True,on_dome_path_labels_24_to_1_start_side_pentagon_end_top_centre,63,265,0,63,265,0
4134,5,134,4025.75,64,266,-1715.5,-2331.16,True,on_dome_path_labels_24_to_1_start_side_pentagon_end_top_centre,64,266,0,64,266,0
4135,5,135,4055.79,65,266,-1704.56,-2344.98,True,on_dome_path_labels_24_to_1_start_side_pentagon_end_top_centre,65,266,0,65,266,0
4136,5,136,4085.84,65,267,-1693.62,-2358.79,True,on_dome_path_labels_24_to_1_start_side_pentagon_end_top_centre,65,267,0,65,267,0
4137,5,137,4115.88,66,268,-1682.68,-2372.61,True,on_dome_path_labels_24_to_1_start_side_pentagon_end_top_centre,66,268,0,66,268,0
4138,5,138,4145.92,66,268,-1671.74,-2386.42,True,on_dome_path_labels_24_to_1_start_side_pentagon_end_top_centre,66,267,1,66,267,1
4139,5,139,4175.97,67,269,-1660.8,-2400.24,True,on_dome_path_labels_24_to_1_start_side_pentagon_end_top_centre,67,269,0,67,269,0
4140,5,140,4206.01,67,270,-1649.86,-2414.05,True,on_dome_path_labels_24_to_1_start_side_pentagon_end_top_centre,67,270,0,67,270,0
4141,5,141,4236.05,68,270,-1638.92,-2427.87,True,on_dome_path_labels_24_to_1_start_side_pentagon_end_top_centre,68,270,0,68,270,0
4142,5,142,4266.09,68,271,-1627.98,-2441.68,True,on_dome_path_labels_24_to_1_start_side_pentagon_end_top_centre,68,271,0,68,271,0
4143,5,143,4296.14,69,272,-1617.04,-2455.5,True,on_dome_path_labels_24_to_1_start_side_pentagon_end_top_centre,69,272,0,69,272,0
4144,5,144,4326.18,69,273,-1606.1,-2469.31,True,on_dome_path_labels_24_to_1_start_side_pentagon_end_top_centre,69,273,0,69,273,0
4145,5,145,4356.22,70,273,-1595.16,-2483.13,True,on_dome_path_labels_24_to_1_start_side_pentagon_end_top_centre,70,273,0,70,273,0
4146,5,146,4386.27,71,274,-1584.22,-2496.94,True,on_dome_path_labels_24_to_1_start_side_pentagon_end_top_centre,71,274,0,71,274,0
4147,5,147,4416.31,71,275,-1573.28,-2510.76,True,on_dome_path_labels_24_to_1_start_side_pentagon_end_top_centre,71,275,0,71,275,0
4148,5,148,4446.35,72,275,-1562.34,-2524.57,True,on_dome_path_labels_24_to_1_start_side_pentagon_end_top_centre,72,275,0,72,275,0
4149,5,149,4476.39,72,276,-1551.4,-2538.39,True,on_dome_path_labels_24_to_1_start_side_pentagon_end_top_centre,72,276,0,72,276,0
4150,5,150,4506.44,73,277,-1540.46,-2552.2,True,on_dome_path_labels_24_to_1_start_side_pentagon_end_top_centre,73,277,0,73,277,0
4151,5,151,4536.48,73,277,-1529.52,-2566.02,True,on_dome_path_labels_24_to_1_start_side_pentagon_end_top_centre,73,276,1,73,276,1
4152,5,152,4566.52,74,278,-1518.58,-2579.83,True,on_dome_path_labels_24_to_1_start_side_pentagon_end_top_centre,74,278,0,74,278,0
4153,5,153,4596.57,74,279,-1507.64,-2593.65,True,on_dome_path_labels_24_to_1_start_side_pentagon_end_top_centre,74,279,0,74,279,0
4154,5,154,4626.61,75,278,-1495.13,-2579.8,True,on_dome_path_labels_24_to_1_start_side_pentagon_end_top_centre,75,278,0,75,278,0
4155,5,155,4656.65,76,277,-1482.42,-2562.38,True,on_dome_path_labels_24_to_1_start_side_pentagon_end_top_centre,76,277,0,76,277,0
4156,5,156,4686.7,76,276,-1469.7,-2544.96,True,on_dome_path_labels_24_to_1_start_side_pentagon_end_top_centre,76,276,0,76,276,0
4157,5,157,4716.74,77,275,-1456.99,-2527.54,True,on_dome_path_labels_24_to_1_start_side_pentagon_end_top_centre,77,275,0,77,275,0
4158,5,158,4746.78,78,275,-1444.27,-2510.11,True,on_dome_path_labels_24_to_1_start_side_pentagon_end_top_centre,78,275,0,78,275,0
4159,5,159,4776.82,78,274,-1431.56,-2492.69,True,on_dome_path_labels_24_to_1_start_side_pentagon_end_top_centre,78,274,0,78,274,0
4160,5,160,4806.87,79,273,-1418.84,-2475.27,True,on_dome_path_labels_24_to_1_start_side_pentagon_end_top_centre,79,273,0,79,273,0
4161,5,161,4836.91,79,272,-1406.13,-2457.85,True,on_dome_path_labels_24_to_1_start_side_pentagon_end_top_centre,79,272,0,79,272,0
4162,5,162,4866.95,80,271,-1393.42,-2440.43,True,on_dome_path_labels_24_to_1_start_side_pentagon_end_top_centre,80,271,0,80,271,0
4163,5,163,4897.0,81,270,-1380.7,-2423.01,True,on_dome_path_labels_24_to_1_start_side_pentagon_end_top_centre,81,270,0,81,270,0
4164,5,164,4927.04,81,269,-1367.99,-2405.59,True,on_dome_path_labels_24_to_1_start_side_pentagon_end_top_centre,81,269,0,81,269,0
4165,5,165,4957.08,82,269,-1355.27,-2388.17,True,on_dome_path_labels_24_to_1_start_side_pentagon_end_top_centre,82,269,0,82,269,0
4166,5,166,4987.12,83,268,-1342.56,-2370.75,True,on_dome_path_labels_24_to_1_start_side_pentagon_end_top_centre,83,268,0,83,268,0
4167,5,167,5017.17,83,267,-1329.84,-2353.33,True,on_dome_path_labels_24_to_1_start_side_pentagon_end_top_centre,83,267,0,83,267,0
4168,5,168,5047.21,84,266,-1317.13,-2335.91,True,on_dome_path_labels_24_to_1_start_side_pentagon_end_top_centre,84,266,0,84,266,0
4169,5,169,5077.25,84,265,-1304.42,-2318.48,True,on_dome_path_labels_24_to_1_start_side_pentagon_end_top_centre,84,265,0,84,265,0
4170,5,170,5107.3,85,264,-1291.7,-2301.06,True,on_dome_path_labels_24_to_1_start_side_pentagon_end_top_centre,85,264,0,85,264,0
4171,5,171,5137.34,86,263,-1278.99,-2283.64,True,on_dome_path_labels_24_to_1_start_side_pentagon_end_top_centre,86,263,0,86,263,0
4172,5,172,5167.38,86,262,-1266.27,-2266.22,True,on_dome_path_labels_24_to_1_start_side_pentagon_end_top_centre,86,262,0,86,262,0
4173,5,173,5197.42,87,262,-1253.56,-2248.8,True,on_dome_path_labels_24_to_1_start_side_pentagon_end_top_centre,87,262,0,87,262,0
4174,5,174,5227.47,88,261,-1240.84,-2231.38,True,on_dome_path_labels_24_to_1_start_side_pentagon_end_top_centre,88,261,0,88,261,0
4175,5,175,5257.51,88,260,-1228.13,-2213.96,True,on_dome_path_labels_24_to_1_start_side_pentagon_end_top_centre,88,260,0,88,260,0
4176,5,176,5287.55,89,259,-1215.42,-2196.54,True,on_dome_path_labels_24_to_1_start_side_pentagon_end_top_centre,89,259,0,89,259,0
4177,5,177,5317.6,90,258,-1202.7,-2179.12,True,on_dome_path_labels_24_to_1_start_side_pentagon_end_top_centre,90,258,0,90,258,0
4178,5,178,5347.64,90,257,-1189.99,-2161.7,True,on_dome_path_labels_24_to_1_start_side_pentagon_end_top_centre,90,257,0,90,257,0
4179,5,179,5377.68,91,256,-1177.27,-2144.27,True,on_dome_path_labels_24_to_1_start_side_pentagon_end_top_centre,91,256,0,91,256,0
4180,5,180,5407.73,91,255,-1164.56,-2126.85,True,on_dome_path_labels_24_to_1_start_side_pentagon_end_top_centre,91,255,0,91,255,0
4181,5,181,5437.77,92,255,-1151.84,-2109.43,True,on_dome_path_labels_24_to_1_start_side_pentagon_end_top_centre,92,255,0,92,255,0
4182,5,182,5467.81,93,254,-1139.13,-2092.01,True,on_dome_path_labels_24_to_1_start_side_pentagon_end_top_centre,93,254,0,93,254,0
4183,5,183,5497.85,93,253,-1126.42,-2074.59,True,on_dome_path_labels_24_to_1_start_side_pentagon_end_top_centre,93,253,0,93,253,0
4184,5,184,5527.9,94,252,-1113.7,-2057.17,True,on_dome_path_labels_24_to_1_start_side_pentagon_end_top_centre,94,252,0,94,252,0
4185,5,185,5557.94,95,251,-1100.99,-2039.75,True,on_dome_path_labels_24_to_1_start_side_pentagon_end_top_centre,95,251,0,95,251,0
4186,5,186,5587.98,95,250,-1088.27,-2022.33,True,on_dome_path_labels_24_to_1_start_side_pentagon_end_top_centre,95,250,0,95,250,0
4187,5,187,5618.03,96,249,-1075.56,-2004.91,True,on_dome_path_labels_24_to_1_start_side_pentagon_end_top_centre,96,249,0,96,249,0
4188,5,188,5648.07,97,249,-1062.84,-1987.49,True,on_dome_path_labels_24_to_1_start_side_pentagon_end_top_centre,97,249,0,97,249,0
4189,5,189,5678.11,97,248,-1050.13,-1970.06,True,on_dome_path_labels_24_to_1_start_side_pentagon_end_top_centre,97,248,0,97,248,0
4190,5,190,5708.15,98,247,-1037.42,-1952.64,True,on_dome_path_labels_24_to_1_start_side_pentagon_end_top_centre,98,247,0,98,247,0
4191,5,191,5738.2,98,246,-1024.7,-1935.22,True,on_dome_path_labels_24_to_1_start_side_pentagon_end_top_centre,98,246,0,98,246,0
4192,5,192,5768.24,98,246,-1033.82,-1930.6,True,on_dome_path_labels_24_to_1_start_side_pentagon_end_top_centre,98,245,1,98,245,1
4193,5,193,5798.28,97,246,-1057.06,-1934.26,True,on_dome_path_labels_24_to_1_start_side_pentagon_end_top_centre,97,246,0,97,246,0
4194,5,194,5828.33,96,246,-1080.31,-1937.91,True,on_dome_path_labels_24_to_1_start_side_pentagon_end_top_centre,96,246,0,96,246,0
4195,5,195,5858.37,95,246,-1103.55,-1941.57,True,on_dome_path_labels_24_to_1_start_side_pentagon_end_top_centre,95,246,0,95,246,0
4196,5,196,5888.41,93,246,-1126.79,-1945.23,True,on_dome_path_labels_24_to_1_start_side_pentagon_end_top_centre,93,246,0,93,246,0
4197,5,197,5918.45,92,247,-1150.04,-1948.89,True,on_dome_path_labels_24_to_1_start_side_pentagon_end_top_centre,92,247,0,92,247,0
4198,5,198,5948.5,91,247,-1173.28,-1952.54,True,on_dome_path_labels_24_to_1_start_side_pentagon_end_top_centre,91,247,0,91,247,0
4199,5,199,5978.54,90,247,-1196.52,-1956.2,True,on_dome_path_labels_24_to_1_start_side_pentagon_end_top_centre,90,247,0,90,247,0
4200,5,200,6008.58,89,247,-1219.77,-1959.86,True,on_dome_path_labels_24_to_1_start_side_pentagon_end_top_centre,89,247,0,89,247,0
4201,5,201,6038.63,88,247,-1243.01,-1963.52,True,on_dome_path_labels_24_to_1_start_side_pentagon_end_top_centre,88,247,0,88,247,0
4202,5,202,6068.67,86,248,-1266.25,-1967.18,True,on_dome_path_labels_24_to_1_start_side_pentagon_end_top_centre,86,248,0,86,248,0
4203,5,203,6098.71,85,248,-1289.5,-1970.83,True,on_dome_path_labels_24_to_1_start_side_pentagon_end_top_centre,85,248,0,85,248,0
4204,5,204,6128.76,84,248,-1312.74,-1974.49,True,on_dome_path_labels_24_to_1_start_side_pentagon_end_top_centre,84,248,0,84,248,0
4205,5,205,6158.8,83,248,-1335.98,-1978.15,True,on_dome_path_labels_24_to_1_start_side_pentagon_end_top_centre,83,248,0,83,248,0
4206,5,206,6188.84,82,248,-1359.23,-1981.81,True,on_dome_path_labels_24_to_1_start_side_pentagon_end_top_centre,82,248,0,82,248,0
4207,5,207,6218.88,81,248,-1382.47,-1985.46,True,on_dome_path_labels_24_to_1_start_side_pentagon_end_top_centre,81,248,0,81,248,0
4208,5,208,6248.93,79,249,-1405.71,-1989.12,True,on_dome_path_labels_24_to_1_start_side_pentagon_end_top_centre,79,249,0,79,249,0
4209,5,209,6278.97,78,249,-1428.96,-1992.78,True,on_dome_path_labels_24_to_1_start_side_pentagon_end_top_centre,78,249,0,78,249,0
4210,5,210,6309.01,77,249,-1452.2,-1996.44,True,on_dome_path_labels_24_to_1_start_side_pentagon_end_top_centre,77,249,0,77,249,0
4211,5,211,6339.06,76,249,-1475.44,-2000.09,True,on_dome_path_labels_24_to_1_start_side_pentagon_end_top_centre,76,249,0,76,249,0
4212,5,212,6369.1,75,249,-1498.69,-2003.75,True,on_dome_path_labels_24_to_1_start_side_pentagon_end_top_centre,75,249,0,75,249,0
4213,5,213,6399.14,74,250,-1521.93,-2007.41,True,on_dome_path_labels_24_to_1_start_side_pentagon_end_top_centre,74,250,0,74,250,0
4214,5,214,6429.18,72,250,-1545.17,-2011.07,True,on_dome_path_labels_24_to_1_start_side_pentagon_end_top_centre,72,250,0,72,250,0
4215,5,215,6459.23,71,250,-1568.42,-2014.72,True,on_dome_path_labels_24_to_1_start_side_pentagon_end_top_centre,71,250,0,71,250,0
4216,5,216,6489.27,70,250,-1591.66,-2018.38,True,on_dome_path_labels_24_to_1_start_side_pentagon_end_top_centre,70,250,0,70,250,0
4217,5,217,6519.31,69,250,-1614.9,-2022.04,True,on_dome_path_labels_24_to_1_start_side_pentagon_end_top_centre,69,250,0,69,250,0
4218,5,218,6549.36,68,250,-1638.15,-2025.7,True,on_dome_path_labels_24_to_1_start_side_pentagon_end_top_centre,68,250,0,68,250,0
4219,5,219,6579.4,67,251,-1661.39,-2029.35,True,on_dome_path_labels_24_to_1_start_side_pentagon_end_top_centre,67,251,0,67,251,0
4220,5,220,6609.44,66,251,-1684.63,-2033.01,True,on_dome_path_labels_24_to_1_start_side_pentagon_end_top_centre,66,251,0,66,251,0
4221,5,221,6639.48,64,251,-1707.88,-2036.67,True,on_dome_path_labels_24_to_1_start_side_pentagon_end_top_centre,64,251,0,64,251,0
4222,5,222,6669.53,63,251,-1731.12,-2040.33,True,on_dome_path_labels_24_to_1_start_side_pentagon_end_top_centre,63,251,0,63,251,0
4223,5,223,6699.57,62,251,-1754.36,-2043.98,True,on_dome_path_labels_24_to_1_start_side_pentagon_end_top_centre,62,251,0,62,251,0
4224,5,224,6729.61,61,252,-1777.61,-2047.64,True,on_dome_path_labels_24_to_1_start_side_pentagon_end_top_centre,61,252,0,61,252,0
4225,5,225,6759.66,60,252,-1800.85,-2051.3,True,on_dome_path_labels_24_to_1_start_side_pentagon_end_top_centre,60,252,0,60,252,0
4226,5,226,6789.7,59,252,-1824.09,-2054.96,True,on_dome_path_labels_24_to_1_start_side_pentagon_end_top_centre,59,252,0,59,252,0
4227,5,227,6819.74,57,252,-1847.34,-2058.62,True,on_dome_path_labels_24_to_1_start_side_pentagon_end_top_centre,57,252,0,57,252,0
4228,5,228,6849.79,56,252,-1870.58,-2062.27,True,on_dome_path_labels_24_to_1_start_side_pentagon_end_top_centre,56,252,0,56,252,0
4229,5,229,6879.83,55,252,-1893.82,-2065.93,True,on_dome_path_labels_24_to_1_start_side_pentagon_end_top_centre,55,252,0,55,252,0
4230,5,230,6909.87,55,252,-1905.88,-2061.79,True,on_dome_path_labels_24_to_1_start_side_pentagon_end_top_centre,55,251,1,55,251,1
4231,5,231,6939.91,55,251,-1895.09,-2041.7,True,on_dome_path_labels_24_to_1_start_side_pentagon_end_top_centre,55,250,1,55,250,1
4232,5,232,6969.96,56,250,-1884.29,-2021.62,True,on_dome_path_labels_24_to_1_start_side_pentagon_end_top_centre,56,250,0,56,250,0
4233,5,233,7000.0,56,249,-1873.49,-2001.54,True,on_dome_path_labels_24_to_1_start_side_pentagon_end_top_centre,56,249,0,56,249,0
4234,5,234,7030.04,57,248,-1862.69,-1981.46,True,on_dome_path_labels_24_to_1_start_side_pentagon_end_top_centre,57,248,0,57,248,0
4235,5,235,7060.09,57,247,-1851.9,-1961.37,True,on_dome_path_labels_24_to_1_start_side_pentagon_end_top_centre,57,247,0,57,247,0
4236,5,236,7090.13,58,246,-1841.1,-1941.29,True,on_dome_path_labels_24_to_1_start_side_pentagon_end_top_centre,58,246,0,58,246,0
4237,5,237,7120.17,58,245,-1830.3,-1921.21,True,on_dome_path_labels_24_to_1_start_side_pentagon_end_top_centre,58,245,0,58,245,0
4238,5,238,7150.21,59,244,-1819.51,-1901.12,True,on_dome_path_labels_24_to_1_start_side_pentagon_end_top_centre,59,244,0,59,244,0
4239,5,239,7180.26,59,243,-1808.71,-1881.04,True,on_dome_path_labels_24_to_1_start_side_pentagon_end_top_centre,59,243,0,59,243,0
4240,5,240,7210.3,60,242,-1797.91,-1860.96,True,on_dome_path_labels_24_to_1_start_side_pentagon_end_top_centre,60,242,0,60,242,0
4241,5,241,7240.34,60,241,-1787.11,-1840.87,True,on_dome_path_labels_24_to_1_start_side_pentagon_end_top_centre,60,241,0,60,241,0
4242,5,242,7270.39,61,240,-1776.32,-1820.79,True,on_dome_path_labels_24_to_1_start_side_pentagon_end_top_centre,61,240,0,61,240,0
4243,5,243,7300.43,62,239,-1765.52,-1800.71,True,on_dome_path_labels_24_to_1_start_side_pentagon_end_top_centre,62,239,0,62,239,0
4244,5,244,7330.47,62,238,-1754.72,-1780.62,True,on_dome_path_labels_24_to_1_start_side_pentagon_end_top_centre,62,238,0,62,238,0
4245,5,245,7360.52,63,237,-1743.92,-1760.54,True,on_dome_path_labels_24_to_1_start_side_pentagon_end_top_centre,63,237,0,63,237,0
4246,5,246,7390.56,63,236,-1733.13,-1740.46,True,on_dome_path_labels_24_to_1_start_side_pentagon_end_top_centre,63,236,0,63,236,0
4247,5,247,7420.6,64,235,-1722.33,-1720.38,True,on_dome_path_labels_24_to_1_start_side_pentagon_end_top_centre,64,235,0,64,235,0
4248,5,248,7450.64,64,234,-1711.53,-1700.29,True,on_dome_path_labels_24_to_1_start_side_pentagon_end_top_centre,64,234,0,64,234,0
4249,5,249,7480.69,65,233,-1700.74,-1680.21,True,on_dome_path_labels_24_to_1_start_side_pentagon_end_top_centre,65,233,0,65,233,0
4250,5,250,7510.73,65,232,-1689.94,-1660.13,True,on_dome_path_labels_24_to_1_start_side_pentagon_end_top_centre,65,232,0,65,232,0
4251,5,251,7540.77,66,231,-1679.14,-1640.04,True,on_dome_path_labels_24_to_1_start_side_pentagon_end_top_centre,66,231,0,66,231,0
4252,5,252,7570.82,66,230,-1668.34,-1619.96,True,on_dome_path_labels_24_to_1_start_side_pentagon_end_top_centre,66,230,0,66,230,0
4253,5,253,7600.86,67,229,-1657.55,-1599.88,True,on_dome_path_labels_24_to_1_start_side_pentagon_end_top_centre,67,229,0,67,229,0
4254,5,254,7630.9,67,228,-1646.75,-1579.79,True,on_dome_path_labels_24_to_1_start_side_pentagon_end_top_centre,67,228,0,67,228,0
4255,5,255,7660.94,68,227,-1635.95,-1559.71,True,on_dome_path_labels_24_to_1_start_side_pentagon_end_top_centre,68,227,0,68,227,0
4256,5,256,7690.99,69,226,-1625.15,-1539.63,True,on_dome_path_labels_24_to_1_start_side_pentagon_end_top_centre,69,226,0,69,226,0
4257,5,257,7721.03,69,225,-1614.36,-1519.55,True,on_dome_path_labels_24_to_1_start_side_pentagon_end_top_centre,69,225,0,69,225,0
4258,5,258,7751.07,70,224,-1603.56,-1499.46,True,on_dome_path_labels_24_to_1_start_side_pentagon_end_top_centre,70,224,0,70,224,0
4259,5,259,7781.12,70,223,-1592.76,-1479.38,True,on_dome_path_labels_24_to_1_start_side_pentagon_end_top_centre,70,223,0,70,223,0
4260,5,260,7811.16,71,222,-1581.97,-1459.3,True,on_dome_path_labels_24_to_1_start_side_pentagon_end_top_centre,71,222,0,71,222,0
4261,5,261,7841.2,71,221,-1571.17,-1439.21,True,on_dome_path_labels_24_to_1_start_side_pentagon_end_top_centre,71,221,0,71,221,0
4262,5,262,7871.24,72,220,-1560.37,-1419.13,True,on_dome_path_labels_24_to_1_start_side_pentagon_end_top_centre,72,220,0,72,220,0
4263,5,263,7901.29,72,219,-1549.57,-1399.05,True,on_dome_path_labels_24_to_1_start_side_pentagon_end_top_centre,72,219,0,72,219,0
4264,5,264,7931.33,73,218,-1538.78,-1378.96,True,on_dome_path_labels_24_to_1_start_side_pentagon_end_top_centre,73,218,0,73,218,0
4265,5,265,7961.37,73,217,-1527.98,-1358.88,True,on_dome_path_labels_24_to_1_start_side_pentagon_end_top_centre,73,217,0,73,217,0
4266,5,266,7991.42,74,216,-1517.18,-1338.8,True,on_dome_path_labels_24_to_1_start_side_pentagon_end_top_centre,74,216,0,74,216,0
4267,5,267,8021.46,74,215,-1506.38,-1318.71,True,on_dome_path_labels_24_to_1_start_side_pentagon_end_top_centre,74,215,0,74,215,0
4268,5,268,8051.5,75,214,-1497.32,-1299.63,True,on_dome_path_labels_24_to_1_start_side_pentagon_end_top_centre,75,214,0,75,214,0
4269,5,269,8081.55,74,214,-1521.09,-1299.55,True,on_dome_path_labels_24_to_1_start_side_pentagon_end_top_centre,74,214,0,74,214,0
4270,5,270,8111.59,73,214,-1544.86,-1299.47,True,on_dome_path_labels_24_to_1_start_side_pentagon_end_top_centre,73,214,0,73,214,0
4271,5,271,8141.63,71,214,-1568.63,-1299.39,True,on_dome_path_labels_24_to_1_start_side_pentagon_end_top_centre,71,214,0,71,214,0
4272,5,272,8171.67,70,214,-1592.41,-1299.31,True,on_dome_path_labels_24_to_1_start_side_pentagon_end_top_centre,70,214,0,70,214,0
4273,5,273,8201.72,69,214,-1616.18,-1299.23,True,on_dome_path_labels_24_to_1_start_side_pentagon_end_top_centre,69,214,0,69,214,0
4274,5,274,8231.76,68,214,-1639.95,-1299.15,True,on_dome_path_labels_24_to_1_start_side_pentagon_end_top_centre,68,214,0,68,214,0
4275,5,275,8261.8,67,214,-1663.72,-1299.06,True,on_dome_path_labels_24_to_1_start_side_pentagon_end_top_centre,67,214,0,67,214,0
4276,5,276,8291.85,65,214,-1687.5,-1298.98,True,on_dome_path_labels_24_to_1_start_side_pentagon_end_top_centre,65,214,0,65,214,0
4277,5,277,8321.89,64,214,-1711.27,-1298.9,True,on_dome_path_labels_24_to_1_start_side_pentagon_end_top_centre,64,214,0,64,214,0
4278,5,278,8351.93,63,214,-1735.04,-1298.82,True,on_dome_path_labels_24_to_1_start_side_pentagon_end_top_centre,63,214,0,63,214,0
4279,5,279,8381.97,62,214,-1758.82,-1298.74,True,on_dome_path_labels_24_to_1_start_side_pentagon_end_top_centre,62,214,0,62,214,0
4280,5,280,8412.02,61,214,-1782.59,-1298.66,True,on_dome_path_labels_24_to_1_start_side_pentagon_end_top_centre,61,214,0,61,214,0
4281,5,281,8442.06,59,214,-1806.36,-1298.58,True,on_dome_path_labels_24_to_1_start_side_pentagon_end_top_centre,59,214,0,59,214,0
4282,5,282,8472.1,58,214,-1830.13,-1298.5,True,on_dome_path_labels_24_to_1_start_side_pentagon_end_top_centre,58,214,0,58,214,0
4283,5,283,8502.15,57,214,-1853.91,-1298.42,True,on_dome_path_labels_24_to_1_start_side_pentagon_end_top_centre,57,214,0,57,214,0
4284,5,284,8532.19,56,214,-1877.68,-1298.34,True,on_dome_path_labels_24_to_1_start_side_pentagon_end_top_centre,56,214,0,56,214,0
4285,5,285,8562.23,55,214,-1901.45,-1298.26,True,on_dome_path_labels_24_to_1_start_side_pentagon_end_top_centre,55,214,0,55,214,0
4286,5,286,8592.27,54,214,-1925.22,-1298.17,True,on_dome_path_labels_24_to_1_start_side_pentagon_end_top_centre,54,214,0,54,214,0
4287,5,287,8622.32,52,214,-1949.0,-1298.09,True,on_dome_path_labels_24_to_1_start_side_pentagon_end_top_centre,52,214,0,52,214,0
4288,5,288,8652.36,51,214,-1972.77,-1298.01,True,on_dome_path_labels_24_to_1_start_side_pentagon_end_top_centre,51,214,0,51,214,0
4289,5,289,8682.4,50,214,-1996.54,-1297.93,True,on_dome_path_labels_24_to_1_start_side_pentagon_end_top_centre,50,214,0,50,214,0
4290,5,290,8712.45,49,214,-2020.32,-1297.85,True,on_dome_path_labels_24_to_1_start_side_pentagon_end_top_centre,49,214,0,49,214,0
4291,5,291,8742.49,48,214,-2044.09,-1297.77,True,on_dome_path_labels_24_to_1_start_side_pentagon_end_top_centre,48,214,0,48,214,0
4292,5,292,8772.53,46,214,-2067.86,-1297.69,True,on_dome_path_labels_24_to_1_start_side_pentagon_end_top_centre,46,214,0,46,214,0
4293,5,293,8802.58,45,214,-2091.63,-1297.61,True,on_dome_path_labels_24_to_1_start_side_pentagon_end_top_centre,45,214,0,45,214,0
4294,5,294,8832.62,44,214,-2115.41,-1297.53,True,on_dome_path_labels_24_to_1_start_side_pentagon_end_top_centre,44,214,0,44,214,0
4295,5,295,8862.66,43,214,-2139.18,-1297.45,True,on_dome_path_labels_24_to_1_start_side_pentagon_end_top_centre,43,214,0,43,214,0
4296,5,296,8892.7,42,214,-2162.95,-1297.36,True,on_dome_path_labels_24_to_1_start_side_pentagon_end_top_centre,42,214,0,42,214,0
4297,5,297,8922.75,41,214,-2186.72,-1297.28,True,on_dome_path_labels_24_to_1_start_side_pentagon_end_top_centre,41,214,0,41,214,0
4298,5,298,8952.79,39,214,-2210.5,-1297.2,True,on_dome_path_labels_24_to_1_start_side_pentagon_end_top_centre,39,214,0,39,214,0
4299,5,299,8982.83,38,214,-2234.27,-1297.12,True,on_dome_path_labels_24_to_1_start_side_pentagon_end_top_centre,38,214,0,38,214,0
4300,5,300,9012.88,37,214,-2258.04,-1297.04,True,on_dome_path_labels_24_to_1_start_side_pentagon_end_top_centre,37,214,0,37,214,0
4301,5,301,9042.92,36,214,-2281.82,-1296.96,True,on_dome_path_labels_24_to_1_start_side_pentagon_end_top_centre,36,214,0,36,214,0
4302,5,302,9072.96,35,214,-2305.59,-1296.88,True,on_dome_path_labels_24_to_1_start_side_pentagon_end_top_centre,35,214,0,35,214,0
4303,5,303,9103.0,33,214,-2329.36,-1296.8,True,on_dome_path_labels_24_to_1_start_side_pentagon_end_top_centre,33,214,0,33,214,0
4304,5,304,9133.05,32,214,-2353.13,-1296.72,True,on_dome_path_labels_24_to_1_start_side_pentagon_end_top_centre,32,214,0,32,214,0
4305,5,305,9163.09,31,214,-2376.91,-1296.64,True,on_dome_path_labels_24_to_1_start_side_pentagon_end_top_centre,31,214,0,31,214,0
4306,5,306,9193.13,30,214,-2400.68,-1296.55,True,on_dome_path_labels_24_to_1_start_side_pentagon_end_top_centre,30,214,0,30,214,0
4307,5,307,9223.18,30,213,-2397.34,-1283.61,True,on_dome_path_labels_24_to_1_start_side_pentagon_end_top_centre,30,213,0,30,213,0
4308,5,308,9253.22,31,213,-2385.96,-1266.86,True,on_dome_path_labels_24_to_1_start_side_pentagon_end_top_centre,31,213,0,31,213,0
4309,5,309,9283.26,31,212,-2374.58,-1250.1,True,on_dome_path_labels_24_to_1_start_side_pentagon_end_top_centre,31,212,0,31,212,0
4310,5,310,9313.3,32,211,-2363.2,-1233.34,True,on_dome_path_labels_24_to_1_start_side_pentagon_end_top_centre,32,211,0,32,211,0
4311,5,311,9343.35,32,210,-2351.82,-1216.59,True,on_dome_path_labels_24_to_1_start_side_pentagon_end_top_centre,32,210,0,32,210,0
4312,5,312,9373.39,33,209,-2340.44,-1199.83,True,on_dome_path_labels_24_to_1_start_side_pentagon_end_top_centre,33,209,0,33,209,0
4313,5,313,9403.43,33,208,-2329.06,-1183.08,True,on_dome_path_labels_24_to_1_start_side_pentagon_end_top_centre,33,208,0,33,208,0
4314,5,314,9433.48,34,208,-2317.69,-1166.32,True,on_dome_path_labels_24_to_1_start_side_pentagon_end_top_centre,34,208,0,34,208,0
4315,5,315,9463.52,35,207,-2306.31,-1149.57,True,on_dome_path_labels_24_to_1_start_side_pentagon_end_top_centre,35,207,0,35,207,0
4316,5,316,9493.56,35,206,-2294.93,-1132.81,True,on_dome_path_labels_24_to_1_start_side_pentagon_end_top_centre,35,206,0,35,206,0
4317,5,317,9523.61,36,205,-2283.55,-1116.06,True,on_dome_path_labels_24_to_1_start_side_pentagon_end_top_centre,36,205,0,36,205,0
4318,5,318,9553.65,36,204,-2272.17,-1099.3,True,on_dome_path_labels_24_to_1_start_side_pentagon_end_top_centre,36,204,0,36,204,0
4319,5,319,9583.69,37,203,-2260.79,-1082.55,True,on_dome_path_labels_24_to_1_start_side_pentagon_end_top_centre,37,203,0,37,203,0
4320,5,320,9613.73,37,203,-2249.42,-1065.79,True,on_dome_path_labels_24_to_1_start_side_pentagon_end_top_centre,37,202,1,37,202,1
4321,5,321,9643.78,38,202,-2238.04,-1049.04,True,on_dome_path_labels_24_to_1_start_side_pentagon_end_top_centre,38,202,0,38,202,0
4322,5,322,9673.82,39,201,-2226.66,-1032.28,True,on_dome_path_labels_24_to_1_start_side_pentagon_end_top_centre,39,201,0,39,201,0
4323,5,323,9703.86,39,200,-2215.28,-1015.53,True,on_dome_path_labels_24_to_1_start_side_pentagon_end_top_centre,39,200,0,39,200,0
4324,5,324,9733.91,40,199,-2203.9,-998.77,True,on_dome_path_labels_24_to_1_start_side_pentagon_end_top_centre,40,199,0,40,199,0
4325,5,325,9763.95,40,198,-2192.52,-982.02,True,on_dome_path_labels_24_to_1_start_side_pentagon_end_top_centre,40,198,0,40,198,0
4326,5,326,9793.99,41,198,-2181.14,-965.26,True,on_dome_path_labels_24_to_1_start_side_pentagon_end_top_centre,41,198,0,41,198,0
4327,5,327,9824.03,41,197,-2169.77,-948.51,True,on_dome_path_labels_24_to_1_start_side_pentagon_end_top_centre,41,197,0,41,197,0
4328,5,328,9854.08,42,196,-2158.39,-931.75,True,on_dome_path_labels_24_to_1_start_side_pentagon_end_top_centre,42,196,0,42,196,0
4329,5,329,9884.12,43,195,-2147.01,-915.0,True,on_dome_path_labels_24_to_1_start_side_pentagon_end_top_centre,43,195,0,43,195,0
4330,5,330,9914.16,43,194,-2135.63,-898.24,True,on_dome_path_labels_24_to_1_start_side_pentagon_end_top_centre,43,194,0,43,194,0
4331,5,331,9944.21,44,193,-2124.25,-881.49,True,on_dome_path_labels_24_to_1_start_side_pentagon_end_top_centre,44,193,0,44,193,0
4332,5,332,9974.25,44,193,-2112.87,-864.73,True,on_dome_path_labels_24_to_1_start_side_pentagon_end_top_centre,44,192,1,44,192,1
4333,5,333,10004.29,45,192,-2101.5,-847.98,True,on_dome_path_labels_24_to_1_start_side_pentagon_end_top_centre,45,192,0,45,192,0
4334,5,334,10034.33,45,191,-2090.12,-831.22,True,on_dome_path_labels_24_to_1_start_side_pentagon_end_top_centre,45,191,0,45,191,0
4335,5,335,10064.38,46,190,-2078.74,-814.47,True,on_dome_path_labels_24_to_1_start_side_pentagon_end_top_centre,46,190,0,46,190,0
4336,5,336,10094.42,46,189,-2067.36,-797.71,True,on_dome_path_labels_24_to_1_start_side_pentagon_end_top_centre,46,189,0,46,189,0
4337,5,337,10124.46,47,188,-2055.98,-780.96,True,on_dome_path_labels_24_to_1_start_side_pentagon_end_top_centre,47,188,0,47,188,0
4338,5,338,10154.51,48,188,-2044.6,-764.2,True,on_dome_path_labels_24_to_1_start_side_pentagon_end_top_centre,48,188,0,48,188,0
4339,5,339,10184.55,48,187,-2033.22,-747.45,True,on_dome_path_labels_24_to_1_start_side_pentagon_end_top_centre,48,187,0,48,187,0
4340,5,340,10214.59,49,186,-2021.85,-730.69,True,on_dome_path_labels_24_to_1_start_side_pentagon_end_top_centre,49,186,0,49,186,0
4341,5,341,10244.64,49,185,-2010.47,-713.94,True,on_dome_path_labels_24_to_1_start_side_pentagon_end_top_centre,49,185,0,49,185,0
4342,5,342,10274.68,50,184,-1999.09,-697.18,True,on_dome_path_labels_24_to_1_start_side_pentagon_end_top_centre,50,184,0,50,184,0
4343,5,343,10304.72,50,183,-1987.71,-680.42,True,on_dome_path_labels_24_to_1_start_side_pentagon_end_top_centre,50,183,0,50,183,0
4344,5,344,10334.76,51,183,-1976.33,-663.67,True,on_dome_path_labels_24_to_1_start_side_pentagon_end_top_centre,51,183,0,51,183,0
4345,5,345,10364.81,51,182,-1970.65,-644.76,True,on_dome_path_labels_24_to_1_start_side_pentagon_end_top_centre,51,182,0,51,182,0
4346,5,346,10394.85,51,181,-1970.81,-623.62,True,on_dome_path_labels_24_to_1_start_side_pentagon_end_top_centre,51,180,1,51,180,1
4347,5,347,10424.89,51,180,-1970.98,-602.49,True,on_dome_path_labels_24_to_1_start_side_pentagon_end_top_centre,51,179,1,51,179,1
4348,5,348,10454.94,51,178,-1971.15,-581.35,True,on_dome_path_labels_24_to_1_start_side_pentagon_end_top_centre,51,178,0,51,178,0
4349,5,349,10484.98,51,177,-1971.32,-560.22,True,on_dome_path_labels_24_to_1_start_side_pentagon_end_top_centre,51,177,0,51,177,0
4350,5,350,10515.02,51,176,-1971.49,-539.09,True,on_dome_path_labels_24_to_1_start_side_pentagon_end_top_centre,51,176,0,51,176,0
4351,5,351,10545.06,51,175,-1971.66,-517.95,True,on_dome_path_labels_24_to_1_start_side_pentagon_end_top_centre,51,175,0,51,175,0
4352,5,352,10575.11,51,174,-1971.83,-496.82,True,on_dome_path_labels_24_to_1_start_side_pentagon_end_top_centre,51,174,0,51,174,0
4353,5,353,10605.15,51,173,-1972.0,-475.69,True,on_dome_path_labels_24_to_1_start_side_pentagon_end_top_centre,51,173,0,51,173,0
4354,5,354,10635.19,51,172,-1972.16,-454.55,True,on_dome_path_labels_24_to_1_start_side_pentagon_end_top_centre,51,172,0,51,172,0
4355,5,355,10665.24,51,171,-1972.33,-433.42,True,on_dome_path_labels_24_to_1_start_side_pentagon_end_top_centre,51,171,0,51,171,0
4356,5,356,10695.28,51,170,-1972.5,-412.28,True,on_dome_path_labels_24_to_1_start_side_pentagon_end_top_centre,51,170,0,51,170,0
4357,5,357,10725.32,51,169,-1972.67,-391.15,True,on_dome_path_labels_24_to_1_start_side_pentagon_end_top_centre,51,169,0,51,169,0
4358,5,358,10755.36,51,168,-1972.84,-370.02,True,on_dome_path_labels_24_to_1_start_side_pentagon_end_top_centre,51,168,0,51,168,0
4359,5,359,10785.41,51,167,-1973.01,-348.88,True,on_dome_path_labels_24_to_1_start_side_pentagon_end_top_centre,51,167,0,51,167,0
4360,5,360,10815.45,51,166,-1973.18,-327.75,True,on_dome_path_labels_24_to_1_start_side_pentagon_end_top_centre,51,166,0,51,166,0
4361,5,361,10845.49,51,165,-1973.35,-306.61,True,on_dome_path_labels_24_to_1_start_side_pentagon_end_top_centre,51,165,0,51,165,0
4362,5,362,10875.54,51,164,-1973.51,-285.48,True,on_dome_path_labels_24_to_1_start_side_pentagon_end_top_centre,51,164,0,51,164,0
4363,5,363,10905.58,51,163,-1973.68,-264.35,True,on_dome_path_labels_24_to_1_start_side_pentagon_end_top_centre,51,163,0,51,163,0
4364,5,364,10935.62,51,162,-1973.85,-243.21,True,on_dome_path_labels_24_to_1_start_side_pentagon_end_top_centre,51,162,0,51,162,0
4365,5,365,10965.67,51,161,-1974.02,-222.08,True,on_dome_path_labels_24_to_1_start_side_pentagon_end_top_centre,51,161,0,51,161,0
4366,5,366,10995.71,51,160,-1974.19,-200.94,True,on_dome_path_labels_24_to_1_start_side_pentagon_end_top_centre,51,160,0,51,160,0
4367,5,367,11025.75,51,158,-1974.36,-179.81,True,on_dome_path_labels_24_to_1_start_side_pentagon_end_top_centre,51,158,0,51,158,0
4368,5,368,11055.79,51,157,-1974.53,-158.68,True,on_dome_path_labels_24_to_1_start_side_pentagon_end_top_centre,51,157,0,51,157,0
4369,5,369,11085.84,51,156,-1974.7,-137.54,True,on_dome_path_labels_24_to_1_start_side_pentagon_end_top_centre,51,156,0,51,156,0
4370,5,370,11115.88,51,155,-1974.86,-116.41,True,on_dome_path_labels_24_to_1_start_side_pentagon_end_top_centre,51,155,0,51,155,0
4371,5,371,11145.92,51,154,-1975.03,-95.28,True,on_dome_path_labels_24_to_1_start_side_pentagon_end_top_centre,51,154,0,51,154,0
4372,5,372,11175.97,51,153,-1975.2,-74.14,True,on_dome_path_labels_24_to_1_start_side_pentagon_end_top_centre,51,153,0,51,153,0
4373,5,373,11206.01,51,152,-1975.37,-53.01,True,on_dome_path_labels_24_to_1_start_side_pentagon_end_top_centre,51,152,0,51,152,0
4374,5,374,11236.05,51,151,-1975.54,-31.87,True,on_dome_path_labels_24_to_1_start_side_pentagon_end_top_centre,51,151,0,51,151,0
4375,5,375,11266.09,51,150,-1975.71,-10.74,True,on_dome_path_labels_24_to_1_start_side_pentagon_end_top_centre,51,150,0,51,150,0
4376,5,376,11296.14,51,149,-1975.88,10.39,True,on_dome_path_labels_24_to_1_start_side_pentagon_end_top_centre,51,149,0,51,149,0
4377,5,377,11326.18,51,148,-1976.05,31.53,True,on_dome_path_labels_24_to_1_start_side_pentagon_end_top_centre,51,148,0,51,148,0
4378,5,378,11356.22,51,147,-1976.21,52.66,True,on_dome_path_labels_24_to_1_start_side_pentagon_end_top_centre,51,147,0,51,147,0
4379,5,379,11386.27,51,146,-1976.38,73.8,True,on_dome_path_labels_24_to_1_start_side_pentagon_end_top_centre,51,146,0,51,146,0
4380,5,380,11416.31,51,145,-1976.55,94.93,True,on_dome_path_labels_24_to_1_start_side_pentagon_end_top_centre,51,145,0,51,145,0
4381,5,381,11446.35,51,144,-1976.72,116.06,True,on_dome_path_labels_24_to_1_start_side_pentagon_end_top_centre,51,144,0,51,144,0
4382,5,382,11476.39,51,143,-1976.89,137.2,True,on_dome_path_labels_24_to_1_start_side_pentagon_end_top_centre,51,143,0,51,143,0
4383,5,383,11506.44,51,142,-1972.72,150.77,True,on_dome_path_labels_24_to_1_start_side_pentagon_end_top_centre,51,142,0,51,142,0
4384,5,384,11536.48,52,143,-1952.64,136.64,True,on_dome_path_labels_24_to_1_start_side_pentagon_end_top_centre,52,143,0,52,143,0
4385,5,385,11566.52,53,143,-1932.56,122.5,True,on_dome_path_labels_24_to_1_start_side_pentagon_end_top_centre,53,143,0,53,143,0
4386,5,386,11596.57,54,144,-1912.48,108.37,True,on_dome_path_labels_24_to_1_start_side_pentagon_end_top_centre,54,144,0,54,144,0
4387,5,387,11626.61,55,145,-1892.4,94.24,True,on_dome_path_labels_24_to_1_start_side_pentagon_end_top_centre,55,145,0,55,145,0
4388,5,388,11656.65,56,146,-1872.32,80.1,True,on_dome_path_labels_24_to_1_start_side_pentagon_end_top_centre,56,146,0,56,146,0
4389,5,389,11686.7,57,146,-1852.25,65.97,True,on_dome_path_labels_24_to_1_start_side_pentagon_end_top_centre,57,146,0,57,146,0
4390,5,390,11716.74,58,147,-1832.17,51.83,True,on_dome_path_labels_24_to_1_start_side_pentagon_end_top_centre,58,147,0,58,147,0
4391,5,391,11746.78,59,148,-1812.09,37.7,True,on_dome_path_labels_24_to_1_start_side_pentagon_end_top_centre,59,148,0,59,148,0
4392,5,392,11776.82,60,148,-1792.01,23.56,True,on_dome_path_labels_24_to_1_start_side_pentagon_end_top_centre,60,148,0,60,148,0
4393,5,393,11806.87,61,149,-1771.93,9.43,True,on_dome_path_labels_24_to_1_start_side_pentagon_end_top_centre,61,149,0,61,149,0
4394,5,394,11836.91,62,150,-1751.85,-4.71,True,on_dome_path_labels_24_to_1_start_side_pentagon_end_top_centre,62,150,0,62,150,0
4395,5,395,11866.95,63,150,-1731.77,-18.84,True,on_dome_path_labels_24_to_1_start_side_pentagon_end_top_centre,63,150,0,63,150,0
4396,5,396,11897.0,64,151,-1711.69,-32.98,True,on_dome_path_labels_24_to_1_start_side_pentagon_end_top_centre,64,151,0,64,151,0
4397,5,397,11927.04,65,152,-1691.61,-47.11,True,on_dome_path_labels_24_to_1_start_side_pentagon_end_top_centre,65,152,0,65,152,0
4398,5,398,11957.08,66,153,-1671.54,-61.25,True,on_dome_path_labels_24_to_1_start_side_pentagon_end_top_centre,66,153,0,66,153,0
4399,5,399,11987.12,67,153,-1651.46,-75.38,True,on_dome_path_labels_24_to_1_start_side_pentagon_end_top_centre,67,153,0,67,153,0
4400,5,400,12017.17,68,154,-1631.38,-89.52,True,on_dome_path_labels_24_to_1_start_side_pentagon_end_top_centre,68,154,0,68,154,0
4401,5,401,12047.21,69,155,-1611.3,-103.65,True,on_dome_path_labels_24_to_1_start_side_pentagon_end_top_centre,69,155,0,69,155,0
4402,5,402,12077.25,70,155,-1591.22,-117.79,True,on_dome_path_labels_24_to_1_start_side_pentagon_end_top_centre,70,155,0,70,155,0
4403,5,403,12107.3,71,156,-1571.14,-131.92,True,on_dome_path_labels_24_to_1_start_side_pentagon_end_top_centre,71,156,0,71,156,0
4404,5,404,12137.34,72,157,-1551.06,-146.05,True,on_dome_path_labels_24_to_1_start_side_pentagon_end_top_centre,72,157,0,72,157,0
4405,5,405,12167.38,73,157,-1530.98,-160.19,True,on_dome_path_labels_24_to_1_start_side_pentagon_end_top_centre,73,157,0,73,157,0
4406,5,406,12197.42,74,158,-1510.9,-174.32,True,on_dome_path_labels_24_to_1_start_side_pentagon_end_top_centre,74,158,0,74,158,0
4407,5,407,12227.47,75,159,-1490.83,-188.46,True,on_dome_path_labels_24_to_1_start_side_pentagon_end_top_centre,75,159,0,75,159,0
4408,5,408,12257.51,76,160,-1470.75,-202.59,True,on_dome_path_labels_24_to_1_start_side_pentagon_end_top_centre,76,160,0,76,160,0
4409,5,409,12287.55,77,160,-1450.67,-216.73,True,on_dome_path_labels_24_to_1_start_side_pentagon_end_top_centre,77,160,0,77,160,0
4410,5,410,12317.6,78,161,-1430.59,-230.86,True,on_dome_path_labels_24_to_1_start_side_pentagon_end_top_centre,78,161,0,78,161,0
4411,5,411,12347.64,79,162,-1410.51,-245.0,True,on_dome_path_labels_24_to_1_start_side_pentagon_end_top_centre,79,162,0,79,162,0
4412,5,412,12377.68,80,162,-1390.43,-259.13,True,on_dome_path_labels_24_to_1_start_side_pentagon_end_top_centre,80,162,0,80,162,0
4413,5,413,12407.73,81,163,-1370.35,-273.27,True,on_dome_path_labels_24_to_1_start_side_pentagon_end_top_centre,81,163,0,81,163,0
4414,5,414,12437.77,82,164,-1350.27,-287.4,True,on_dome_path_labels_24_to_1_start_side_pentagon_end_top_centre,82,164,0,82,164,0
4415,5,415,12467.81,83,165,-1330.19,-301.54,True,on_dome_path_labels_24_to_1_start_side_pentagon_end_top_centre,83,165,0,83,165,0
4416,5,416,12497.85,84,165,-1310.12,-315.67,True,on_dome_path_labels_24_to_1_start_side_pentagon_end_top_centre,84,165,0,84,165,0
4417,5,417,12527.9,85,166,-1290.04,-329.81,True,on_dome_path_labels_24_to_1_start_side_pentagon_end_top_centre,85,166,0,85,166,0
4418,5,418,12557.94,86,167,-1269.96,-343.94,True,on_dome_path_labels_24_to_1_start_side_pentagon_end_top_centre,86,167,0,86,167,0
4419,5,419,12587.98,87,167,-1249.88,-358.08,True,on_dome_path_labels_24_to_1_start_side_pentagon_end_top_centre,87,167,0,87,167,0
4420,5,420,12618.03,88,168,-1229.8,-372.21,True,on_dome_path_labels_24_to_1_start_side_pentagon_end_top_centre,88,168,0,88,168,0
4421,5,421,12648.07,89,169,-1209.72,-386.34,True,on_dome_path_labels_24_to_1_start_side_pentagon_end_top_centre,89,169,0,89,169,0
4422,5,422,12678.11,88,169,-1226.63,-393.47,True,on_dome_path_labels_24_to_1_start_side_pentagon_end_top_centre,88,169,0,88,169,0
4423,5,423,12708.15,87,169,-1246.08,-400.11,True,on_dome_path_labels_24_to_1_start_side_pentagon_end_top_centre,87,169,0,87,169,0
4424,5,424,12738.2,86,170,-1265.52,-406.75,True,on_dome_path_labels_24_to_1_start_side_pentagon_end_top_centre,86,170,0,86,170,0
4425,5,425,12768.24,85,170,-1284.97,-413.39,True,on_dome_path_labels_24_to_1_start_side_pentagon_end_top_centre,85,170,0,85,170,0
4426,5,426,12798.28,84,170,-1304.42,-420.03,True,on_dome_path_labels_24_to_1_start_side_pentagon_end_top_centre,84,170,0,84,170,0
4427,5,427,12828.33,84,171,-1323.87,-426.67,True,on_dome_path_labels_24_to_1_start_side_pentagon_end_top_centre,84,171,0,84,171,0
4428,5,428,12858.37,83,171,-1343.31,-433.31,True,on_dome_path_labels_24_to_1_start_side_pentagon_end_top_centre,83,171,0,83,171,0
4429,5,429,12888.41,82,171,-1362.76,-439.95,True,on_dome_path_labels_24_to_1_start_side_pentagon_end_top_centre,82,171,0,82,171,0
4430,5,430,12918.45,81,172,-1382.21,-446.59,True,on_dome_path_labels_24_to_1_start_side_pentagon_end_top_centre,81,172,0,81,172,0
4431,5,431,12948.5,80,172,-1401.66,-453.23,True,on_dome_path_labels_24_to_1_start_side_pentagon_end_top_centre,80,172,0,80,172,0
4432,5,432,12978.54,79,172,-1421.1,-459.87,True,on_dome_path_labels_24_to_1_start_side_pentagon_end_top_centre,79,172,0,79,172,0
4433,5,433,13008.58,78,173,-1440.55,-466.51,True,on_dome_path_labels_24_to_1_start_side_pentagon_end_top_centre,78,173,0,78,173,0
4434,5,434,13038.63,77,173,-1460.0,-473.15,True,on_dome_path_labels_24_to_1_start_side_pentagon_end_top_centre,77,173,0,77,173,0
4435,5,435,13068.67,76,173,-1479.45,-479.79,True,on_dome_path_labels_24_to_1_start_side_pentagon_end_top_centre,76,173,0,76,173,0
4436,5,436,13098.71,75,174,-1498.89,-486.43,True,on_dome_path_labels_24_to_1_start_side_pentagon_end_top_centre,75,174,0,75,174,0
4437,5,437,13128.76,74,174,-1518.34,-493.07,True,on_dome_path_labels_24_to_1_start_side_pentagon_end_top_centre,74,174,0,74,174,0
4438,5,438,13158.8,73,174,-1537.79,-499.71,True,on_dome_path_labels_24_to_1_start_side_pentagon_end_top_centre,73,174,0,73,174,0
4439,5,439,13188.84,72,175,-1557.24,-506.35,True,on_dome_path_labels_24_to_1_start_side_pentagon_end_top_centre,72,175,0,72,175,0
4440,5,440,13218.88,71,175,-1576.68,-512.99,True,on_dome_path_labels_24_to_1_start_side_pentagon_end_top_centre,71,175,0,71,175,0
4441,5,441,13248.93,70,175,-1596.13,-519.63,True,on_dome_path_labels_24_to_1_start_side_pentagon_end_top_centre,70,175,0,70,175,0
4442,5,442,13278.97,69,176,-1615.58,-526.27,True,on_dome_path_labels_24_to_1_start_side_pentagon_end_top_centre,69,176,0,69,176,0
4443,5,443,13309.01,68,176,-1635.03,-532.91,True,on_dome_path_labels_24_to_1_start_side_pentagon_end_top_centre,68,176,0,68,176,0
4444,5,444,13339.06,67,176,-1654.47,-539.55,True,on_dome_path_labels_24_to_1_start_side_pentagon_end_top_centre,67,176,0,67,176,0
4445,5,445,13369.1,66,177,-1673.92,-546.19,True,on_dome_path_labels_24_to_1_start_side_pentagon_end_top_centre,66,177,0,66,177,0
4446,5,446,13399.14,65,177,-1693.37,-552.84,True,on_dome_path_labels_24_to_1_start_side_pentagon_end_top_centre,65,177,0,65,177,0
4447,5,447,13429.18,64,177,-1712.82,-559.48,True,on_dome_path_labels_24_to_1_start_side_pentagon_end_top_centre,64,177,0,64,177,0
4448,5,448,13459.23,63,178,-1732.27,-566.12,True,on_dome_path_labels_24_to_1_start_side_pentagon_end_top_centre,63,178,0,63,178,0
4449,5,449,13489.27,62,178,-1751.71,-572.76,True,on_dome_path_labels_24_to_1_start_side_pentagon_end_top_centre,62,178,0,62,178,0
4450,5,450,13519.31,61,178,-1771.16,-579.4,True,on_dome_path_labels_24_to_1_start_side_pentagon_end_top_centre,61,178,0,61,178,0
4451,5,451,13549.36,60,179,-1790.61,-586.04,True,on_dome_path_labels_24_to_1_start_side_pentagon_end_top_centre,60,179,0,60,179,0
4452,5,452,13579.4,59,179,-1810.06,-592.68,True,on_dome_path_labels_24_to_1_start_side_pentagon_end_top_centre,59,179,0,59,179,0
4453,5,453,13609.44,58,179,-1829.5,-599.32,True,on_dome_path_labels_24_to_1_start_side_pentagon_end_top_centre,58,179,0,58,179,0
4454,5,454,13639.48,57,180,-1848.95,-605.96,True,on_dome_path_labels_24_to_1_start_side_pentagon_end_top_centre,57,180,0,57,180,0
4455,5,455,13669.53,56,180,-1868.4,-612.6,True,on_dome_path_labels_24_to_1_start_side_pentagon_end_top_centre,56,180,0,56,180,0
4456,5,456,13699.57,55,180,-1887.85,-619.24,True,on_dome_path_labels_24_to_1_start_side_pentagon_end_top_centre,55,180,0,55,180,0
4457,5,457,13729.61,54,181,-1907.29,-625.88,True,on_dome_path_labels_24_to_1_start_side_pentagon_end_top_centre,54,181,0,54,181,0
4458,5,458,13759.66,53,181,-1926.74,-632.52,True,on_dome_path_labels_24_to_1_start_side_pentagon_end_top_centre,53,181,0,53,181,0
4459,5,459,13789.7,53,181,-1946.19,-639.16,True,on_dome_path_labels_24_to_1_start_side_pentagon_end_top_centre,53,180,1,53,180,1
4460,5,460,13819.74,53,182,-1944.93,-652.56,True,on_dome_path_labels_24_to_1_start_side_pentagon_end_top_centre,53,182,0,53,182,0
4461,5,461,13849.79,53,183,-1932.88,-669.49,True,on_dome_path_labels_24_to_1_start_side_pentagon_end_top_centre,53,183,0,53,183,0
4462,5,462,13879.83,54,184,-1920.83,-686.42,True,on_dome_path_labels_24_to_1_start_side_pentagon_end_top_centre,54,184,0,54,184,0
4463,5,463,13909.87,54,185,-1908.77,-703.35,True,on_dome_path_labels_24_to_1_start_side_pentagon_end_top_centre,54,185,0,54,185,0
4464,5,464,13939.91,55,185,-1896.72,-720.29,True,on_dome_path_labels_24_to_1_start_side_pentagon_end_top_centre,55,185,0,55,185,0
4465,5,465,13969.96,56,186,-1884.66,-737.22,True,on_dome_path_labels_24_to_1_start_side_pentagon_end_top_centre,56,186,0,56,186,0
4466,5,466,14000.0,56,187,-1872.61,-754.15,True,on_dome_path_labels_24_to_1_start_side_pentagon_end_top_centre,56,187,0,56,187,0
4467,5,467,14030.04,57,188,-1860.55,-771.08,True,on_dome_path_labels_24_to_1_start_side_pentagon_end_top_centre,57,188,0,57,188,0
4468,5,468,14060.09,57,189,-1848.5,-788.01,True,on_dome_path_labels_24_to_1_start_side_pentagon_end_top_centre,57,189,0,57,189,0
4469,5,469,14090.13,58,190,-1836.44,-804.94,True,on_dome_path_labels_24_to_1_start_side_pentagon_end_top_centre,58,190,0,58,190,0
4470,5,470,14120.17,59,190,-1824.39,-821.87,True,on_dome_path_labels_24_to_1_start_side_pentagon_end_top_centre,59,190,0,59,190,0
4471,5,471,14150.21,59,191,-1812.34,-838.8,True,on_dome_path_labels_24_to_1_start_side_pentagon_end_top_centre,59,191,0,59,191,0
4472,5,472,14180.26,60,192,-1800.28,-855.73,True,on_dome_path_labels_24_to_1_start_side_pentagon_end_top_centre,60,192,0,60,192,0
4473,5,473,14210.3,60,193,-1788.23,-872.66,True,on_dome_path_labels_24_to_1_start_side_pentagon_end_top_centre,60,193,0,60,193,0
4474,5,474,14240.34,61,194,-1776.17,-889.59,True,on_dome_path_labels_24_to_1_start_side_pentagon_end_top_centre,61,194,0,61,194,0
4475,5,475,14270.39,62,195,-1764.12,-906.52,True,on_dome_path_labels_24_to_1_start_side_pentagon_end_top_centre,62,195,0,62,195,0
4476,5,476,14300.43,62,196,-1752.06,-923.45,True,on_dome_path_labels_24_to_1_start_side_pentagon_end_top_centre,62,196,0,62,196,0
4477,5,477,14330.47,63,196,-1740.01,-940.39,True,on_dome_path_labels_24_to_1_start_side_pentagon_end_top_centre,63,196,0,63,196,0
4478,5,478,14360.52,63,197,-1727.96,-957.32,True,on_dome_path_labels_24_to_1_start_side_pentagon_end_top_centre,63,197,0,63,197,0
4479,5,479,14390.56,64,198,-1715.9,-974.25,True,on_dome_path_labels_24_to_1_start_side_pentagon_end_top_centre,64,198,0,64,198,0
4480,5,480,14420.6,65,199,-1703.85,-991.18,True,on_dome_path_labels_24_to_1_start_side_pentagon_end_top_centre,65,199,0,65,199,0
4481,5,481,14450.64,65,200,-1691.79,-1008.11,True,on_dome_path_labels_24_to_1_start_side_pentagon_end_top_centre,65,200,0,65,200,0
4482,5,482,14480.69,66,201,-1679.74,-1025.04,True,on_dome_path_labels_24_to_1_start_side_pentagon_end_top_centre,66,201,0,66,201,0
4483,5,483,14510.73,66,201,-1667.68,-1041.97,True,on_dome_path_labels_24_to_1_start_side_pentagon_end_top_centre,66,200,1,66,200,1
4484,5,484,14540.77,67,202,-1655.63,-1058.9,True,on_dome_path_labels_24_to_1_start_side_pentagon_end_top_centre,67,202,0,67,202,0
4485,5,485,14570.82,68,203,-1643.57,-1075.83,True,on_dome_path_labels_24_to_1_start_side_pentagon_end_top_centre,68,203,0,68,203,0
4486,5,486,14600.86,68,204,-1631.52,-1092.76,True,on_dome_path_labels_24_to_1_start_side_pentagon_end_top_centre,68,204,0,68,204,0
4487,5,487,14630.9,69,205,-1619.47,-1109.69,True,on_dome_path_labels_24_to_1_start_side_pentagon_end_top_centre,69,205,0,69,205,0
4488,5,488,14660.94,69,206,-1607.41,-1126.62,True,on_dome_path_labels_24_to_1_start_side_pentagon_end_top_centre,69,206,0,69,206,0
4489,5,489,14690.99,70,206,-1595.36,-1143.55,True,on_dome_path_labels_24_to_1_start_side_pentagon_end_top_centre,70,206,0,70,206,0
4490,5,490,14721.03,71,207,-1583.3,-1160.48,True,on_dome_path_labels_24_to_1_start_side_pentagon_end_top_centre,71,207,0,71,207,0
4491,5,491,14751.07,71,208,-1571.25,-1177.42,True,on_dome_path_labels_24_to_1_start_side_pentagon_end_top_centre,71,208,0,71,208,0
4492,5,492,14781.12,72,209,-1559.19,-1194.35,True,on_dome_path_labels_24_to_1_start_side_pentagon_end_top_centre,72,209,0,72,209,0
4493,5,493,14811.16,72,210,-1547.14,-1211.28,True,on_dome_path_labels_24_to_1_start_side_pentagon_end_top_centre,72,210,0,72,210,0
4494,5,494,14841.2,73,211,-1535.08,-1228.21,True,on_dome_path_labels_24_to_1_start_side_pentagon_end_top_centre,73,211,0,73,211,0
4495,5,495,14871.24,74,212,-1523.03,-1245.14,True,on_dome_path_labels_24_to_1_start_side_pentagon_end_top_centre,74,212,0,74,212,0
4496,5,496,14901.29,74,212,-1510.98,-1262.07,True,on_dome_path_labels_24_to_1_start_side_pentagon_end_top_centre,74,211,1,74,211,1
4497,5,497,14931.33,75,213,-1498.92,-1279.0,True,on_dome_path_labels_24_to_1_start_side_pentagon_end_top_centre,75,213,0,75,213,0
4498,5,498,14961.37,75,214,-1486.87,-1295.93,True,on_dome_path_labels_24_to_1_start_side_pentagon_end_top_centre,76,214,1,76,214,1
4499,5,499,14991.42,76,215,-1474.96,-1312.45,True,on_dome_path_labels_24_to_1_start_side_pentagon_end_top_centre,76,215,0,76,215,0
4500,5,500,15021.46,77,216,-1463.44,-1327.85,True,on_dome_path_labels_24_to_1_start_side_pentagon_end_top_centre,77,216,0,77,216,0
4501,5,501,15051.5,77,216,-1451.92,-1343.26,True,on_dome_path_labels_24_to_1_start_side_pentagon_end_top_centre,77,215,1,77,215,1
4502,5,502,15081.55,78,217,-1440.4,-1358.66,True,on_dome_path_labels_24_to_1_start_side_pentagon_end_top_centre,78,217,0,78,217,0
4503,5,503,15111.59,78,218,-1428.89,-1374.06,True,on_dome_path_labels_24_to_1_start_side_pentagon_end_top_centre,78,218,0,78,218,0
4504,5,504,15141.63,79,219,-1417.37,-1389.47,True,on_dome_path_labels_24_to_1_start_side_pentagon_end_top_centre,79,219,0,79,219,0
4505,5,505,15171.67,79,220,-1405.85,-1404.87,True,on_dome_path_labels_24_to_1_start_side_pentagon_end_top_centre,79,220,0,79,220,0
4506,5,506,15201.72,80,220,-1394.34,-1420.27,True,on_dome_path_labels_24_to_1_start_side_pentagon_end_top_centre,80,220,0,80,220,0
4507,5,507,15231.76,81,221,-1382.82,-1435.68,True,on_dome_path_labels_24_to_1_start_side_pentagon_end_top_centre,81,221,0,81,221,0
4508,5,508,15261.8,81,222,-1371.3,-1451.08,True,on_dome_path_labels_24_to_1_start_side_pentagon_end_top_centre,81,222,0,81,222,0
4509,5,509,15291.85,82,223,-1359.78,-1466.48,True,on_dome_path_labels_24_to_1_start_side_pentagon_end_top_centre,82,223,0,82,223,0
4510,5,510,15321.89,82,223,-1348.27,-1481.89,True,on_dome_path_labels_24_to_1_start_side_pentagon_end_top_centre,82,222,1,82,222,1
4511,5,511,15351.93,83,224,-1336.75,-1497.29,True,on_dome_path_labels_24_to_1_start_side_pentagon_end_top_centre,83,224,0,83,224,0
4512,5,512,15381.97,83,225,-1325.23,-1512.69,True,on_dome_path_labels_24_to_1_start_side_pentagon_end_top_centre,83,225,0,83,225,0
4513,5,513,15412.02,84,226,-1313.71,-1528.09,True,on_dome_path_labels_24_to_1_start_side_pentagon_end_top_centre,84,226,0,84,226,0
4514,5,514,15442.06,85,226,-1302.2,-1543.5,True,on_dome_path_labels_24_to_1_start_side_pentagon_end_top_centre,85,226,0,85,226,0
4515,5,515,15472.1,85,227,-1290.68,-1558.9,True,on_dome_path_labels_24_to_1_start_side_pentagon_end_top_centre,85,227,0,85,227,0
4516,5,516,15502.15,86,228,-1279.16,-1574.3,True,on_dome_path_labels_24_to_1_start_side_pentagon_end_top_centre,86,228,0,86,228,0
4517,5,517,15532.19,86,229,-1267.64,-1589.71,True,on_dome_path_labels_24_to_1_start_side_pentagon_end_top_centre,86,229,0,86,229,0
4518,5,518,15562.23,87,229,-1256.13,-1605.11,True,on_dome_path_labels_24_to_1_start_side_pentagon_end_top_centre,87,229,0,87,229,0
4519,5,519,15592.27,87,230,-1244.61,-1620.51,True,on_dome_path_labels_24_to_1_start_side_pentagon_end_top_centre,87,230,0,87,230,0
4520,5,520,15622.32,88,231,-1233.09,-1635.92,True,on_dome_path_labels_24_to_1_start_side_pentagon_end_top_centre,88,231,0,88,231,0
4521,5,521,15652.36,89,232,-1221.57,-1651.32,True,on_dome_path_labels_24_to_1_start_side_pentagon_end_top_centre,89,232,0,89,232,0
4522,5,522,15682.4,89,233,-1210.06,-1666.72,True,on_dome_path_labels_24_to_1_start_side_pentagon_end_top_centre,89,233,0,89,233,0
4523,5,523,15712.45,90,233,-1198.54,-1682.13,True,on_dome_path_labels_24_to_1_start_side_pentagon_end_top_centre,90,233,0,90,233,0
4524,5,524,15742.49,90,234,-1187.02,-1697.53,True,on_dome_path_labels_24_to_1_start_side_pentagon_end_top_centre,90,234,0,90,234,0
4525,5,525,15772.53,91,235,-1175.5,-1712.93,True,on_dome_path_labels_24_to_1_start_side_pentagon_end_top_centre,91,235,0,91,235,0
4526,5,526,15802.58,91,236,-1163.99,-1728.34,True,on_dome_path_labels_24_to_1_start_side_pentagon_end_top_centre,91,236,0,91,236,0
4527,5,527,15832.62,92,236,-1152.47,-1743.74,True,on_dome_path_labels_24_to_1_start_side_pentagon_end_top_centre,92,236,0,92,236,0
4528,5,528,15862.66,93,237,-1140.95,-1759.14,True,on_dome_path_labels_24_to_1_start_side_pentagon_end_top_centre,93,237,0,93,237,0
4529,5,529,15892.7,93,238,-1129.43,-1774.55,True,on_dome_path_labels_24_to_1_start_side_pentagon_end_top_centre,93,238,0,93,238,0
4530,5,530,15922.75,94,239,-1117.92,-1789.95,True,on_dome_path_labels_24_to_1_start_side_pentagon_end_top_centre,94,239,0,94,239,0
4531,5,531,15952.79,94,239,-1106.4,-1805.35,True,on_dome_path_labels_24_to_1_start_side_pentagon_end_top_centre,94,238,1,94,238,1
4532,5,532,15982.83,95,240,-1094.88,-1820.76,True,on_dome_path_labels_24_to_1_start_side_pentagon_end_top_centre,95,240,0,95,240,0
4533,5,533,16012.88,96,241,-1083.37,-1836.16,True,on_dome_path_labels_24_to_1_start_side_pentagon_end_top_centre,96,241,0,96,241,0
4534,5,534,16042.92,96,242,-1071.85,-1851.56,True,on_dome_path_labels_24_to_1_start_side_pentagon_end_top_centre,96,242,0,96,242,0
4535,5,535,16072.96,97,243,-1060.33,-1866.96,True,on_dome_path_labels_24_to_1_start_side_pentagon_end_top_centre,97,243,0,97,243,0
4536,5,536,16103.0,97,243,-1048.81,-1882.37,True,on_dome_path_labels_24_to_1_start_side_pentagon_end_top_centre,97,242,1,97,242,1
4537,5,537,16133.05,98,244,-1037.3,-1897.77,True,on_dome_path_labels_24_to_1_start_side_pentagon_end_top_centre,98,244,0,98,244,0
4538,5,538,16163.09,98,245,-1025.78,-1913.17,True,on_dome_path_labels_24_to_1_start_side_pentagon_end_top_centre,97,245,1,97,245,1
4539,5,539,16193.13,99,244,-1014.48,-1896.4,True,on_dome_path_labels_24_to_1_start_side_pentagon_end_top_centre,99,244,0,99,244,0
4540,5,540,16223.18,100,243,-1003.22,-1875.28,True,on_dome_path_labels_24_to_1_start_side_pentagon_end_top_centre,100,243,0,100,243,0
4541,5,541,16253.22,100,242,-991.96,-1854.15,True,on_dome_path_labels_24_to_1_start_side_pentagon_end_top_centre,100,242,0,100,242,0
4542,5,542,16283.26,101,241,-980.69,-1833.03,True,on_dome_path_labels_24_to_1_start_side_pentagon_end_top_centre,101,241,0,101,241,0
4543,5,543,16313.3,101,240,-969.43,-1811.91,True,on_dome_path_labels_24_to_1_start_side_pentagon_end_top_centre,101,240,0,101,240,0
4544,5,544,16343.35,102,239,-958.17,-1790.78,True,on_dome_path_labels_24_to_1_start_side_pentagon_end_top_centre,102,239,0,102,239,0
4545,5,545,16373.39,102,238,-946.9,-1769.66,True,on_dome_path_labels_24_to_1_start_side_pentagon_end_top_centre,102,238,0,102,238,0
4546,5,546,16403.43,103,237,-935.64,-1748.54,True,on_dome_path_labels_24_to_1_start_side_pentagon_end_top_centre,103,237,0,103,237,0
4547,5,547,16433.48,103,236,-924.38,-1727.41,True,on_dome_path_labels_24_to_1_start_side_pentagon_end_top_centre,103,236,0,103,236,0
4548,5,548,16463.52,104,235,-913.11,-1706.29,True,on_dome_path_labels_24_to_1_start_side_pentagon_end_top_centre,104,235,0,104,235,0
4549,5,549,16493.56,105,233,-901.85,-1685.17,True,on_dome_path_labels_24_to_1_start_side_pentagon_end_top_centre,105,233,0,105,233,0
4550,5,550,16523.61,105,232,-890.59,-1664.05,True,on_dome_path_labels_24_to_1_start_side_pentagon_end_top_centre,105,232,0,105,232,0
4551,5,551,16553.65,106,231,-879.32,-1642.92,True,on_dome_path_labels_24_to_1_start_side_pentagon_end_top_centre,106,231,0,106,231,0
4552,5,552,16583.69,106,230,-868.06,-1621.8,True,on_dome_path_labels_24_to_1_start_side_pentagon_end_top_centre,106,230,0,106,230,0
4553,5,553,16613.73,107,229,-856.79,-1600.68,True,on_dome_path_labels_24_to_1_start_side_pentagon_end_top_centre,107,229,0,107,229,0
4554,5,554,16643.78,107,228,-845.53,-1579.55,True,on_dome_path_labels_24_to_1_start_side_pentagon_end_top_centre,107,228,0,107,228,0
4555,5,555,16673.82,108,227,-834.27,-1558.43,True,on_dome_path_labels_24_to_1_start_side_pentagon_end_top_centre,108,227,0,108,227,0
4556,5,556,16703.86,108,226,-823.0,-1537.31,True,on_dome_path_labels_24_to_1_start_side_pentagon_end_top_centre,108,226,0,108,226,0
4557,5,557,16733.91,109,225,-811.74,-1516.18,True,on_dome_path_labels_24_to_1_start_side_pentagon_end_top_centre,109,225,0,109,225,0
4558,5,558,16763.95,110,224,-800.48,-1495.06,True,on_dome_path_labels_24_to_1_start_side_pentagon_end_top_centre,110,224,0,110,224,0
4559,5,559,16793.99,110,223,-789.21,-1473.94,True,on_dome_path_labels_24_to_1_start_side_pentagon_end_top_centre,110,223,0,110,223,0
4560,5,560,16824.03,111,222,-777.95,-1452.81,True,on_dome_path_labels_24_to_1_start_side_pentagon_end_top_centre,111,222,0,111,222,0
4561,5,561,16854.08,111,221,-766.69,-1431.69,True,on_dome_path_labels_24_to_1_start_side_pentagon_end_top_centre,111,221,0,111,221,0
4562,5,562,16884.12,112,220,-755.42,-1410.57,True,on_dome_path_labels_24_to_1_start_side_pentagon_end_top_centre,112,220,0,112,220,0
4563,5,563,16914.16,112,219,-744.16,-1389.44,True,on_dome_path_labels_24_to_1_start_side_pentagon_end_top_centre,112,219,0,112,219,0
4564,5,564,16944.21,113,218,-732.9,-1368.32,True,on_dome_path_labels_24_to_1_start_side_pentagon_end_top_centre,113,218,0,113,218,0
4565,5,565,16974.25,114,217,-721.63,-1347.2,True,on_dome_path_labels_24_to_1_start_side_pentagon_end_top_centre,114,217,0,114,217,0
4566,5,566,17004.29,114,216,-710.37,-1326.08,True,on_dome_path_labels_24_to_1_start_side_pentagon_end_top_centre,114,216,0,114,216,0
4567,5,567,17034.33,115,215,-699.1,-1304.95,True,on_dome_path_labels_24_to_1_start_side_pentagon_end_top_centre,115,215,0,115,215,0
4568,5,568,17064.38,115,213,-687.84,-1283.83,True,on_dome_path_labels_24_to_1_start_side_pentagon_end_top_centre,115,213,0,115,213,0
4569,5,569,17094.42,116,212,-676.58,-1262.71,True,on_dome_path_labels_24_to_1_start_side_pentagon_end_top_centre,116,212,0,116,212,0
4570,5,570,17124.46,116,211,-665.31,-1241.58,True,on_dome_path_labels_24_to_1_start_side_pentagon_end_top_centre,116,211,0,116,211,0
4571,5,571,17154.51,117,210,-654.05,-1220.46,True,on_dome_path_labels_24_to_1_start_side_pentagon_end_top_centre,117,210,0,117,210,0
4572,5,572,17184.55,117,209,-642.79,-1199.34,True,on_dome_path_labels_24_to_1_start_side_pentagon_end_top_centre,117,209,0,117,209,0
4573,5,573,17214.59,118,208,-631.52,-1178.21,True,on_dome_path_labels_24_to_1_start_side_pentagon_end_top_centre,118,208,0,118,208,0
4574,5,574,17244.64,119,207,-620.26,-1157.09,True,on_dome_path_labels_24_to_1_start_side_pentagon_end_top_centre,119,207,0,119,207,0
4575,5,575,17274.68,119,206,-609.0,-1135.97,True,on_dome_path_labels_24_to_1_start_side_pentagon_end_top_centre,119,206,0,119,206,0
4576,5,576,17304.72,120,205,-597.73,-1114.84,True,on_dome_path_labels_24_to_1_start_side_pentagon_end_top_centre,120,205,0,120,205,0
4577,5,577,17334.76,120,204,-586.47,-1093.72,True,on_dome_path_labels_24_to_1_start_side_pentagon_end_top_centre,120,204,0,120,204,0
4578,5,578,17364.81,120,204,-592.38,-1085.78,True,on_dome_path_labels_24_to_1_start_side_pentagon_end_top_centre,120,203,1,120,203,1
4579,5,579,17394.85,119,204,-615.96,-1091.4,True,on_dome_path_labels_24_to_1_start_side_pentagon_end_top_centre,119,204,0,119,204,0
4580,5,580,17424.89,118,204,-639.54,-1097.02,True,on_dome_path_labels_24_to_1_start_side_pentagon_end_top_centre,118,204,0,118,204,0
4581,5,581,17454.94,116,204,-663.12,-1102.64,True,on_dome_path_labels_24_to_1_start_side_pentagon_end_top_centre,116,204,0,116,204,0
4582,5,582,17484.98,115,205,-686.69,-1108.25,True,on_dome_path_labels_24_to_1_start_side_pentagon_end_top_centre,115,205,0,115,205,0
4583,5,583,17515.02,114,205,-710.27,-1113.87,True,on_dome_path_labels_24_to_1_start_side_pentagon_end_top_centre,114,205,0,114,205,0
4584,5,584,17545.06,113,205,-733.85,-1119.49,True,on_dome_path_labels_24_to_1_start_side_pentagon_end_top_centre,113,205,0,113,205,0
4585,5,585,17575.11,112,206,-757.43,-1125.11,True,on_dome_path_labels_24_to_1_start_side_pentagon_end_top_centre,112,206,0,112,206,0
4586,5,586,17605.15,111,206,-781.01,-1130.73,True,on_dome_path_labels_24_to_1_start_side_pentagon_end_top_centre,111,206,0,111,206,0
4587,5,587,17635.19,109,206,-804.59,-1136.35,True,on_dome_path_labels_24_to_1_start_side_pentagon_end_top_centre,109,206,0,109,206,0
4588,5,588,17665.24,108,206,-828.17,-1141.97,True,on_dome_path_labels_24_to_1_start_side_pentagon_end_top_centre,108,206,0,108,206,0
4589,5,589,17695.28,107,207,-851.75,-1147.59,True,on_dome_path_labels_24_to_1_start_side_pentagon_end_top_centre,107,207,0,107,207,0
4590,5,590,17725.32,106,207,-875.33,-1153.21,True,on_dome_path_labels_24_to_1_start_side_pentagon_end_top_centre,106,207,0,106,207,0
4591,5,591,17755.36,105,207,-898.91,-1158.83,True,on_dome_path_labels_24_to_1_start_side_pentagon_end_top_centre,105,207,0,105,207,0
4592,5,592,17785.41,104,208,-922.49,-1164.45,True,on_dome_path_labels_24_to_1_start_side_pentagon_end_top_centre,104,208,0,104,208,0
4593,5,593,17815.45,102,208,-946.07,-1170.07,True,on_dome_path_labels_24_to_1_start_side_pentagon_end_top_centre,102,208,0,102,208,0
4594,5,594,17845.49,101,208,-969.65,-1175.68,True,on_dome_path_labels_24_to_1_start_side_pentagon_end_top_centre,101,208,0,101,208,0
4595,5,595,17875.54,100,208,-993.22,-1181.3,True,on_dome_path_labels_24_to_1_start_side_pentagon_end_top_centre,100,208,0,100,208,0
4596,5,596,17905.58,99,209,-1016.8,-1186.92,True,on_dome_path_labels_24_to_1_start_side_pentagon_end_top_centre,99,209,0,99,209,0
4597,5,597,17935.62,98,209,-1040.38,-1192.54,True,on_dome_path_labels_24_to_1_start_side_pentagon_end_top_centre,98,209,0,98,209,0
4598,5,598,17965.67,96,209,-1063.96,-1198.16,True,on_dome_path_labels_24_to_1_start_side_pentagon_end_top_centre,96,209,0,96,209,0
4599,5,599,17995.71,95,209,-1087.54,-1203.78,True,on_dome_path_labels_24_to_1_start_side_pentagon_end_top_centre,95,209,0,95,209,0
4600,5,600,18025.75,94,210,-1111.12,-1209.4,True,on_dome_path_labels_24_to_1_start_side_pentagon_end_top_centre,94,210,0,94,210,0
4601,5,601,18055.79,93,210,-1134.7,-1215.02,True,on_dome_path_labels_24_to_1_start_side_pentagon_end_top_centre,93,210,0,93,210,0
4602,5,602,18085.84,92,210,-1158.28,-1220.64,True,on_dome_path_labels_24_to_1_start_side_pentagon_end_top_centre,92,210,0,92,210,0
4603,5,603,18115.88,91,211,-1181.86,-1226.26,True,on_dome_path_labels_24_to_1_start_side_pentagon_end_top_centre,91,211,0,91,211,0
4604,5,604,18145.92,89,211,-1205.44,-1231.88,True,on_dome_path_labels_24_to_1_start_side_pentagon_end_top_centre,89,211,0,89,211,0
4605,5,605,18175.97,88,211,-1229.02,-1237.5,True,on_dome_path_labels_24_to_1_start_side_pentagon_end_top_centre,88,211,0,88,211,0
4606,5,606,18206.01,87,211,-1252.6,-1243.11,True,on_dome_path_labels_24_to_1_start_side_pentagon_end_top_centre,87,211,0,87,211,0
4607,5,607,18236.05,86,212,-1276.18,-1248.73,True,on_dome_path_labels_24_to_1_start_side_pentagon_end_top_centre,86,212,0,86,212,0
4608,5,608,18266.09,85,212,-1299.75,-1254.35,True,on_dome_path_labels_24_to_1_start_side_pentagon_end_top_centre,85,212,0,85,212,0
4609,5,609,18296.14,84,212,-1323.33,-1259.97,True,on_dome_path_labels_24_to_1_start_side_pentagon_end_top_centre,84,212,0,84,212,0
4610,5,610,18326.18,82,213,-1346.91,-1265.59,True,on_dome_path_labels_24_to_1_start_side_pentagon_end_top_centre,82,213,0,82,213,0
4611,5,611,18356.22,81,213,-1370.49,-1271.21,True,on_dome_path_labels_24_to_1_start_side_pentagon_end_top_centre,81,213,0,81,213,0
4612,5,612,18386.27,80,213,-1394.07,-1276.83,True,on_dome_path_labels_24_to_1_start_side_pentagon_end_top_centre,80,213,0,80,213,0
4613,5,613,18416.31,79,213,-1417.65,-1282.45,True,on_dome_path_labels_24_to_1_start_side_pentagon_end_top_centre,79,213,0,79,213,0
4614,5,614,18446.35,78,214,-1441.23,-1288.07,True,on_dome_path_labels_24_to_1_start_side_pentagon_end_top_centre,78,214,0,78,214,0
4615,5,615,18476.39,77,214,-1464.81,-1293.69,True,on_dome_path_labels_24_to_1_start_side_pentagon_end_top_centre,77,214,0,77,214,0
4616,5,616,18506.44,75,214,-1488.39,-1299.31,True,on_dome_path_labels_24_to_1_start_side_pentagon_end_top_centre,75,215,1,75,215,1
4617,5,617,18536.48,74,214,-1508.68,-1301.93,True,on_dome_path_labels_24_to_1_start_side_pentagon_end_top_centre,74,213,1,74,213,1
4618,5,618,18566.52,75,213,-1500.92,-1278.99,True,on_dome_path_labels_24_to_1_start_side_pentagon_end_top_centre,75,212,1,75,212,1
4619,5,619,18596.57,75,212,-1493.16,-1256.05,True,on_dome_path_labels_24_to_1_start_side_pentagon_end_top_centre,75,211,1,75,211,1
4620,5,620,18626.61,75,211,-1485.4,-1233.1,True,on_dome_path_labels_24_to_1_start_side_pentagon_end_top_centre,75,210,1,75,210,1
4621,5,621,18656.65,76,210,-1477.63,-1210.16,True,on_dome_path_labels_24_to_1_start_side_pentagon_end_top_centre,76,210,0,76,210,0
4622,5,622,18686.7,76,209,-1469.87,-1187.21,True,on_dome_path_labels_24_to_1_start_side_pentagon_end_top_centre,76,209,0,76,209,0
4623,5,623,18716.74,77,208,-1462.11,-1164.27,True,on_dome_path_labels_24_to_1_start_side_pentagon_end_top_centre,77,208,0,77,208,0
4624,5,624,18746.78,77,206,-1454.34,-1141.33,True,on_dome_path_labels_24_to_1_start_side_pentagon_end_top_centre,77,206,0,77,206,0
4625,5,625,18776.82,77,205,-1446.58,-1118.38,True,on_dome_path_labels_24_to_1_start_side_pentagon_end_top_centre,77,205,0,77,205,0
4626,5,626,18806.87,78,204,-1438.82,-1095.44,True,on_dome_path_labels_24_to_1_start_side_pentagon_end_top_centre,78,204,0,78,204,0
4627,5,627,18836.91,78,203,-1431.06,-1072.49,True,on_dome_path_labels_24_to_1_start_side_pentagon_end_top_centre,78,203,0,78,203,0
4628,5,628,18866.95,79,202,-1423.29,-1049.55,True,on_dome_path_labels_24_to_1_start_side_pentagon_end_top_centre,79,202,0,79,202,0
4629,5,629,18897.0,79,201,-1415.53,-1026.61,True,on_dome_path_labels_24_to_1_start_side_pentagon_end_top_centre,79,201,0,79,201,0
4630,5,630,18927.04,79,200,-1407.77,-1003.66,True,on_dome_path_labels_24_to_1_start_side_pentagon_end_top_centre,79,200,0,79,200,0
4631,5,631,18957.08,80,198,-1400.0,-980.72,True,on_dome_path_labels_24_to_1_start_side_pentagon_end_top_centre,80,198,0,80,198,0
4632,5,632,18987.12,80,197,-1392.24,-957.78,True,on_dome_path_labels_24_to_1_start_side_pentagon_end_top_centre,80,197,0,80,197,0
4633,5,633,19017.17,81,196,-1384.48,-934.83,True,on_dome_path_labels_24_to_1_start_side_pentagon_end_top_centre,81,196,0,81,196,0
4634,5,634,19047.21,81,195,-1376.71,-911.89,True,on_dome_path_labels_24_to_1_start_side_pentagon_end_top_centre,81,195,0,81,195,0
4635,5,635,19077.25,81,194,-1368.95,-888.94,True,on_dome_path_labels_24_to_1_start_side_pentagon_end_top_centre,81,194,0,81,194,0
4636,5,636,19107.3,82,193,-1361.19,-866.0,True,on_dome_path_labels_24_to_1_start_side_pentagon_end_top_centre,82,193,0,82,193,0
4637,5,637,19137.34,82,192,-1353.43,-843.06,True,on_dome_path_labels_24_to_1_start_side_pentagon_end_top_centre,82,192,0,82,192,0
4638,5,638,19167.38,82,190,-1345.66,-820.11,True,on_dome_path_labels_24_to_1_start_side_pentagon_end_top_centre,82,190,0,82,190,0
4639,5,639,19197.42,83,189,-1337.9,-797.17,True,on_dome_path_labels_24_to_1_start_side_pentagon_end_top_centre,83,189,0,83,189,0
4640,5,640,19227.47,83,188,-1330.14,-774.23,True,on_dome_path_labels_24_to_1_start_side_pentagon_end_top_centre,83,188,0,83,188,0
4641,5,641,19257.51,84,187,-1322.37,-751.28,True,on_dome_path_labels_24_to_1_start_side_pentagon_end_top_centre,84,187,0,84,187,0
4642,5,642,19287.55,84,186,-1314.61,-728.34,True,on_dome_path_labels_24_to_1_start_side_pentagon_end_top_centre,84,186,0,84,186,0
4643,5,643,19317.6,84,185,-1306.85,-705.39,True,on_dome_path_labels_24_to_1_start_side_pentagon_end_top_centre,84,185,0,84,185,0
4644,5,644,19347.64,85,184,-1299.09,-682.45,True,on_dome_path_labels_24_to_1_start_side_pentagon_end_top_centre,85,184,0,85,184,0
4645,5,645,19377.68,85,182,-1291.32,-659.51,True,on_dome_path_labels_24_to_1_start_side_pentagon_end_top_centre,85,182,0,85,182,0
4646,5,646,19407.73,86,181,-1283.56,-636.56,True,on_dome_path_labels_24_to_1_start_side_pentagon_end_top_centre,86,181,0,86,181,0
4647,5,647,19437.77,86,180,-1275.8,-613.62,True,on_dome_path_labels_24_to_1_start_side_pentagon_end_top_centre,86,180,0,86,180,0
4648,5,648,19467.81,86,179,-1268.03,-590.68,True,on_dome_path_labels_24_to_1_start_side_pentagon_end_top_centre,86,179,0,86,179,0
4649,5,649,19497.85,87,178,-1260.27,-567.73,True,on_dome_path_labels_24_to_1_start_side_pentagon_end_top_centre,87,178,0,87,178,0
4650,5,650,19527.9,87,177,-1252.51,-544.79,True,on_dome_path_labels_24_to_1_start_side_pentagon_end_top_centre,87,177,0,87,177,0
4651,5,651,19557.94,87,176,-1244.74,-521.84,True,on_dome_path_labels_24_to_1_start_side_pentagon_end_top_centre,87,176,0,87,176,0
4652,5,652,19587.98,88,174,-1236.98,-498.9,True,on_dome_path_labels_24_to_1_start_side_pentagon_end_top_centre,88,174,0,88,174,0
4653,5,653,19618.03,88,173,-1229.22,-475.96,True,on_dome_path_labels_24_to_1_start_side_pentagon_end_top_centre,88,173,0,88,173,0
4654,5,654,19648.07,89,172,-1221.46,-453.01,True,on_dome_path_labels_24_to_1_start_side_pentagon_end_top_centre,89,172,0,89,172,0
4655,5,655,19678.11,89,171,-1213.69,-430.07,True,on_dome_path_labels_24_to_1_start_side_pentagon_end_top_centre,89,171,0,89,171,0
4656,5,656,19708.15,89,170,-1205.93,-407.12,True,on_dome_path_labels_24_to_1_start_side_pentagon_end_top_centre,89,170,0,89,170,0
4657,5,657,19738.2,90,170,-1192.77,-412.76,True,on_dome_path_labels_24_to_1_start_side_pentagon_end_top_centre,90,170,0,90,170,0
4658,5,658,19768.24,91,171,-1177.47,-429.7,True,on_dome_path_labels_24_to_1_start_side_pentagon_end_top_centre,91,171,0,91,171,0
4659,5,659,19798.28,92,172,-1162.17,-446.63,True,on_dome_path_labels_24_to_1_start_side_pentagon_end_top_centre,92,172,0,92,172,0
4660,5,660,19828.33,92,173,-1146.87,-463.56,True,on_dome_path_labels_24_to_1_start_side_pentagon_end_top_centre,92,173,0,92,173,0
4661,5,661,19858.37,93,173,-1131.58,-480.5,True,on_dome_path_labels_24_to_1_start_side_pentagon_end_top_centre,93,173,0,93,173,0
4662,5,662,19888.41,94,174,-1116.28,-497.43,True,on_dome_path_labels_24_to_1_start_side_pentagon_end_top_centre,94,174,0,94,174,0
4663,5,663,19918.45,95,175,-1100.98,-514.37,True,on_dome_path_labels_24_to_1_start_side_pentagon_end_top_centre,95,175,0,95,175,0
4664,5,664,19948.5,95,176,-1085.68,-531.3,True,on_dome_path_labels_24_to_1_start_side_pentagon_end_top_centre,95,176,0,95,176,0
4665,5,665,19978.54,96,177,-1070.38,-548.24,True,on_dome_path_labels_24_to_1_start_side_pentagon_end_top_centre,96,177,0,96,177,0
4666,5,666,20008.58,97,178,-1055.09,-565.17,True,on_dome_path_labels_24_to_1_start_side_pentagon_end_top_centre,97,178,0,97,178,0
4667,5,667,20038.63,98,179,-1039.79,-582.11,True,on_dome_path_labels_24_to_1_start_side_pentagon_end_top_centre,98,179,0,98,179,0
4668,5,668,20068.67,98,179,-1024.49,-599.04,True,on_dome_path_labels_24_to_1_start_side_pentagon_end_top_centre,98,178,1,98,178,1
4669,5,669,20098.71,99,180,-1009.19,-615.98,True,on_dome_path_labels_24_to_1_start_side_pentagon_end_top_centre,99,180,0,99,180,0
4670,5,670,20128.76,100,181,-993.9,-632.91,True,on_dome_path_labels_24_to_1_start_side_pentagon_end_top_centre,100,181,0,100,181,0
4671,5,671,20158.8,101,182,-978.6,-649.85,True,on_dome_path_labels_24_to_1_start_side_pentagon_end_top_centre,101,182,0,101,182,0
4672,5,672,20188.84,101,183,-963.3,-666.78,True,on_dome_path_labels_24_to_1_start_side_pentagon_end_top_centre,101,183,0,101,183,0
4673,5,673,20218.88,102,184,-948.0,-683.72,True,on_dome_path_labels_24_to_1_start_side_pentagon_end_top_centre,102,184,0,102,184,0
4674,5,674,20248.93,103,184,-932.7,-700.65,True,on_dome_path_labels_24_to_1_start_side_pentagon_end_top_centre,103,184,0,103,184,0
4675,5,675,20278.97,104,185,-917.41,-717.59,True,on_dome_path_labels_24_to_1_start_side_pentagon_end_top_centre,104,185,0,104,185,0
4676,5,676,20309.01,105,186,-902.11,-734.52,True,on_dome_path_labels_24_to_1_start_side_pentagon_end_top_centre,105,186,0,105,186,0
4677,5,677,20339.06,105,187,-886.81,-751.46,True,on_dome_path_labels_24_to_1_start_side_pentagon_end_top_centre,105,187,0,105,187,0
4678,5,678,20369.1,106,188,-871.51,-768.39,True,on_dome_path_labels_24_to_1_start_side_pentagon_end_top_centre,106,188,0,106,188,0
4679,5,679,20399.14,107,189,-856.21,-785.33,True,on_dome_path_labels_24_to_1_start_side_pentagon_end_top_centre,107,189,0,107,189,0
4680,5,680,20429.18,108,189,-840.92,-802.26,True,on_dome_path_labels_24_to_1_start_side_pentagon_end_top_centre,108,189,0,108,189,0
4681,5,681,20459.23,108,190,-825.62,-819.2,True,on_dome_path_labels_24_to_1_start_side_pentagon_end_top_centre,108,190,0,108,190,0
4682,5,682,20489.27,109,191,-810.32,-836.13,True,on_dome_path_labels_24_to_1_start_side_pentagon_end_top_centre,109,191,0,109,191,0
4683,5,683,20519.31,110,192,-795.02,-853.07,True,on_dome_path_labels_24_to_1_start_side_pentagon_end_top_centre,110,192,0,110,192,0
4684,5,684,20549.36,111,193,-779.73,-870.0,True,on_dome_path_labels_24_to_1_start_side_pentagon_end_top_centre,111,192,1,111,192,1
4685,5,685,20579.4,111,194,-764.43,-886.93,True,on_dome_path_labels_24_to_1_start_side_pentagon_end_top_centre,111,194,0,111,194,0
4686,5,686,20609.44,112,195,-749.13,-903.87,True,on_dome_path_labels_24_to_1_start_side_pentagon_end_top_centre,112,195,0,112,195,0
4687,5,687,20639.48,113,195,-733.83,-920.8,True,on_dome_path_labels_24_to_1_start_side_pentagon_end_top_centre,113,195,0,113,195,0
4688,5,688,20669.53,114,196,-718.53,-937.74,True,on_dome_path_labels_24_to_1_start_side_pentagon_end_top_centre,114,196,0,114,196,0
4689,5,689,20699.57,114,197,-703.24,-954.67,True,on_dome_path_labels_24_to_1_start_side_pentagon_end_top_centre,113,197,1,113,197,1
4690,5,690,20729.61,115,198,-687.94,-971.61,True,on_dome_path_labels_24_to_1_start_side_pentagon_end_top_centre,115,198,0,115,198,0
4691,5,691,20759.66,116,199,-672.64,-988.54,True,on_dome_path_labels_24_to_1_start_side_pentagon_end_top_centre,116,199,0,116,199,0
4692,5,692,20789.7,117,200,-657.34,-1005.48,True,on_dome_path_labels_24_to_1_start_side_pentagon_end_top_centre,117,200,0,117,200,0
4693,5,693,20819.74,118,200,-642.05,-1022.41,True,on_dome_path_labels_24_to_1_start_side_pentagon_end_top_centre,118,200,0,118,200,0
4694,5,694,20849.79,118,201,-626.75,-1039.35,True,on_dome_path_labels_24_to_1_start_side_pentagon_end_top_centre,118,201,0,118,201,0
4695,5,695,20879.83,119,202,-611.45,-1056.28,True,on_dome_path_labels_24_to_1_start_side_pentagon_end_top_centre,119,202,0,119,202,0
4696,5,696,20909.87,120,202,-599.83,-1059.91,True,on_dome_path_labels_24_to_1_start_side_pentagon_end_top_centre,120,202,0,120,202,0
4697,5,697,20939.91,120,201,-595.72,-1036.34,True,on_dome_path_labels_24_to_1_start_side_pentagon_end_top_centre,120,201,0,120,201,0
4698,5,698,20969.96,120,200,-591.6,-1012.78,True,on_dome_path_labels_24_to_1_start_side_pentagon_end_top_centre,120,200,0,120,200,0
4699,5,699,21000.0,120,199,-587.49,-989.21,True,on_dome_path_labels_24_to_1_start_side_pentagon_end_top_centre,120,198,1,120,198,1
4700,5,700,21030.04,120,198,-583.38,-965.64,True,on_dome_path_labels_24_to_1_start_side_pentagon_end_top_centre,120,197,1,120,197,1
4701,5,701,21060.09,121,196,-579.27,-942.07,True,on_dome_path_labels_24_to_1_start_side_pentagon_end_top_centre,121,196,0,121,196,0
4702,5,702,21090.13,121,195,-575.16,-918.51,True,on_dome_path_labels_24_to_1_start_side_pentagon_end_top_centre,121,195,0,121,195,0
4703,5,703,21120.17,121,194,-571.05,-894.94,True,on_dome_path_labels_24_to_1_start_side_pentagon_end_top_centre,121,194,0,121,194,0
4704,5,704,21150.21,121,193,-566.94,-871.37,True,on_dome_path_labels_24_to_1_start_side_pentagon_end_top_centre,121,193,0,121,193,0
4705,5,705,21180.26,121,192,-562.83,-847.81,True,on_dome_path_labels_24_to_1_start_side_pentagon_end_top_centre,121,192,0,121,192,0
4706,5,706,21210.3,122,191,-558.72,-824.24,True,on_dome_path_labels_24_to_1_start_side_pentagon_end_top_centre,122,191,0,122,191,0
4707,5,707,21240.34,122,189,-554.6,-800.67,True,on_dome_path_labels_24_to_1_start_side_pentagon_end_top_centre,122,189,0,122,189,0
4708,5,708,21270.39,122,188,-550.49,-777.1,True,on_dome_path_labels_24_to_1_start_side_pentagon_end_top_centre,122,188,0,122,188,0
4709,5,709,21300.43,122,187,-546.38,-753.54,True,on_dome_path_labels_24_to_1_start_side_pentagon_end_top_centre,122,186,1,122,186,1
4710,5,710,21330.47,122,186,-542.27,-729.97,True,on_dome_path_labels_24_to_1_start_side_pentagon_end_top_centre,122,185,1,122,185,1
4711,5,711,21360.52,123,185,-538.16,-706.4,True,on_dome_path_labels_24_to_1_start_side_pentagon_end_top_centre,123,185,0,123,185,0
4712,5,712,21390.56,123,184,-534.05,-682.84,True,on_dome_path_labels_24_to_1_start_side_pentagon_end_top_centre,123,184,0,123,184,0
4713,5,713,21420.6,123,182,-529.94,-659.27,True,on_dome_path_labels_24_to_1_start_side_pentagon_end_top_centre,123,182,0,123,182,0
4714,5,714,21450.64,123,181,-525.83,-635.7,True,on_dome_path_labels_24_to_1_start_side_pentagon_end_top_centre,123,181,0,123,181,0
4715,5,715,21480.69,124,180,-521.72,-612.13,True,on_dome_path_labels_24_to_1_start_side_pentagon_end_top_centre,124,180,0,124,180,0
4716,5,716,21510.73,124,179,-517.6,-588.57,True,on_dome_path_labels_24_to_1_start_side_pentagon_end_top_centre,124,179,0,124,179,0
4717,5,717,21540.77,124,178,-513.49,-565.0,True,on_dome_path_labels_24_to_1_start_side_pentagon_end_top_centre,124,178,0,124,178,0
4718,5,718,21570.82,124,176,-509.38,-541.43,True,on_dome_path_labels_24_to_1_start_side_pentagon_end_top_centre,124,176,0,124,176,0
4719,5,719,21600.86,124,175,-505.27,-517.87,True,on_dome_path_labels_24_to_1_start_side_pentagon_end_top_centre,124,175,0,124,175,0
4720,5,720,21630.9,125,174,-501.16,-494.3,True,on_dome_path_labels_24_to_1_start_side_pentagon_end_top_centre,125,174,0,125,174,0
4721,5,721,21660.94,125,173,-497.05,-470.73,True,on_dome_path_labels_24_to_1_start_side_pentagon_end_top_centre,125,173,0,125,173,0
4722,5,722,21690.99,125,172,-492.94,-447.17,True,on_dome_path_labels_24_to_1_start_side_pentagon_end_top_centre,125,172,0,125,172,0
4723,5,723,21721.03,125,171,-488.83,-423.6,True,on_dome_path_labels_24_to_1_start_side_pentagon_end_top_centre,125,171,0,125,171,0
4724,5,724,21751.07,125,169,-484.72,-400.03,True,on_dome_path_labels_24_to_1_start_side_pentagon_end_top_centre,125,169,0,125,169,0
4725,5,725,21781.12,126,168,-480.6,-376.46,True,on_dome_path_labels_24_to_1_start_side_pentagon_end_top_centre,126,168,0,126,168,0
4726,5,726,21811.16,126,167,-476.49,-352.9,True,on_dome_path_labels_24_to_1_start_side_pentagon_end_top_centre,126,167,0,126,167,0
4727,5,727,21841.2,126,166,-472.38,-329.33,True,on_dome_path_labels_24_to_1_start_side_pentagon_end_top_centre,126,165,1,126,165,1
4728,5,728,21871.24,126,165,-468.27,-305.76,True,on_dome_path_labels_24_to_1_start_side_pentagon_end_top_centre,126,164,1,126,164,1
4729,5,729,21901.29,126,164,-464.16,-282.2,True,on_dome_path_labels_24_to_1_start_side_pentagon_end_top_centre,126,163,1,126,163,1
4730,5,730,21931.33,127,162,-460.05,-258.63,True,on_dome_path_labels_24_to_1_start_side_pentagon_end_top_centre,127,162,0,127,162,0
4731,5,731,21961.37,127,161,-455.94,-235.06,True,on_dome_path_labels_24_to_1_start_side_pentagon_end_top_centre,127,161,0,127,161,0
4732,5,732,21991.42,127,160,-451.83,-211.49,True,on_dome_path_labels_24_to_1_start_side_pentagon_end_top_centre,127,160,0,127,160,0
4733,5,733,22021.46,127,159,-447.72,-187.93,True,on_dome_path_labels_24_to_1_start_side_pentagon_end_top_centre,127,159,0,127,159,0
4734,5,734,22051.5,127,158,-443.6,-164.36,True,on_dome_path_labels_24_to_1_start_side_pentagon_end_top_centre,127,158,0,127,158,0
4735,5,735,22081.55,128,157,-439.49,-140.79,True,on_dome_path_labels_24_to_1_start_side_pentagon_end_top_centre,128,157,0,128,157,0
4736,5,736,22111.59,127,157,-457.24,-145.36,True,on_dome_path_labels_24_to_1_start_side_pentagon_end_top_centre,127,157,0,127,157,0
4737,5,737,22141.63,126,157,-476.37,-151.7,True,on_dome_path_labels_24_to_1_start_side_pentagon_end_top_centre,126,157,0,126,157,0
4738,5,738,22171.67,125,157,-495.5,-158.04,True,on_dome_path_labels_24_to_1_start_side_pentagon_end_top_centre,125,157,0,125,157,0
4739,5,739,22201.72,124,158,-514.63,-164.39,True,on_dome_path_labels_24_to_1_start_side_pentagon_end_top_centre,124,158,0,124,158,0
4740,5,740,22231.76,123,158,-533.76,-170.73,True,on_dome_path_labels_24_to_1_start_side_pentagon_end_top_centre,123,158,0,123,158,0
4741,5,741,22261.8,122,158,-552.89,-177.07,True,on_dome_path_labels_24_to_1_start_side_pentagon_end_top_centre,122,158,0,122,158,0
4742,5,742,22291.85,121,159,-572.01,-183.42,True,on_dome_path_labels_24_to_1_start_side_pentagon_end_top_centre,121,159,0,121,159,0
4743,5,743,22321.89,120,159,-591.14,-189.76,True,on_dome_path_labels_24_to_1_start_side_pentagon_end_top_centre,120,159,0,120,159,0
4744,5,744,22351.93,119,159,-610.27,-196.1,True,on_dome_path_labels_24_to_1_start_side_pentagon_end_top_centre,119,159,0,119,159,0
4745,5,745,22381.97,118,160,-629.4,-202.44,True,on_dome_path_labels_24_to_1_start_side_pentagon_end_top_centre,118,160,0,118,160,0
4746,5,746,22412.02,117,160,-648.53,-208.79,True,on_dome_path_labels_24_to_1_start_side_pentagon_end_top_centre,117,160,0,117,160,0
4747,5,747,22442.06,116,160,-667.66,-215.13,True,on_dome_path_labels_24_to_1_start_side_pentagon_end_top_centre,116,160,0,116,160,0
4748,5,748,22472.1,115,161,-686.79,-221.47,True,on_dome_path_labels_24_to_1_start_side_pentagon_end_top_centre,115,161,0,115,161,0
4749,5,749,22502.15,114,161,-705.92,-227.82,True,on_dome_path_labels_24_to_1_start_side_pentagon_end_top_centre,114,161,0,114,161,0
4750,5,750,22532.19,113,161,-725.05,-234.16,True,on_dome_path_labels_24_to_1_start_side_pentagon_end_top_centre,113,161,0,113,161,0
4751,5,751,22562.23,112,161,-744.18,-240.5,True,on_dome_path_labels_24_to_1_start_side_pentagon_end_top_centre,112,162,1,112,162,1
4752,5,752,22592.27,111,162,-763.31,-246.85,True,on_dome_path_labels_24_to_1_start_side_pentagon_end_top_centre,111,162,0,111,162,0
4753,5,753,22622.32,111,162,-782.44,-253.19,True,on_dome_path_labels_24_to_1_start_side_pentagon_end_top_centre,110,162,1,110,162,1
4754,5,754,22652.36,110,162,-801.56,-259.53,True,on_dome_path_labels_24_to_1_start_side_pentagon_end_top_centre,109,162,1,109,162,1
4755,5,755,22682.4,109,163,-820.69,-265.88,True,on_dome_path_labels_24_to_1_start_side_pentagon_end_top_centre,109,163,0,109,163,0
4756,5,756,22712.45,108,163,-839.82,-272.22,True,on_dome_path_labels_24_to_1_start_side_pentagon_end_top_centre,108,163,0,108,163,0
4757,5,757,22742.49,107,163,-858.95,-278.56,True,on_dome_path_labels_24_to_1_start_side_pentagon_end_top_centre,107,163,0,107,163,0
4758,5,758,22772.53,106,164,-878.08,-284.91,True,on_dome_path_labels_24_to_1_start_side_pentagon_end_top_centre,106,164,0,106,164,0
4759,5,759,22802.58,105,164,-897.21,-291.25,True,on_dome_path_labels_24_to_1_start_side_pentagon_end_top_centre,105,164,0,105,164,0
4760,5,760,22832.62,104,164,-916.34,-297.59,True,on_dome_path_labels_24_to_1_start_side_pentagon_end_top_centre,104,164,0,104,164,0
4761,5,761,22862.66,103,165,-935.47,-303.94,True,on_dome_path_labels_24_to_1_start_side_pentagon_end_top_centre,103,165,0,103,165,0
4762,5,762,22892.7,102,165,-954.6,-310.28,True,on_dome_path_labels_24_to_1_start_side_pentagon_end_top_centre,102,165,0,102,165,0
4763,5,763,22922.75,101,165,-973.73,-316.62,True,on_dome_path_labels_24_to_1_start_side_pentagon_end_top_centre,101,165,0,101,165,0
4764,5,764,22952.79,100,166,-992.86,-322.97,True,on_dome_path_labels_24_to_1_start_side_pentagon_end_top_centre,100,166,0,100,166,0
4765,5,765,22982.83,99,166,-1011.98,-329.31,True,on_dome_path_labels_24_to_1_start_side_pentagon_end_top_centre,99,166,0,99,166,0
4766,5,766,23012.88,98,166,-1031.11,-335.65,True,on_dome_path_labels_24_to_1_start_side_pentagon_end_top_centre,98,166,0,98,166,0
4767,5,767,23042.92,97,167,-1050.24,-342.0,True,on_dome_path_labels_24_to_1_start_side_pentagon_end_top_centre,97,167,0,97,167,0
4768,5,768,23072.96,96,167,-1069.37,-348.34,True,on_dome_path_labels_24_to_1_start_side_pentagon_end_top_centre,96,167,0,96,167,0
4769,5,769,23103.0,95,167,-1088.5,-354.68,True,on_dome_path_labels_24_to_1_start_side_pentagon_end_top_centre,95,167,0,95,167,0
4770,5,770,23133.05,94,167,-1107.63,-361.03,True,on_dome_path_labels_24_to_1_start_side_pentagon_end_top_centre,94,167,0,94,167,0
4771,5,771,23163.09,93,168,-1126.76,-367.37,True,on_dome_path_labels_24_to_1_start_side_pentagon_end_top_centre,93,168,0,93,168,0
4772,5,772,23193.13,92,168,-1145.89,-373.71,True,on_dome_path_labels_24_to_1_start_side_pentagon_end_top_centre,92,168,0,92,168,0
4773,5,773,23223.18,91,168,-1165.02,-380.06,True,on_dome_path_labels_24_to_1_start_side_pentagon_end_top_centre,91,168,0,91,168,0
4774,5,774,23253.22,90,169,-1184.15,-386.4,True,on_dome_path_labels_24_to_1_start_side_pentagon_end_top_centre,90,169,0,90,169,0
4775,5,775,23283.26,90,168,-1191.62,-376.74,True,on_dome_path_labels_24_to_1_start_side_pentagon_end_top_centre,90,168,0,90,168,0
4776,5,776,23313.3,90,167,-1189.66,-354.12,True,on_dome_path_labels_24_to_1_start_side_pentagon_end_top_centre,90,167,0,90,167,0
4777,5,777,23343.35,90,166,-1187.7,-331.5,True,on_dome_path_labels_24_to_1_start_side_pentagon_end_top_centre,90,166,0,90,166,0
4778,5,778,23373.39,90,165,-1185.73,-308.88,True,on_dome_path_labels_24_to_1_start_side_pentagon_end_top_centre,90,165,0,90,165,0
4779,5,779,23403.43,91,164,-1183.77,-286.26,True,on_dome_path_labels_24_to_1_start_side_pentagon_end_top_centre,91,164,0,91,164,0
4780,5,780,23433.48,91,163,-1181.8,-263.63,True,on_dome_path_labels_24_to_1_start_side_pentagon_end_top_centre,91,163,0,91,163,0
4781,5,781,23463.52,91,162,-1179.84,-241.01,True,on_dome_path_labels_24_to_1_start_side_pentagon_end_top_centre,91,162,0,91,162,0
4782,5,782,23493.56,91,160,-1177.87,-218.39,True,on_dome_path_labels_24_to_1_start_side_pentagon_end_top_centre,91,160,0,91,160,0
4783,5,783,23523.61,91,159,-1175.91,-195.77,True,on_dome_path_labels_24_to_1_start_side_pentagon_end_top_centre,91,159,0,91,159,0
4784,5,784,23553.65,91,158,-1173.95,-173.15,True,on_dome_path_labels_24_to_1_start_side_pentagon_end_top_centre,91,158,0,91,158,0
4785,5,785,23583.69,91,157,-1171.98,-150.53,True,on_dome_path_labels_24_to_1_start_side_pentagon_end_top_centre,91,157,0,91,157,0
4786,5,786,23613.73,91,156,-1170.02,-127.9,True,on_dome_path_labels_24_to_1_start_side_pentagon_end_top_centre,91,156,0,91,156,0
4787,5,787,23643.78,91,155,-1168.05,-105.28,True,on_dome_path_labels_24_to_1_start_side_pentagon_end_top_centre,91,155,0,91,155,0
4788,5,788,23673.82,91,154,-1166.09,-82.66,True,on_dome_path_labels_24_to_1_start_side_pentagon_end_top_centre,91,154,0,91,154,0
4789,5,789,23703.86,91,152,-1164.12,-60.04,True,on_dome_path_labels_24_to_1_start_side_pentagon_end_top_centre,91,152,0,91,152,0
4790,5,790,23733.91,92,151,-1162.16,-37.42,True,on_dome_path_labels_24_to_1_start_side_pentagon_end_top_centre,92,151,0,92,151,0
4791,5,791,23763.95,92,150,-1160.2,-14.8,True,on_dome_path_labels_24_to_1_start_side_pentagon_end_top_centre,92,150,0,92,150,0
4792,5,792,23793.99,92,149,-1158.23,7.83,True,on_dome_path_labels_24_to_1_start_side_pentagon_end_top_centre,92,149,0,92,149,0
4793,5,793,23824.03,92,148,-1156.27,30.45,True,on_dome_path_labels_24_to_1_start_side_pentagon_end_top_centre,92,148,0,92,148,0
4794,5,794,23854.08,92,147,-1154.3,53.07,True,on_dome_path_labels_24_to_1_start_side_pentagon_end_top_centre,92,147,0,92,147,0
4795,5,795,23884.12,92,146,-1152.34,75.69,True,on_dome_path_labels_24_to_1_start_side_pentagon_end_top_centre,92,146,0,92,146,0
4796,5,796,23914.16,92,145,-1150.37,98.31,True,on_dome_path_labels_24_to_1_start_side_pentagon_end_top_centre,92,145,0,92,145,0
4797,5,797,23944.21,92,143,-1148.41,120.93,True,on_dome_path_labels_24_to_1_start_side_pentagon_end_top_centre,92,143,0,92,143,0
4798,5,798,23974.25,92,142,-1146.45,143.56,True,on_dome_path_labels_24_to_1_start_side_pentagon_end_top_centre,92,142,0,92,142,0
4799,5,799,24004.29,92,141,-1144.48,166.18,True,on_dome_path_labels_24_to_1_start_side_pentagon_end_top_centre,92,141,0,92,141,0
4800,5,800,24034.33,93,140,-1142.52,188.8,True,on_dome_path_labels_24_to_1_start_side_pentagon_end_top_centre,93,140,0,93,140,0
4801,5,801,24064.38,93,139,-1140.55,211.42,True,on_dome_path_labels_24_to_1_start_side_pentagon_end_top_centre,93,139,0,93,139,0
4802,5,802,24094.42,93,138,-1138.59,234.04,True,on_dome_path_labels_24_to_1_start_side_pentagon_end_top_centre,93,138,0,93,138,0
4803,5,803,24124.46,93,137,-1136.62,256.66,True,on_dome_path_labels_24_to_1_start_side_pentagon_end_top_centre,93,137,0,93,137,0
4804,5,804,24154.51,93,136,-1134.66,279.29,True,on_dome_path_labels_24_to_1_start_side_pentagon_end_top_centre,93,136,0,93,136,0
4805,5,805,24184.55,93,134,-1132.7,301.91,True,on_dome_path_labels_24_to_1_start_side_pentagon_end_top_centre,93,134,0,93,134,0
4806,5,806,24214.59,93,133,-1130.73,324.53,True,on_dome_path_labels_24_to_1_start_side_pentagon_end_top_centre,93,133,0,93,133,0
4807,5,807,24244.64,93,132,-1128.77,347.15,True,on_dome_path_labels_24_to_1_start_side_pentagon_end_top_centre,92,132,1,92,132,1
4808,5,808,24274.68,93,131,-1126.8,369.77,True,on_dome_path_labels_24_to_1_start_side_pentagon_end_top_centre,93,130,1,93,130,1
4809,5,809,24304.72,93,130,-1124.84,392.4,True,on_dome_path_labels_24_to_1_start_side_pentagon_end_top_centre,93,129,1,93,129,1
4810,5,810,24334.76,94,129,-1122.87,415.02,True,on_dome_path_labels_24_to_1_start_side_pentagon_end_top_centre,94,129,0,94,129,0
4811,5,811,24364.81,94,128,-1120.91,437.64,True,on_dome_path_labels_24_to_1_start_side_pentagon_end_top_centre,94,128,0,94,128,0
4812,5,812,24394.85,94,127,-1118.95,460.26,True,on_dome_path_labels_24_to_1_start_side_pentagon_end_top_centre,94,127,0,94,127,0
4813,5,813,24424.89,94,125,-1116.98,482.88,True,on_dome_path_labels_24_to_1_start_side_pentagon_end_top_centre,94,125,0,94,125,0
4814,5,814,24454.94,94,125,-1112.54,499.17,True,on_dome_path_labels_24_to_1_start_side_pentagon_end_top_centre,94,124,1,94,124,1
4815,5,815,24484.98,95,125,-1095.49,483.23,True,on_dome_path_labels_24_to_1_start_side_pentagon_end_top_centre,95,125,0,95,125,0
4816,5,816,24515.02,96,126,-1078.45,467.29,True,on_dome_path_labels_24_to_1_start_side_pentagon_end_top_centre,96,125,1,96,125,1
4817,5,817,24545.06,97,127,-1061.4,451.35,True,on_dome_path_labels_24_to_1_start_side_pentagon_end_top_centre,97,127,0,97,127,0
4818,5,818,24575.11,97,128,-1044.36,435.41,True,on_dome_path_labels_24_to_1_start_side_pentagon_end_top_centre,97,128,0,97,128,0
4819,5,819,24605.15,98,129,-1027.31,419.47,True,on_dome_path_labels_24_to_1_start_side_pentagon_end_top_centre,98,129,0,98,129,0
4820,5,820,24635.19,99,129,-1010.27,403.53,True,on_dome_path_labels_24_to_1_start_side_pentagon_end_top_centre,99,129,0,99,129,0
4821,5,821,24665.24,100,130,-993.22,387.6,True,on_dome_path_labels_24_to_1_start_side_pentagon_end_top_centre,100,130,0,100,130,0
4822,5,822,24695.28,101,131,-976.18,371.66,True,on_dome_path_labels_24_to_1_start_side_pentagon_end_top_centre,101,131,0,101,131,0
4823,5,823,24725.32,102,132,-959.13,355.72,True,on_dome_path_labels_24_to_1_start_side_pentagon_end_top_centre,102,132,0,102,132,0
4824,5,824,24755.36,103,133,-942.08,339.78,True,on_dome_path_labels_24_to_1_start_side_pentagon_end_top_centre,103,133,0,103,133,0
4825,5,825,24785.41,103,133,-925.04,323.84,True,on_dome_path_labels_24_to_1_start_side_pentagon_end_top_centre,103,132,1,103,132,1
4826,5,826,24815.45,104,134,-907.99,307.9,True,on_dome_path_labels_24_to_1_start_side_pentagon_end_top_centre,104,134,0,104,134,0
4827,5,827,24845.49,105,135,-890.95,291.96,True,on_dome_path_labels_24_to_1_start_side_pentagon_end_top_centre,105,134,1,105,134,1
4828,5,828,24875.54,106,136,-873.9,276.02,True,on_dome_path_labels_24_to_1_start_side_pentagon_end_top_centre,106,136,0,106,136,0
4829,5,829,24905.58,107,137,-856.86,260.08,True,on_dome_path_labels_24_to_1_start_side_pentagon_end_top_centre,107,137,0,107,137,0
4830,5,830,24935.62,108,137,-839.81,244.14,True,on_dome_path_labels_24_to_1_start_side_pentagon_end_top_centre,108,137,0,108,137,0
4831,5,831,24965.67,108,138,-822.77,228.21,True,on_dome_path_labels_24_to_1_start_side_pentagon_end_top_centre,108,138,0,108,138,0
4832,5,832,24995.71,109,139,-805.72,212.27,True,on_dome_path_labels_24_to_1_start_side_pentagon_end_top_centre,109,139,0,109,139,0
4833,5,833,25025.75,110,140,-788.67,196.33,True,on_dome_path_labels_24_to_1_start_side_pentagon_end_top_centre,110,140,0,110,140,0
4834,5,834,25055.79,111,141,-771.63,180.39,True,on_dome_path_labels_24_to_1_start_side_pentagon_end_top_centre,111,141,0,111,141,0
4835,5,835,25085.84,112,141,-754.58,164.45,True,on_dome_path_labels_24_to_1_start_side_pentagon_end_top_centre,112,141,0,112,141,0
4836,5,836,25115.88,113,142,-737.54,148.51,True,on_dome_path_labels_24_to_1_start_side_pentagon_end_top_centre,113,142,0,113,142,0
4837,5,837,25145.92,114,143,-720.49,132.57,True,on_dome_path_labels_24_to_1_start_side_pentagon_end_top_centre,114,143,0,114,143,0
4838,5,838,25175.97,114,144,-703.45,116.63,True,on_dome_path_labels_24_to_1_start_side_pentagon_end_top_centre,114,144,0,114,144,0
4839,5,839,25206.01,115,144,-686.4,100.69,True,on_dome_path_labels_24_to_1_start_side_pentagon_end_top_centre,115,144,0,115,144,0
4840,5,840,25236.05,116,145,-669.36,84.75,True,on_dome_path_labels_24_to_1_start_side_pentagon_end_top_centre,116,145,0,116,145,0
4841,5,841,25266.09,117,146,-652.31,68.82,True,on_dome_path_labels_24_to_1_start_side_pentagon_end_top_centre,117,146,0,117,146,0
4842,5,842,25296.14,118,147,-635.27,52.88,True,on_dome_path_labels_24_to_1_start_side_pentagon_end_top_centre,118,147,0,118,147,0
4843,5,843,25326.18,119,148,-618.22,36.94,True,on_dome_path_labels_24_to_1_start_side_pentagon_end_top_centre,119,148,0,119,148,0
4844,5,844,25356.22,120,148,-601.17,21.0,True,on_dome_path_labels_24_to_1_start_side_pentagon_end_top_centre,120,148,0,120,148,0
4845,5,845,25386.27,120,149,-584.13,5.06,True,on_dome_path_labels_24_to_1_start_side_pentagon_end_top_centre,120,149,0,120,149,0
4846,5,846,25416.31,121,150,-567.08,-10.88,True,on_dome_path_labels_24_to_1_start_side_pentagon_end_top_centre,121,150,0,121,150,0
4847,5,847,25446.35,122,151,-550.04,-26.82,True,on_dome_path_labels_24_to_1_start_side_pentagon_end_top_centre,122,151,0,122,151,0
4848,5,848,25476.39,123,152,-532.99,-42.76,True,on_dome_path_labels_24_to_1_start_side_pentagon_end_top_centre,123,152,0,123,152,0
4849,5,849,25506.44,124,152,-515.95,-58.7,True,on_dome_path_labels_24_to_1_start_side_pentagon_end_top_centre,124,152,0,124,152,0
4850,5,850,25536.48,125,153,-498.9,-74.64,True,on_dome_path_labels_24_to_1_start_side_pentagon_end_top_centre,125,153,0,125,153,0
4851,5,851,25566.52,125,154,-481.86,-90.57,True,on_dome_path_labels_24_to_1_start_side_pentagon_end_top_centre,125,154,0,125,154,0
4852,5,852,25596.57,126,155,-464.81,-106.51,True,on_dome_path_labels_24_to_1_start_side_pentagon_end_top_centre,126,155,0,126,155,0
4853,5,853,25626.61,127,156,-447.76,-122.45,True,on_dome_path_labels_24_to_1_start_side_pentagon_end_top_centre,127,155,1,127,155,1
4854,5,854,25656.65,127,155,-444.25,-109.99,True,on_dome_path_labels_24_to_1_start_side_pentagon_end_top_centre,127,154,1,127,154,1
4855,5,855,25686.7,127,154,-444.65,-89.34,True,on_dome_path_labels_24_to_1_start_side_pentagon_end_top_centre,127,153,1,127,153,1
4856,5,856,25716.74,127,153,-445.04,-68.69,True,on_dome_path_labels_24_to_1_start_side_pentagon_end_top_centre,127,152,1,127,152,1
4857,5,857,25746.78,127,152,-445.43,-48.05,True,on_dome_path_labels_24_to_1_start_side_pentagon_end_top_centre,127,151,1,127,151,1
4858,5,858,25776.82,127,151,-445.83,-27.4,True,on_dome_path_labels_24_to_1_start_side_pentagon_end_top_centre,127,150,1,127,150,1
4859,5,859,25806.87,127,150,-446.22,-6.75,True,on_dome_path_labels_24_to_1_start_side_pentagon_end_top_centre,127,149,1,127,149,1
4860,5,860,25836.91,127,149,-446.61,13.9,True,on_dome_path_labels_24_to_1_start_side_pentagon_end_top_centre,127,148,1,127,148,1
4861,5,861,25866.95,127,148,-447.01,34.55,True,on_dome_path_labels_24_to_1_start_side_pentagon_end_top_centre,127,147,1,127,147,1
4862,5,862,25897.0,127,147,-447.4,55.2,True,on_dome_path_labels_24_to_1_start_side_pentagon_end_top_centre,127,146,1,127,146,1
4863,5,863,25927.04,127,146,-447.8,75.85,True,on_dome_path_labels_24_to_1_start_side_pentagon_end_top_centre,127,145,1,127,145,1
4864,5,864,25957.08,127,145,-448.19,96.49,True,on_dome_path_labels_24_to_1_start_side_pentagon_end_top_centre,127,144,1,127,144,1
4865,5,865,25987.12,127,144,-448.58,117.14,True,on_dome_path_labels_24_to_1_start_side_pentagon_end_top_centre,127,143,1,127,143,1
4866,5,866,26017.17,127,143,-448.98,137.79,True,on_dome_path_labels_24_to_1_start_side_pentagon_end_top_centre,127,142,1,127,142,1
4867,5,867,26047.21,127,142,-449.37,158.44,True,on_dome_path_labels_24_to_1_start_side_pentagon_end_top_centre,127,141,1,127,141,1
4868,5,868,26077.25,127,141,-449.76,179.09,True,on_dome_path_labels_24_to_1_start_side_pentagon_end_top_centre,127,140,1,127,140,1
4869,5,869,26107.3,127,140,-450.16,199.74,True,on_dome_path_labels_24_to_1_start_side_pentagon_end_top_centre,127,139,1,127,139,1
4870,5,870,26137.34,127,139,-450.55,220.39,True,on_dome_path_labels_24_to_1_start_side_pentagon_end_top_centre,127,138,1,127,138,1
4871,5,871,26167.38,127,137,-450.94,241.03,True,on_dome_path_labels_24_to_1_start_side_pentagon_end_top_centre,127,137,0,127,137,0
4872,5,872,26197.42,127,136,-451.34,261.68,True,on_dome_path_labels_24_to_1_start_side_pentagon_end_top_centre,127,136,0,127,136,0
4873,5,873,26227.47,127,135,-451.73,282.33,True,on_dome_path_labels_24_to_1_start_side_pentagon_end_top_centre,127,135,0,127,135,0
4874,5,874,26257.51,127,134,-452.12,302.98,True,on_dome_path_labels_24_to_1_start_side_pentagon_end_top_centre,127,134,0,127,134,0
4875,5,875,26287.55,127,133,-452.52,323.63,True,on_dome_path_labels_24_to_1_start_side_pentagon_end_top_centre,127,133,0,127,133,0
4876,5,876,26317.6,127,132,-452.91,344.28,True,on_dome_path_labels_24_to_1_start_side_pentagon_end_top_centre,127,131,1,127,131,1
4877,5,877,26347.64,127,131,-453.3,364.93,True,on_dome_path_labels_24_to_1_start_side_pentagon_end_top_centre,127,130,1,127,130,1
4878,5,878,26377.68,127,130,-453.7,385.58,True,on_dome_path_labels_24_to_1_start_side_pentagon_end_top_centre,127,129,1,127,129,1
4879,5,879,26407.73,127,129,-454.09,406.22,True,on_dome_path_labels_24_to_1_start_side_pentagon_end_top_centre,127,128,1,127,128,1
4880,5,880,26437.77,127,128,-454.48,426.87,True,on_dome_path_labels_24_to_1_start_side_pentagon_end_top_centre,127,127,1,127,127,1
4881,5,881,26467.81,127,127,-454.88,447.52,True,on_dome_path_labels_24_to_1_start_side_pentagon_end_top_centre,127,126,1,127,126,1
4882,5,882,26497.85,127,126,-455.27,468.17,True,on_dome_path_labels_24_to_1_start_side_pentagon_end_top_centre,127,125,1,127,125,1
4883,5,883,26527.9,127,125,-455.66,488.82,True,on_dome_path_labels_24_to_1_start_side_pentagon_end_top_centre,127,124,1,127,124,1
4884,5,884,26557.94,127,124,-456.06,509.47,True,on_dome_path_labels_24_to_1_start_side_pentagon_end_top_centre,127,123,1,127,123,1
4885,5,885,26587.98,127,123,-456.45,530.12,True,on_dome_path_labels_24_to_1_start_side_pentagon_end_top_centre,127,122,1,127,122,1
4886,5,886,26618.03,127,122,-456.84,550.76,True,on_dome_path_labels_24_to_1_start_side_pentagon_end_top_centre,127,121,1,127,121,1
4887,5,887,26648.07,127,121,-457.24,571.41,True,on_dome_path_labels_24_to_1_start_side_pentagon_end_top_centre,127,120,1,127,120,1
4888,5,888,26678.11,127,120,-457.63,592.06,True,on_dome_path_labels_24_to_1_start_side_pentagon_end_top_centre,126,120,1,126,120,1
4889,5,889,26708.15,127,119,-458.02,612.71,True,on_dome_path_labels_24_to_1_start_side_pentagon_end_top_centre,126,119,1,126,119,1
4890,5,890,26738.2,127,118,-458.42,633.36,True,on_dome_path_labels_24_to_1_start_side_pentagon_end_top_centre,127,117,1,127,117,1
4891,5,891,26768.24,127,117,-458.81,654.01,True,on_dome_path_labels_24_to_1_start_side_pentagon_end_top_centre,127,116,1,127,116,1
4892,5,892,26798.28,127,116,-459.2,674.66,True,on_dome_path_labels_24_to_1_start_side_pentagon_end_top_centre,127,115,1,127,115,1
4893,5,893,26828.33,127,116,-454.92,680.52,True,on_dome_path_labels_24_to_1_start_side_pentagon_end_top_centre,126,116,1,126,116,1
4894,5,894,26858.37,127,116,-443.25,663.07,True,on_dome_path_labels_24_to_1_start_side_pentagon_end_top_centre,128,116,1,128,116,1
4895,5,895,26888.41,128,117,-431.59,645.62,True,on_dome_path_labels_24_to_1_start_side_pentagon_end_top_centre,128,117,0,128,117,0
4896,5,896,26918.45,129,118,-419.92,628.17,True,on_dome_path_labels_24_to_1_start_side_pentagon_end_top_centre,129,118,0,129,118,0
4897,5,897,26948.5,129,119,-408.26,610.72,True,on_dome_path_labels_24_to_1_start_side_pentagon_end_top_centre,129,119,0,129,119,0
4898,5,898,26978.54,130,120,-396.59,593.27,True,on_dome_path_labels_24_to_1_start_side_pentagon_end_top_centre,130,120,0,130,120,0
4899,5,899,27008.58,130,121,-384.93,575.82,True,on_dome_path_labels_24_to_1_start_side_pentagon_end_top_centre,130,121,0,130,121,0
4900,5,900,27038.63,131,122,-373.27,558.37,True,on_dome_path_labels_24_to_1_start_side_pentagon_end_top_centre,131,122,0,131,122,0
4901,5,901,27068.67,131,123,-361.6,540.93,True,on_dome_path_labels_24_to_1_start_side_pentagon_end_top_centre,132,123,1,132,123,1
4902,5,902,27098.71,132,123,-349.94,523.48,True,on_dome_path_labels_24_to_1_start_side_pentagon_end_top_centre,132,122,1,132,122,1
4903,5,903,27128.76,133,124,-338.27,506.03,True,on_dome_path_labels_24_to_1_start_side_pentagon_end_top_centre,133,124,0,133,124,0
4904,5,904,27158.8,133,125,-326.61,488.58,True,on_dome_path_labels_24_to_1_start_side_pentagon_end_top_centre,133,125,0,133,125,0
4905,5,905,27188.84,134,126,-314.94,471.13,True,on_dome_path_labels_24_to_1_start_side_pentagon_end_top_centre,134,126,0,134,126,0
4906,5,906,27218.88,134,127,-303.28,453.68,True,on_dome_path_labels_24_to_1_start_side_pentagon_end_top_centre,135,127,1,135,127,1
4907,5,907,27248.93,135,128,-291.61,436.23,True,on_dome_path_labels_24_to_1_start_side_pentagon_end_top_centre,135,128,0,135,128,0
4908,5,908,27278.97,136,129,-279.95,418.78,True,on_dome_path_labels_24_to_1_start_side_pentagon_end_top_centre,136,129,0,136,129,0
4909,5,909,27309.01,136,130,-268.28,401.33,True,on_dome_path_labels_24_to_1_start_side_pentagon_end_top_centre,135,130,1,135,130,1
4910,5,910,27339.06,137,130,-256.62,383.88,True,on_dome_path_labels_24_to_1_start_side_pentagon_end_top_centre,137,131,1,137,131,1
4911,5,911,27369.1,137,131,-244.96,366.43,True,on_dome_path_labels_24_to_1_start_side_pentagon_end_top_centre,138,131,1,138,131,1
4912,5,912,27399.14,138,132,-233.29,348.98,True,on_dome_path_labels_24_to_1_start_side_pentagon_end_top_centre,138,132,0,138,132,0
4913,5,913,27429.18,138,133,-221.63,331.53,True,on_dome_path_labels_24_to_1_start_side_pentagon_end_top_centre,138,133,0,138,133,0
4914,5,914,27459.23,139,134,-209.96,314.09,True,on_dome_path_labels_24_to_1_start_side_pentagon_end_top_centre,139,134,0,139,134,0
4915,5,915,27489.27,140,135,-198.3,296.64,True,on_dome_path_labels_24_to_1_start_side_pentagon_end_top_centre,140,135,0,140,135,0
4916,5,916,27519.31,140,136,-186.63,279.19,True,on_dome_path_labels_24_to_1_start_side_pentagon_end_top_centre,140,136,0,140,136,0
4917,5,917,27549.36,141,136,-174.97,261.74,True,on_dome_path_labels_24_to_1_start_side_pentagon_end_top_centre,141,136,0,141,136,0
4918,5,918,27579.4,141,137,-163.3,244.29,True,on_dome_path_labels_24_to_1_start_side_pentagon_end_top_centre,141,137,0,141,137,0
4919,5,919,27609.44,142,138,-151.64,226.84,True,on_dome_path_labels_24_to_1_start_side_pentagon_end_top_centre,142,138,0,142,138,0
4920,5,920,27639.48,143,139,-139.97,209.39,True,on_dome_path_labels_24_to_1_start_side_pentagon_end_top_centre,143,139,0,143,139,0
4921,5,921,27669.53,143,140,-128.31,191.94,True,on_dome_path_labels_24_to_1_start_side_pentagon_end_top_centre,143,140,0,143,140,0
4922,5,922,27699.57,144,141,-116.65,174.49,True,on_dome_path_labels_24_to_1_start_side_pentagon_end_top_centre,144,141,0,144,141,0
4923,5,923,27729.61,144,142,-104.98,157.04,True,on_dome_path_labels_24_to_1_start_side_pentagon_end_top_centre,144,142,0,143,141,1
4924,5,924,27759.66,145,143,-93.32,139.59,True,on_dome_path_labels_24_to_1_start_side_pentagon_end_top_centre,145,143,0,145,141,2
4925,5,925,27789.7,145,143,-81.65,122.14,True,on_dome_path_labels_24_to_1_start_side_pentagon_end_top_centre,145,142,1,146,141,2
4926,5,926,27819.74,146,144,-69.99,104.7,True,on_dome_path_labels_24_to_1_start_side_pentagon_end_top_centre,146,144,0,147,141,3
4927,5,927,27849.79,147,145,-58.32,87.25,True,on_dome_path_labels_24_to_1_start_side_pentagon_end_top_centre,147,145,0,147,140,5
4928,5,928,27879.83,147,146,-46.66,69.8,True,on_dome_path_labels_24_to_1_start_side_pentagon_end_top_centre,147,146,0,142,141,5
4929,5,929,27909.87,148,147,-34.99,52.35,True,on_dome_path_labels_24_to_1_start_side_pentagon_end_top_centre,148,147,0,153,141,6
4930,5,930,27939.91,148,148,-23.33,34.9,True,on_dome_path_labels_24_to_1_start_side_pentagon_end_top_centre,148,148,0,141,147,7
4931,5,931,27969.96,149,149,-11.66,17.45,True,on_dome_path_labels_24_to_1_start_side_pentagon_end_top_centre,149,148,1,141,146,8
4932,5,932,28000.0,150,150,0.0,0.0,True,on_dome_path_labels_24_to_1_start_side_pentagon_end_top_centre,151,151,1,152,159,9
4933,5,933,28000.0,150,150,0.0,0.0,False,tail_hangs_down_from_top_centre_raw_xy_overlap,,,,159,147,9
4934,5,934,28030.0,150,150,0.0,0.0,False,tail_hangs_down_from_top_centre_raw_xy_overlap,,,,141,153,9
4935,5,935,28060.0,150,150,0.0,0.0,False,tail_hangs_down_from_top_centre_raw_xy_overlap,,,,147,159,9
4936,5,936,28090.0,150,150,0.0,0.0,False,tail_hangs_down_from_top_centre_raw_xy_overlap,,,,153,159,9
4937,5,937,28120.0,150,150,0.0,0.0,False,tail_hangs_down_from_top_centre_raw_xy_overlap,,,,154,141,9
4938,5,938,28150.0,150,150,0.0,0.0,False,tail_hangs_down_from_top_centre_raw_xy_overlap,,,,159,146,9
4939,5,939,28180.0,150,150,0.0,0.0,False,tail_hangs_down_from_top_centre_raw_xy_overlap,,,,141,154,9
4940,5,940,28210.0,150,150,0.0,0.0,False,tail_hangs_down_from_top_centre_raw_xy_overlap,,,,159,154,9
4941,5,941,28240.0,150,150,0.0,0.0,False,tail_hangs_down_from_top_centre_raw_xy_overlap,,,,146,159,9
4942,5,942,28270.0,150,150,0.0,0.0,False,tail_hangs_down_from_top_centre_raw_xy_overlap,,,,154,159,9
4943,5,943,28300.0,150,150,0.0,0.0,False,tail_hangs_down_from_top_centre_raw_xy_overlap,,,,155,141,9
4944,5,944,28330.0,150,150,0.0,0.0,False,tail_hangs_down_from_top_centre_raw_xy_overlap,,,,141,145,9
4945,5,945,28360.0,150,150,0.0,0.0,False,tail_hangs_down_from_top_centre_raw_xy_overlap,,,,159,145,9
4946,5,946,28390.0,150,150,0.0,0.0,False,tail_hangs_down_from_top_centre_raw_xy_overlap,,,,141,155,9
4947,5,947,28420.0,150,150,0.0,0.0,False,tail_hangs_down_from_top_centre_raw_xy_overlap,,,,159,155,9
4948,5,948,28450.0,150,150,0.0,0.0,False,tail_hangs_down_from_top_centre_raw_xy_overlap,,,,145,159,9
4949,5,949,28480.0,150,150,0.0,0.0,False,tail_hangs_down_from_top_centre_raw_xy_overlap,,,,155,159,9
4950,5,950,28510.0,150,150,0.0,0.0,False,tail_hangs_down_from_top_centre_raw_xy_overlap,,,,141,144,9
4951,5,951,28540.0,150,150,0.0,0.0,False,tail_hangs_down_from_top_centre_raw_xy_overlap,,,,159,144,9
4952,5,952,28570.0,150,150,0.0,0.0,False,tail_hangs_down_from_top_centre_raw_xy_overlap,,,,141,156,9
4953,5,953,28600.0,150,150,0.0,0.0,False,tail_hangs_down_from_top_centre_raw_xy_overlap,,,,159,156,9
4954,5,954,28630.0,150,150,0.0,0.0,False,tail_hangs_down_from_top_centre_raw_xy_overlap,,,,144,159,9
4955,5,955,28660.0,150,150,0.0,0.0,False,tail_hangs_down_from_top_centre_raw_xy_overlap,,,,156,159,9
4956,5,956,28690.0,150,150,0.0,0.0,False,tail_hangs_down_from_top_centre_raw_xy_overlap,,,,157,141,9
4957,5,957,28720.0,150,150,0.0,0.0,False,tail_hangs_down_from_top_centre_raw_xy_overlap,,,,141,143,9
4958,5,958,28750.0,150,150,0.0,0.0,False,tail_hangs_down_from_top_centre_raw_xy_overlap,,,,159,143,9
4959,5,959,28780.0,150,150,0.0,0.0,False,tail_hangs_down_from_top_centre_raw_xy_overlap,,,,141,157,9
4960,5,960,28810.0,150,150,0.0,0.0,False,tail_hangs_down_from_top_centre_raw_xy_overlap,,,,159,157,9
4961,5,961,28840.0,150,150,0.0,0.0,False,tail_hangs_down_from_top_centre_raw_xy_overlap,,,,143,159,9
4962,5,962,28870.0,150,150,0.0,0.0,False,tail_hangs_down_from_top_centre_raw_xy_overlap,,,,157,159,9
4963,5,963,28900.0,150,150,0.0,0.0,False,tail_hangs_down_from_top_centre_raw_xy_overlap,,,,158,141,9
4964,5,964,28930.0,150,150,0.0,0.0,False,tail_hangs_down_from_top_centre_raw_xy_overlap,,,,141,142,9
4965,5,965,28960.0,150,150,0.0,0.0,False,tail_hangs_down_from_top_centre_raw_xy_overlap,,,,159,142,9
4966,5,966,28990.0,150,150,0.0,0.0,False,tail_hangs_down_from_top_centre_raw_xy_overlap,,,,141,158,9
4967,5,967,29020.0,150,150,0.0,0.0,False,tail_hangs_down_from_top_centre_raw_xy_overlap,,,,159,158,9
4968,5,968,29050.0,150,150,0.0,0.0,False,tail_hangs_down_from_top_centre_raw_xy_overlap,,,,142,159,9
4969,5,969,29080.0,150,150,0.0,0.0,False,tail_hangs_down_from_top_centre_raw_xy_overlap,,,,158,159,9
4970,5,970,29110.0,150,150,0.0,0.0,False,tail_hangs_down_from_top_centre_raw_xy_overlap,,,,141,141,9
4971,5,971,29140.0,150,150,0.0,0.0,False,tail_hangs_down_from_top_centre_raw_xy_overlap,,,,159,141,9
4972,5,972,29170.0,150,150,0.0,0.0,False,tail_hangs_down_from_top_centre_raw_xy_overlap,,,,141,159,9
4973,5,973,29200.0,150,150,0.0,0.0,False,tail_hangs_down_from_top_centre_raw_xy_overlap,,,,159,159,9
4974,5,974,29230.0,150,150,0.0,0.0,False,tail_hangs_down_from_top_centre_raw_xy_overlap,,,,150,140,10
4975,5,975,29260.0,150,150,0.0,0.0,False,tail_hangs_down_from_top_centre_raw_xy_overlap,,,,140,150,10
4976,5,976,29290.0,150,150,0.0,0.0,False,tail_hangs_down_from_top_centre_raw_xy_overlap,,,,160,150,10
4977,5,977,29320.0,150,150,0.0,0.0,False,tail_hangs_down_from_top_centre_raw_xy_overlap,,,,150,160,10
4978,5,978,29350.0,150,150,0.0,0.0,False,tail_hangs_down_from_top_centre_raw_xy_overlap,,,,149,140,10
4979,5,979,29380.0,150,150,0.0,0.0,False,tail_hangs_down_from_top_centre_raw_xy_overlap,,,,151,140,10
4980,5,980,29410.0,150,150,0.0,0.0,False,tail_hangs_down_from_top_centre_raw_xy_overlap,,,,140,149,10
4981,5,981,29440.0,150,150,0.0,0.0,False,tail_hangs_down_from_top_centre_raw_xy_overlap,,,,160,149,10
4982,5,982,29470.0,150,150,0.0,0.0,False,tail_hangs_down_from_top_centre_raw_xy_overlap,,,,140,151,10
4983,5,983,29500.0,150,150,0.0,0.0,False,tail_hangs_down_from_top_centre_raw_xy_overlap,,,,160,151,10
4984,5,984,29530.0,150,150,0.0,0.0,False,tail_hangs_down_from_top_centre_raw_xy_overlap,,,,151,160,10
4985,5,985,29560.0,150,150,0.0,0.0,False,tail_hangs_down_from_top_centre_raw_xy_overlap,,,,148,140,10
4986,5,986,29590.0,150,150,0.0,0.0,False,tail_hangs_down_from_top_centre_raw_xy_overlap,,,,152,140,10
4987,5,987,29620.0,150,150,0.0,0.0,False,tail_hangs_down_from_top_centre_raw_xy_overlap,,,,140,148,10
4988,5,988,29650.0,150,150,0.0,0.0,False,tail_hangs_down_from_top_centre_raw_xy_overlap,,,,160,148,10
4989,5,989,29680.0,150,150,0.0,0.0,False,tail_hangs_down_from_top_centre_raw_xy_overlap,,,,160,152,10
4990,5,990,29710.0,150,150,0.0,0.0,False,tail_hangs_down_from_top_centre_raw_xy_overlap,,,,148,160,10
4991,5,991,29740.0,150,150,0.0,0.0,False,tail_hangs_down_from_top_centre_raw_xy_overlap,,,,152,160,10
4992,5,992,29770.0,150,150,0.0,0.0,False,tail_hangs_down_from_top_centre_raw_xy_overlap,,,,153,140,10
4993,5,993,29800.0,150,150,0.0,0.0,False,tail_hangs_down_from_top_centre_raw_xy_overlap,,,,140,147,10
4994,5,994,29830.0,150,150,0.0,0.0,False,tail_hangs_down_from_top_centre_raw_xy_overlap,,,,160,147,10
4995,5,995,29860.0,150,150,0.0,0.0,False,tail_hangs_down_from_top_centre_raw_xy_overlap,,,,140,153,10
4996,5,996,29890.0,150,150,0.0,0.0,False,tail_hangs_down_from_top_centre_raw_xy_overlap,,,,147,160,10
4997,5,997,29920.0,150,150,0.0,0.0,False,tail_hangs_down_from_top_centre_raw_xy_overlap,,,,153,160,10
4998,5,998,29950.0,150,150,0.0,0.0,False,tail_hangs_down_from_top_centre_raw_xy_overlap,,,,146,140,10
4999,5,999,29980.0,150,150,0.0,0.0,False,tail_hangs_down_from_top_centre_raw_xy_overlap,,,,154,140,10
